Sender ID,Msg ID (dec),Msg ID (hex),Msg Name,Msg Length [B],TOW [s],Data
9297,258,0x0102,GPS TIME,19,391161.600,Wk: 2293 | TOW ns: 19 | GNSS
9297,259,0x0103,UTC TIME,24,391161.600,2023-12-21 12:39:03.600 (GNSS) | UTC Offset: Decoded
9297,522,0x020A,POS LLA,42,391161.600,RTK Fixed | Lat: 45.5010913 deg | Lon: 9.1560061 deg | Alt: 173.153 m | Used SVs: 15
9297,526,0x020E,VEL NED,30,391161.600,Comp. Doppler | COG: 204.44 deg | SOG: 0.02 m/s | Horiz Vel: 0.01 m/s | Vert Vel: -0.01 m/s | EHVE: 0.09 m/s | EVVE: 0.09 m/s
9297,520,0x0208,DOPS,23,391161.600,HDOP: 0.8 | PDOP: 1.6
9297,524,0x020C,BASELINE NED,30,391161.600,RTK Fixed | N: 45.611 m | E: -200.646 m | D: 13.626 m | Baseline: 206.216 m
9297,528,0x0210,CORR AGE,14,391161.600,1.6 s
9297,65282,0xFF02,DGNSS STATUS,12,,RTK | Signals: 15 | Latency: 1.6 s | ""
9297,167,0x00A7,SETTINGS READ BY IDX RESP,45,,[0] ntrip:enable="False"
9297,167,0x00A7,SETTINGS READ BY IDX RESP,44,,[1] ntrip:debug="False"
9297,167,0x00A7,SETTINGS READ BY IDX RESP,27,,[2] ntrip:username=""
9297,167,0x00A7,SETTINGS READ BY IDX RESP,22,,[4] ntrip:url=""
9297,167,0x00A7,SETTINGS READ BY IDX RESP,51,,[6] ntrip:gga_out_rev1="False"
9297,167,0x00A7,SETTINGS READ BY IDX RESP,36,,[5] ntrip:gga_out_interval="0"
9297,167,0x00A7,SETTINGS READ BY IDX RESP,27,,[3] ntrip:password=""
9297,167,0x00A7,SETTINGS READ BY IDX RESP,60,,[7] ethernet:interface_mode="Active"
9297,167,0x00A7,SETTINGS READ BY IDX RESP,58,,[8] ethernet:ip_config_mode="Static"
9297,167,0x00A7,SETTINGS READ BY IDX RESP,45,,[9] ethernet:ip_address="192.168.0.222"
9297,167,0x00A7,SETTINGS READ BY IDX RESP,42,,[10] ethernet:netmask="255.255.255.0"
9297,167,0x00A7,SETTINGS READ BY IDX RESP,40,,[12] uart0:enabled_sbp_messages="0"
9297,167,0x00A7,SETTINGS READ BY IDX RESP,73,,[13] uart0:mode="SBP"
9297,167,0x00A7,SETTINGS READ BY IDX RESP,52,,[15] uart0:flow_control="None"
9297,167,0x00A7,SETTINGS READ BY IDX RESP,40,,[11] ethernet:gateway="192.168.0.1"
9297,167,0x00A7,SETTINGS READ BY IDX RESP,103,,[18] uart1:baudrate="115200"
9297,167,0x00A7,SETTINGS READ BY IDX RESP,243,,[16] uart1:enabled_sbp_messages="23,65,72,74,81,97,117,134,136,137,138,139,141,144,151,163,165,166,167,171,175,181,185,187,188,189,190,257,258,259,520,522,524,526,527,528,1025,1600,2304/50,2305,2306/50,30583,65280,65282,65283,65283,65535"
9297,167,0x00A7,SETTINGS READ BY IDX RESP,52,,[19] uart1:flow_control="None"
9297,167,0x00A7,SETTINGS READ BY IDX RESP,103,,[14] uart0:baudrate="115200"
9297,167,0x00A7,SETTINGS READ BY IDX RESP,73,,[17] uart1:mode="SBP"
9297,167,0x00A7,SETTINGS READ BY IDX RESP,38,,[20] usb0:enabled_sbp_messages=""
9297,167,0x00A7,SETTINGS READ BY IDX RESP,72,,[21] usb0:mode="SBP"
9297,167,0x00A7,SETTINGS READ BY IDX RESP,248,,[22] tcp_server0:enabled_sbp_messages="23,65,72,74,81,97,117,134,136,137,138,139,141,144,151,163,165,166,167,171,175,181,185,187,188,189,190,257,258,259,520,522,524,526,527,528,1025,1600,2304/50,2305,2306/50,4098,30583,65280,65282,65283,65535"
9297,167,0x00A7,SETTINGS READ BY IDX RESP,34,,[23] tcp_server0:port="55555"
9297,167,0x00A7,SETTINGS READ BY IDX RESP,79,,[24] tcp_server0:mode="SBP"
9297,167,0x00A7,SETTINGS READ BY IDX RESP,248,,[25] tcp_server1:enabled_sbp_messages="23,65,72,74,81,97,117,134,136,137,138,139,141,144,151,163,165,166,167,171,175,181,185,187,188,189,190,257,258,259,520,522,524,526,527,528,1025,1600,2304/50,2305,2306/50,4098,30583,65280,65282,65283,65535"
9297,167,0x00A7,SETTINGS READ BY IDX RESP,34,,[26] tcp_server1:port="55556"
9297,167,0x00A7,SETTINGS READ BY IDX RESP,79,,[27] tcp_server1:mode="SBP"
9297,167,0x00A7,SETTINGS READ BY IDX RESP,244,,[28] tcp_client0:enabled_sbp_messages="23,65,72,74,81,97,117,134,136,137,138,139,141,144,151,163,165,166,167,171,181,185,187,188,189,190,257,258,259,520,522,524,526,527,528,1025,1600,2304/50,2305,2306/50,4098,30583,65280,65282,65283,65535"
9297,167,0x00A7,SETTINGS READ BY IDX RESP,32,,[29] tcp_client0:address=""
9297,167,0x00A7,SETTINGS READ BY IDX RESP,84,,[30] tcp_client0:mode="Disabled"
9297,167,0x00A7,SETTINGS READ BY IDX RESP,244,,[31] tcp_client1:enabled_sbp_messages="23,65,72,74,81,97,117,134,136,137,138,139,141,144,151,163,165,166,167,171,181,185,187,188,189,190,257,258,259,520,522,524,526,527,528,1025,1600,2304/50,2305,2306/50,4098,30583,65280,65282,65283,65535"
9297,97,0x0061,MEAS STATE,245,,Total SVs: 23 | L1: 9 | L2: 6 | G1: 5 | G2: 4 | E1: 3 | E2: 3 | B1: 6 | B2: 2 | SBAS: 1
9297,258,0x0102,GPS TIME,19,391161.700,Wk: 2293 | TOW ns: 20 | GNSS
9297,259,0x0103,UTC TIME,24,391161.700,2023-12-21 12:39:03.700 (GNSS) | UTC Offset: Decoded
9297,522,0x020A,POS LLA,42,391161.700,RTK Fixed | Lat: 45.5010913 deg | Lon: 9.1560061 deg | Alt: 173.155 m | Used SVs: 15
9297,526,0x020E,VEL NED,30,391161.700,Comp. Doppler | COG: 326.31 deg | SOG: 0.01 m/s | Horiz Vel: 0.00 m/s | Vert Vel: 0.01 m/s | EHVE: 0.09 m/s | EVVE: 0.09 m/s
9297,520,0x0208,DOPS,23,391161.700,HDOP: 0.8 | PDOP: 1.6
9297,524,0x020C,BASELINE NED,30,391161.700,RTK Fixed | N: 45.611 m | E: -200.646 m | D: 13.624 m | Baseline: 206.215 m
9297,528,0x0210,CORR AGE,14,391161.700,1.7 s
9297,65282,0xFF02,DGNSS STATUS,12,,RTK | Signals: 15 | Latency: 1.7 s | ""
9297,167,0x00A7,SETTINGS READ BY IDX RESP,45,,[34] udp_server0:enabled_sbp_messages=""
9297,167,0x00A7,SETTINGS READ BY IDX RESP,84,,[33] tcp_client1:mode="Disabled"
9297,167,0x00A7,SETTINGS READ BY IDX RESP,32,,[32] tcp_client1:address=""
9297,167,0x00A7,SETTINGS READ BY IDX RESP,34,,[35] udp_server0:port="55557"
9297,167,0x00A7,SETTINGS READ BY IDX RESP,79,,[36] udp_server0:mode="SBP"
9297,167,0x00A7,SETTINGS READ BY IDX RESP,45,,[37] udp_server1:enabled_sbp_messages=""
9297,167,0x00A7,SETTINGS READ BY IDX RESP,34,,[38] udp_server1:port="55558"
9297,167,0x00A7,SETTINGS READ BY IDX RESP,79,,[39] udp_server1:mode="SBP"
9297,167,0x00A7,SETTINGS READ BY IDX RESP,244,,[40] udp_client0:enabled_sbp_messages="23,65,72,74,81,97,117,134,136,137,138,139,141,144,151,163,165,166,167,171,181,185,187,188,189,190,257,258,259,520,522,524,526,527,528,1025,1600,2304/50,2305,2306/50,4098,30583,65280,65282,65283,65535"
9297,167,0x00A7,SETTINGS READ BY IDX RESP,32,,[41] udp_client0:address=""
9297,167,0x00A7,SETTINGS READ BY IDX RESP,244,,[43] udp_client1:enabled_sbp_messages="23,65,72,74,81,97,117,134,136,137,138,139,141,144,151,163,165,166,167,171,181,185,187,188,189,190,257,258,259,520,522,524,526,527,528,1025,1600,2304/50,2305,2306/50,4098,30583,65280,65282,65283,65535"
9297,167,0x00A7,SETTINGS READ BY IDX RESP,84,,[42] udp_client0:mode="Disabled"
9297,167,0x00A7,SETTINGS READ BY IDX RESP,32,,[44] udp_client1:address=""
9297,167,0x00A7,SETTINGS READ BY IDX RESP,84,,[45] udp_client1:mode="Disabled"
9297,167,0x00A7,SETTINGS READ BY IDX RESP,244,,[46] tls_client0:enabled_sbp_messages="23,65,72,74,81,97,117,134,136,137,138,139,141,144,151,163,165,166,167,171,181,185,187,188,189,190,257,258,259,520,522,524,526,527,528,1025,1600,2304/50,2305,2306/50,4098,30583,65280,65282,65283,65535"
9297,167,0x00A7,SETTINGS READ BY IDX RESP,32,,[47] tls_client0:address=""
9297,167,0x00A7,SETTINGS READ BY IDX RESP,84,,[48] tls_client0:mode="Disabled"
9297,167,0x00A7,SETTINGS READ BY IDX RESP,33,,[49] nmea:gpgga_msg_rate="1"
9297,167,0x00A7,SETTINGS READ BY IDX RESP,34,,[50] nmea:gprmc_msg_rate="10"
9297,167,0x00A7,SETTINGS READ BY IDX RESP,33,,[51] nmea:gpvtg_msg_rate="1"
9297,167,0x00A7,SETTINGS READ BY IDX RESP,33,,[52] nmea:gphdt_msg_rate="1"
9297,167,0x00A7,SETTINGS READ BY IDX RESP,34,,[53] nmea:gpgll_msg_rate="10"
9297,167,0x00A7,SETTINGS READ BY IDX RESP,34,,[54] nmea:gpzda_msg_rate="10"
9297,167,0x00A7,SETTINGS READ BY IDX RESP,32,,[55] nmea:gsa_msg_rate="10"
9297,167,0x00A7,SETTINGS READ BY IDX RESP,33,,[56] nmea:gpgst_msg_rate="1"
9297,167,0x00A7,SETTINGS READ BY IDX RESP,34,,[57] nmea:gpgsv_msg_rate="10"
9297,167,0x00A7,SETTINGS READ BY IDX RESP,51,,[58] nmea:cog_output_min_speed="0.10000000149"
9297,167,0x00A7,SETTINGS READ BY IDX RESP,41,,[59] nmea:cog_update_min_speed="0.1"
9297,167,0x00A7,SETTINGS READ BY IDX RESP,58,,[60] system:system_time="GPS+NTP"
9297,167,0x00A7,SETTINGS READ BY IDX RESP,51,,[61] system:connectivity_check_frequency="0.1"
9297,167,0x00A7,SETTINGS READ BY IDX RESP,55,,[62] system:connectivity_check_addresses="8.8.8.8"
9297,167,0x00A7,SETTINGS READ BY IDX RESP,49,,[63] system:connectivity_retry_frequency="1"
9297,167,0x00A7,SETTINGS READ BY IDX RESP,57,,[64] system:log_ping_activity="False"
9297,167,0x00A7,SETTINGS READ BY IDX RESP,58,,[65] system:heading_forwarding="False"
9297,167,0x00A7,SETTINGS READ BY IDX RESP,27,,[66] system:ota_url=""
9297,167,0x00A7,SETTINGS READ BY IDX RESP,49,,[67] system:ota_debug="False"
9297,167,0x00A7,SETTINGS READ BY IDX RESP,51,,[68] system:ota_enabled="False"
9297,167,0x00A7,SETTINGS READ BY IDX RESP,53,,[69] system:resource_monitor_update_interval="0"
9297,167,0x00A7,SETTINGS READ BY IDX RESP,49,,[70] system_info:imageset_build_id="v3.0.17"
9297,167,0x00A7,SETTINGS READ BY IDX RESP,49,,[71] system_info:firmware_build_id="v3.0.17"
9297,167,0x00A7,SETTINGS READ BY IDX RESP,48,,[72] system_info:firmware_version="v3.0.17"
9297,167,0x00A7,SETTINGS READ BY IDX RESP,67,,[73] system_info:firmware_build_date="2023-04-11 22:29:02 UTC"
9297,167,0x00A7,SETTINGS READ BY IDX RESP,72,,[74] system_info:loader_build_id="U-Boot 69b1326504 for zynq board"
9297,167,0x00A7,SETTINGS READ BY IDX RESP,65,,[75] system_info:loader_build_date="2018-08-15 23:29:52 UTC"
9297,167,0x00A7,SETTINGS READ BY IDX RESP,38,,[76] system_info:hw_version="9.4"
9297,258,0x0102,GPS TIME,19,391161.800,Wk: 2293 | TOW ns: 20 | GNSS
9297,259,0x0103,UTC TIME,24,391161.800,2023-12-21 12:39:03.800 (GNSS) | UTC Offset: Decoded
9297,522,0x020A,POS LLA,42,391161.800,RTK Fixed | Lat: 45.5010913 deg | Lon: 9.1560061 deg | Alt: 173.155 m | Used SVs: 15
9297,526,0x020E,VEL NED,30,391161.800,Comp. Doppler | COG: 129.81 deg | SOG: 0.01 m/s | Horiz Vel: 0.01 m/s | Vert Vel: -0.01 m/s | EHVE: 0.09 m/s | EVVE: 0.09 m/s
9297,520,0x0208,DOPS,23,391161.800,HDOP: 0.8 | PDOP: 1.6
9297,524,0x020C,BASELINE NED,30,391161.800,RTK Fixed | N: 45.611 m | E: -200.646 m | D: 13.625 m | Baseline: 206.215 m
9297,528,0x0210,CORR AGE,14,391161.800,1.8 s
9297,65282,0xFF02,DGNSS STATUS,12,,RTK | Signals: 15 | Latency: 1.8 s | ""
9297,167,0x00A7,SETTINGS READ BY IDX RESP,47,,[77] system_info:hw_revision="Piksi Multi"
9297,167,0x00A7,SETTINGS READ BY IDX RESP,40,,[78] system_info:hw_variant="Multi"
9297,167,0x00A7,SETTINGS READ BY IDX RESP,46,,[79] system_info:product_id="Piksi Multi"
9297,167,0x00A7,SETTINGS READ BY IDX RESP,45,,[80] system_info:build_variant="release"
9297,167,0x00A7,SETTINGS READ BY IDX RESP,42,,[81] system_info:sbp_sender_id="2451"
9297,167,0x00A7,SETTINGS READ BY IDX RESP,45,,[83] system_info:pfwp_build_id="v3.0.17"
9297,167,0x00A7,SETTINGS READ BY IDX RESP,60,,[84] system_info:pfwp_build_date="Apr 11 2023 22:03:18"
9297,167,0x00A7,SETTINGS READ BY IDX RESP,55,,[82] system_info:serial_number="00108093321100187"
9297,167,0x00A7,SETTINGS READ BY IDX RESP,60,,[85] system_info:nap_build_id="v2.4.0-0-gb00131d-dirty"
9297,167,0x00A7,SETTINGS READ BY IDX RESP,62,,[86] system_info:nap_build_date="2019-12-14 01:53:48 UTC"
9297,167,0x00A7,SETTINGS READ BY IDX RESP,39,,[87] system_info:nap_channels="79"
9297,167,0x00A7,SETTINGS READ BY IDX RESP,53,,[88] system_info:mac_address="8C-C8-F4-94-18-F3"
9297,167,0x00A7,SETTINGS READ BY IDX RESP,65,,[89] system_info:uuid="09973C7F-8ABF-4B41-8677-CC92FAD42451"
9297,167,0x00A7,SETTINGS READ BY IDX RESP,58,,[90] rtcm_out:output_mode="MSM5"
9297,1025,0x0401,LOG,62,,ERROR: "Interface uart1 output buffer is full. Dropping data."
9297,167,0x00A7,SETTINGS READ BY IDX RESP,37,,[91] rtcm_out:antenna_height="0"
9297,167,0x00A7,SETTINGS READ BY IDX RESP,56,,[92] rtcm_out:ant_descriptor="HXCGPS500       NONE"
9297,167,0x00A7,SETTINGS READ BY IDX RESP,41,,[93] rtcm_out:rcv_descriptor="PIKSI"
9297,167,0x00A7,SETTINGS READ BY IDX RESP,58,,[94] rtcm_out:enable_ephemeris="False"
9297,167,0x00A7,SETTINGS READ BY IDX RESP,54,,[95] sample_daemon:enabled="False"
9297,167,0x00A7,SETTINGS READ BY IDX RESP,63,,[96] sample_daemon:enable_broadcast="False"
9297,167,0x00A7,SETTINGS READ BY IDX RESP,41,,[97] sample_daemon:offset="-32.1597"
9297,167,0x00A7,SETTINGS READ BY IDX RESP,46,,[98] sample_daemon:broadcast_port="56666"
9297,167,0x00A7,SETTINGS READ BY IDX RESP,60,,[99] sample_daemon:broadcast_hostname="255.255.255.255"
9297,167,0x00A7,SETTINGS READ BY IDX RESP,57,,[100] standalone_logging:enable="True"
9297,167,0x00A7,SETTINGS READ BY IDX RESP,59,,[101] standalone_logging:output_directory="C:\swiftnav"
9297,167,0x00A7,SETTINGS READ BY IDX RESP,42,,[102] standalone_logging:max_fill="95"
9297,167,0x00A7,SETTINGS READ BY IDX RESP,47,,[103] standalone_logging:file_duration="10"
9297,167,0x00A7,SETTINGS READ BY IDX RESP,72,,[104] standalone_logging:logging_file_system="FAT"
9297,167,0x00A7,SETTINGS READ BY IDX RESP,65,,[106] standalone_logging:sdcard_enable="False"
9297,167,0x00A7,SETTINGS READ BY IDX RESP,68,,[105] standalone_logging:copy_system_logs="False"
9297,167,0x00A7,SETTINGS READ BY IDX RESP,35,,[107] cell_modem:APN="hologram"
9297,167,0x00A7,SETTINGS READ BY IDX RESP,50,,[108] cell_modem:enable="False"
9297,167,0x00A7,SETTINGS READ BY IDX RESP,49,,[109] cell_modem:debug="False"
9297,151,0x0097,SV AZ EL,116,,(27) [G10 312 17] [G12 228 36] [G13 148 35] [G14 54 11] [G15 196 57] [G17 62 33] [G19 98 40] [G22 52 30] [G23 272 24] [G24 310 71] [G25 234 2] [R1 294 54] [R2 334 13] [R8 196 43] [R9 62 9] [R11 286 58] [R12 254 7] [R20 94 16] [B10 54 29] [B14 244 47] [B24 274 57] [B26 56 65] [B33 284 42] [B35 108 23] [E4 296 55] [E19 168 54] [E21 56 65]
9297,258,0x0102,GPS TIME,19,391161.900,Wk: 2293 | TOW ns: 13 | GNSS
9297,259,0x0103,UTC TIME,24,391161.900,2023-12-21 12:39:03.900 (GNSS) | UTC Offset: Decoded
9297,522,0x020A,POS LLA,42,391161.900,RTK Fixed | Lat: 45.5010913 deg | Lon: 9.1560061 deg | Alt: 173.156 m | Used SVs: 15
9297,526,0x020E,VEL NED,30,391161.900,Comp. Doppler | COG: 123.69 deg | SOG: 0.01 m/s | Horiz Vel: 0.00 m/s | Vert Vel: 0.00 m/s | EHVE: 0.09 m/s | EVVE: 0.09 m/s
9297,520,0x0208,DOPS,23,391161.900,HDOP: 0.8 | PDOP: 1.6
9297,524,0x020C,BASELINE NED,30,391161.900,RTK Fixed | N: 45.611 m | E: -200.645 m | D: 13.624 m | Baseline: 206.214 m
9297,528,0x0210,CORR AGE,14,391161.900,1.9 s
9297,65282,0xFF02,DGNSS STATUS,12,,RTK | Signals: 15 | Latency: 1.9 s | ""
9297,167,0x00A7,SETTINGS READ BY IDX RESP,46,,[110] cell_modem:device_override="ttyACM0"
9297,167,0x00A7,SETTINGS READ BY IDX RESP,53,,[111] frontend:use_ext_clk="False"
9297,167,0x00A7,SETTINGS READ BY IDX RESP,65,,[112] frontend:activate_clock_steering="False"
9297,167,0x00A7,SETTINGS READ BY IDX RESP,68,,[113] frontend:antenna_selection="Primary"
9297,167,0x00A7,SETTINGS READ BY IDX RESP,53,,[114] frontend:antenna_bias="True"
9297,167,0x00A7,SETTINGS READ BY IDX RESP,52,,[116] metrics_daemon:metrics_update_interval="1"
9297,167,0x00A7,SETTINGS READ BY IDX RESP,66,,[115] metrics_daemon:enable_log_to_file="False"
9297,167,0x00A7,SETTINGS READ BY IDX RESP,51,,[117] imu:imu_raw_output="False"
9297,167,0x00A7,SETTINGS READ BY IDX RESP,46,,[118] imu:imu_rate="100"
9297,167,0x00A7,SETTINGS READ BY IDX RESP,45,,[119] imu:acc_range="8g"
9297,167,0x00A7,SETTINGS READ BY IDX RESP,56,,[120] imu:gyro_range="125"
9297,167,0x00A7,SETTINGS READ BY IDX RESP,51,,[121] imu:mag_raw_output="False"
9297,167,0x00A7,SETTINGS READ BY IDX RESP,33,,[124] ndb:valid_eph_acc="100"
9297,167,0x00A7,SETTINGS READ BY IDX RESP,32,,[125] ndb:valid_alm_days="6"
9297,167,0x00A7,SETTINGS READ BY IDX RESP,46,,[122] imu:mag_rate="12.5"
9297,167,0x00A7,SETTINGS READ BY IDX RESP,34,,[123] ndb:valid_alm_acc="5000"
9297,167,0x00A7,SETTINGS READ BY IDX RESP,50,,[126] ndb:erase_almanac="False"
9297,167,0x00A7,SETTINGS READ BY IDX RESP,53,,[127] ndb:erase_almanac_wn="False"
9297,167,0x00A7,SETTINGS READ BY IDX RESP,52,,[128] ndb:erase_gnss_capb="False"
9297,167,0x00A7,SETTINGS READ BY IDX RESP,47,,[129] ndb:erase_iono="False"
9297,167,0x00A7,SETTINGS READ BY IDX RESP,33,,[130] ndb:lgf_update_s="1800"
9297,167,0x00A7,SETTINGS READ BY IDX RESP,34,,[131] ndb:lgf_update_m="10000"
9297,167,0x00A7,SETTINGS READ BY IDX RESP,53,,[132] ndb:erase_utc_params="False"
9297,167,0x00A7,SETTINGS READ BY IDX RESP,35,,[133] track:elevation_mask="10"
9297,167,0x00A7,SETTINGS READ BY IDX RESP,51,,[135] track:mode="rover"
9297,167,0x00A7,SETTINGS READ BY IDX RESP,34,,[134] track:iq_output_mask="0"
9297,74,0x004A,OBS,257,391162.000,Msg 1 of 3 (14) [G12-L1CA:PCDAr:52.3] [G10-L1CA:PCDAr:39.8] [G13-L1CA:PCDAr:51.3] [G15-L1CA:PCDAr:54.0] [G17-L1CA:PCDAr:43.3] [G19-L1CA:PCDAr:50.5] [G22-L1CA:PCDAr:43.3] [G24-L1CA:PCDAr:49.3] [G23-L1CA:PCDAr:48.8] [G24-L2CM:PCDAr:47.3] [G15-L2CM:PCDAr:49.0] [G17-L2CM:PCDAr:33.3] [G12-L2CM:PCDAr:48.5] [G23-L2CM:PCDAr:44.8]
9297,74,0x004A,OBS,257,391162.000,Msg 2 of 3 (14) [G10-L2CM:PCDAr:33.0] [R11-L1OF:PCDAr:55.8] [R2-L1OF:PCDAr:41.8] [R1-L1OF:PCDAr:51.3] [R8-L1OF:PCDAr:50.8] [R20-L1OF:PCDAr:34.0] [R2-L2OF:PCDAr:35.3] [R11-L2OF:PCDAr:50.8] [R1-L2OF:PCDAr:43.3] [R8-L2OF:PCDAr:51.3] [B24-B1:PCDAr:54.8] [B10-B1:PCDAr:37.0] [B26-B1:PCDAr:51.0] [B33-B1:PCDAr:48.8]
9297,74,0x004A,OBS,172,391162.000,Msg 3 of 3 (9) [B35-B1:PCDAr:40.8] [B14-B1:PCDAr:52.3] [B14-B2:PCDAr:54.0] [E4-E1B:PCDAr:50.5] [E19-E1B:PCDAr:48.3] [E21-E1B:PCDAr:47.8] [E4-E7I:PCDAr:49.3] [E19-E7I:PCDAr:48.3] [E21-E7I:PCDAr:47.5]
9297,117,0x0075,GLO BIASES,17,,L1C: 0.00 m | L1P: 0.00 m | L2C: 0.00 m | L2P: 0.00 m
9297,258,0x0102,GPS TIME,19,391162.000,Wk: 2293 | TOW ns: 13 | GNSS
9297,259,0x0103,UTC TIME,24,391162.000,2023-12-21 12:39:04.000 (GNSS) | UTC Offset: Decoded
9297,522,0x020A,POS LLA,42,391162.000,RTK Fixed | Lat: 45.5010913 deg | Lon: 9.1560061 deg | Alt: 173.153 m | Used SVs: 15
9297,526,0x020E,VEL NED,30,391162.000,Comp. Doppler | COG: 16.70 deg | SOG: 0.03 m/s | Horiz Vel: 0.01 m/s | Vert Vel: -0.03 m/s | EHVE: 0.09 m/s | EVVE: 0.09 m/s
9297,520,0x0208,DOPS,23,391162.000,HDOP: 0.8 | PDOP: 1.6
9297,524,0x020C,BASELINE NED,30,391162.000,RTK Fixed | N: 45.612 m | E: -200.645 m | D: 13.627 m | Baseline: 206.215 m
9297,528,0x0210,CORR AGE,14,391162.000,2.0 s
9297,65282,0xFF02,DGNSS STATUS,12,,RTK | Signals: 15 | Latency: 2.0 s | ""
9297,167,0x00A7,SETTINGS READ BY IDX RESP,38,,[136] solution:elevation_mask="10"
9297,167,0x00A7,SETTINGS READ BY IDX RESP,55,,[137] solution:dgnss_filter="Fixed"
9297,167,0x00A7,SETTINGS READ BY IDX RESP,111,,[138] solution:dynamic_motion_model="High Dynamics"
9297,167,0x00A7,SETTINGS READ BY IDX RESP,42,,[139] solution:correction_age_max="30"
9297,167,0x00A7,SETTINGS READ BY IDX RESP,55,,[140] solution:enable_glonass="True"
9297,167,0x00A7,SETTINGS READ BY IDX RESP,55,,[141] solution:enable_galileo="True"
9297,167,0x00A7,SETTINGS READ BY IDX RESP,54,,[142] solution:enable_beidou="True"
9297,167,0x00A7,SETTINGS READ BY IDX RESP,64,,[143] solution:glonass_measurement_std_downweight_factor="4"
9297,167,0x00A7,SETTINGS READ BY IDX RESP,90,,[144] solution:dgnss_solution_mode="Low Latency"
9297,167,0x00A7,SETTINGS READ BY IDX RESP,37,,[145] solution:heading_offset="0"
9297,167,0x00A7,SETTINGS READ BY IDX RESP,54,,[146] solution:send_heading="False"
9297,167,0x00A7,SETTINGS READ BY IDX RESP,54,,[147] solution:disable_raim="False"
9297,167,0x00A7,SETTINGS READ BY IDX RESP,33,,[148] solution:soln_freq="10"
9297,167,0x00A7,SETTINGS READ BY IDX RESP,42,,[149] solution:output_every_n_obs="10"
9297,167,0x00A7,SETTINGS READ BY IDX RESP,51,,[150] solution:min_modelled_baseline_len_km="0"
9297,167,0x00A7,SETTINGS READ BY IDX RESP,70,,[151] ext_event_a:edge_trigger="None"
9297,167,0x00A7,SETTINGS READ BY IDX RESP,37,,[152] ext_event_a:sensitivity="0"
9297,167,0x00A7,SETTINGS READ BY IDX RESP,70,,[153] ext_event_b:edge_trigger="None"
9297,167,0x00A7,SETTINGS READ BY IDX RESP,37,,[154] ext_event_b:sensitivity="0"
9297,167,0x00A7,SETTINGS READ BY IDX RESP,70,,[155] ext_event_c:edge_trigger="None"
9297,167,0x00A7,SETTINGS READ BY IDX RESP,37,,[156] ext_event_c:sensitivity="0"
9297,167,0x00A7,SETTINGS READ BY IDX RESP,61,,[157] acquisition:almanacs_enabled="False"
9297,167,0x00A7,SETTINGS READ BY IDX RESP,71,,[158] acquisition:glonass_acquisition_enabled="True"
9297,167,0x00A7,SETTINGS READ BY IDX RESP,68,,[159] acquisition:sbas_acquisition_enabled="True"
9297,167,0x00A7,SETTINGS READ BY IDX RESP,68,,[160] acquisition:bds2_acquisition_enabled="True"
9297,167,0x00A7,SETTINGS READ BY IDX RESP,68,,[161] acquisition:qzss_acquisition_enabled="True"
9297,167,0x00A7,SETTINGS READ BY IDX RESP,71,,[162] acquisition:galileo_acquisition_enabled="True"
9297,167,0x00A7,SETTINGS READ BY IDX RESP,55,,[164] system_monitor:watchdog="True"
9297,167,0x00A7,SETTINGS READ BY IDX RESP,61,,[163] system_monitor:heartbeat_period_milliseconds="1000"
9297,167,0x00A7,SETTINGS READ BY IDX RESP,65,,[165] system_monitor:spectrum_analyzer="False"
9297,167,0x00A7,SETTINGS READ BY IDX RESP,60,,[166] surveyed_position:broadcast="False"
9297,167,0x00A7,SETTINGS READ BY IDX RESP,44,,[167] surveyed_position:surveyed_lat="0"
9297,167,0x00A7,SETTINGS READ BY IDX RESP,44,,[168] surveyed_position:surveyed_lon="0"
9297,167,0x00A7,SETTINGS READ BY IDX RESP,44,,[169] surveyed_position:surveyed_alt="0"
9297,167,0x00A7,SETTINGS READ BY IDX RESP,36,,[170] sbp:obs_msg_max_size="255"
9297,167,0x00A7,SETTINGS READ BY IDX RESP,50,,[171] simulator:enabled="False"
9297,167,0x00A7,SETTINGS READ BY IDX RESP,46,,[172] simulator:base_ecef_x="-2706098.845"
9297,258,0x0102,GPS TIME,19,391162.100,Wk: 2293 | TOW ns: 14 | GNSS
9297,259,0x0103,UTC TIME,24,391162.100,2023-12-21 12:39:04.100 (GNSS) | UTC Offset: Decoded
9297,522,0x020A,POS LLA,42,391162.100,RTK Fixed | Lat: 45.5010913 deg | Lon: 9.1560061 deg | Alt: 173.155 m | Used SVs: 15
9297,526,0x020E,VEL NED,30,391162.100,Comp. Doppler | COG: 180.00 deg | SOG: 0.02 m/s | Horiz Vel: 0.01 m/s | Vert Vel: 0.01 m/s | EHVE: 0.09 m/s | EVVE: 0.09 m/s
9297,520,0x0208,DOPS,23,391162.100,HDOP: 0.8 | PDOP: 1.6
9297,524,0x020C,BASELINE NED,30,391162.100,RTK Fixed | N: 45.611 m | E: -200.645 m | D: 13.625 m | Baseline: 206.214 m
9297,528,0x0210,CORR AGE,14,391162.100,2.1 s
9297,65282,0xFF02,DGNSS STATUS,12,,RTK | Signals: 15 | Latency: 2.1 s | ""
9297,167,0x00A7,SETTINGS READ BY IDX RESP,46,,[173] simulator:base_ecef_y="-4261216.475"
9297,167,0x00A7,SETTINGS READ BY IDX RESP,45,,[174] simulator:base_ecef_z="3885597.912"
9297,167,0x00A7,SETTINGS READ BY IDX RESP,29,,[175] simulator:speed="4"
9297,167,0x00A7,SETTINGS READ BY IDX RESP,32,,[176] simulator:radius="100"
9297,167,0x00A7,SETTINGS READ BY IDX RESP,35,,[177] simulator:pos_sigma="1.5"
9297,167,0x00A7,SETTINGS READ BY IDX RESP,47,,[178] simulator:speed_sigma="0.15000000596"
9297,167,0x00A7,SETTINGS READ BY IDX RESP,46,,[179] simulator:cn0_sigma="0.300000011921"
9297,167,0x00A7,SETTINGS READ BY IDX RESP,41,,[180] simulator:pseudorange_sigma="4"
9297,167,0x00A7,SETTINGS READ BY IDX RESP,49,,[181] simulator:phase_sigma="0.0299999993294"
9297,167,0x00A7,SETTINGS READ BY IDX RESP,32,,[182] simulator:num_sats="9"
9297,167,0x00A7,SETTINGS READ BY IDX RESP,34,,[183] simulator:mode_mask="15"
9297,167,0x00A7,SETTINGS READ BY IDX RESP,84,,[184] pps:propagation_mode="Time Limited"
9297,167,0x00A7,SETTINGS READ BY IDX RESP,26,,[185] pps:width="2000"
9297,167,0x00A7,SETTINGS READ BY IDX RESP,26,,[186] pps:polarity="1"
9297,167,0x00A7,SETTINGS READ BY IDX RESP,24,,[187] pps:offset="0"
9297,167,0x00A7,SETTINGS READ BY IDX RESP,27,,[188] pps:frequency="1"
9297,167,0x00A7,SETTINGS READ BY IDX RESP,37,,[189] pps:propagation_timeout="5"
9297,97,0x0061,MEAS STATE,245,,Total SVs: 19 | L1: 9 | L2: 6 | G1: 0 | G2: 0 | E1: 3 | E2: 3 | B1: 6 | B2: 2 | SBAS: 1
9297,258,0x0102,GPS TIME,19,391162.200,Wk: 2293 | TOW ns: 15 | GNSS
9297,259,0x0103,UTC TIME,24,391162.200,2023-12-21 12:39:04.200 (GNSS) | UTC Offset: Decoded
9297,522,0x020A,POS LLA,42,391162.200,RTK Fixed | Lat: 45.5010913 deg | Lon: 9.1560061 deg | Alt: 173.155 m | Used SVs: 15
9297,526,0x020E,VEL NED,30,391162.200,Comp. Doppler | COG: 45.00 deg | SOG: 0.01 m/s | Horiz Vel: 0.01 m/s | Vert Vel: -0.01 m/s | EHVE: 0.09 m/s | EVVE: 0.09 m/s
9297,520,0x0208,DOPS,23,391162.200,HDOP: 0.8 | PDOP: 1.6
9297,524,0x020C,BASELINE NED,30,391162.200,RTK Fixed | N: 45.611 m | E: -200.645 m | D: 13.625 m | Baseline: 206.214 m
9297,528,0x0210,CORR AGE,14,391162.200,2.2 s
9297,65282,0xFF02,DGNSS STATUS,12,,RTK | Signals: 15 | Latency: 2.2 s | ""
9297,258,0x0102,GPS TIME,19,391162.300,Wk: 2293 | TOW ns: 15 | GNSS
9297,259,0x0103,UTC TIME,24,391162.300,2023-12-21 12:39:04.300 (GNSS) | UTC Offset: Decoded
9297,522,0x020A,POS LLA,42,391162.300,RTK Fixed | Lat: 45.5010913 deg | Lon: 9.1560061 deg | Alt: 173.154 m | Used SVs: 15
9297,526,0x020E,VEL NED,30,391162.300,Comp. Doppler | COG: 63.43 deg | SOG: 0.02 m/s | Horiz Vel: 0.00 m/s | Vert Vel: -0.01 m/s | EHVE: 0.09 m/s | EVVE: 0.09 m/s
9297,520,0x0208,DOPS,23,391162.300,HDOP: 0.8 | PDOP: 1.6
9297,524,0x020C,BASELINE NED,30,391162.300,RTK Fixed | N: 45.612 m | E: -200.644 m | D: 13.626 m | Baseline: 206.214 m
9297,528,0x0210,CORR AGE,14,391162.300,2.3 s
9297,65282,0xFF02,DGNSS STATUS,12,,RTK | Signals: 15 | Latency: 2.3 s | ""
9297,30583,0x7777,SBAS RAW,42,,
9297,258,0x0102,GPS TIME,19,391162.400,Wk: 2293 | TOW ns: 16 | GNSS
9297,259,0x0103,UTC TIME,24,391162.400,2023-12-21 12:39:04.400 (GNSS) | UTC Offset: Decoded
9297,522,0x020A,POS LLA,42,391162.400,RTK Fixed | Lat: 45.5010913 deg | Lon: 9.1560061 deg | Alt: 173.156 m | Used SVs: 15
9297,526,0x020E,VEL NED,30,391162.400,Comp. Doppler | COG: 198.43 deg | SOG: 0.01 m/s | Horiz Vel: 0.01 m/s | Vert Vel: 0.01 m/s | EHVE: 0.09 m/s | EVVE: 0.09 m/s
9297,520,0x0208,DOPS,23,391162.400,HDOP: 0.8 | PDOP: 1.6
9297,524,0x020C,BASELINE NED,30,391162.400,RTK Fixed | N: 45.611 m | E: -200.645 m | D: 13.624 m | Baseline: 206.214 m
9297,528,0x0210,CORR AGE,14,391162.400,2.4 s
9297,65282,0xFF02,DGNSS STATUS,12,,RTK | Signals: 15 | Latency: 2.4 s | ""
9297,65535,0xFFFF,HEARTBEAT,12,,ANT OK | NAP OK | IO OK | SYS OK
9297,23,0x0017,THREAD STATE,34,,main | 0.0 % | 65532 B
9297,23,0x0017,THREAD STATE,34,,idle | 1.7 % | 124 B
9297,23,0x0017,THREAD STATE,34,,rpmsg | 0.2 % | 3556 B
9297,23,0x0017,THREAD STATE,34,,rpmsg_imu | 0.0 % | 3660 B
9297,23,0x0017,THREAD STATE,34,,SBP | 0.1 % | 65532 B
9297,23,0x0017,THREAD STATE,34,,NAP | 0.0 % | 32812 B
9297,23,0x0017,THREAD STATE,34,,manage PV | 0.0 % | 1060 B
9297,23,0x0017,THREAD STATE,34,,IMU | 0.0 % | 2044 B
9297,23,0x0017,THREAD STATE,34,,IMU aux | 0.0 % | 2164 B
9297,23,0x0017,THREAD STATE,34,,ndb | 0.0 % | 3176 B
9297,23,0x0017,THREAD STATE,34,,NAP Tracking | 25.7 % | 30476 B
9297,23,0x0017,THREAD STATE,34,,decode | 0.6 % | 1588 B
9297,23,0x0017,THREAD STATE,34,,manage acq | 32.8 % | 30452 B
9297,23,0x0017,THREAD STATE,34,,system monitor | 0.1 % | 1548 B
9297,23,0x0017,THREAD STATE,34,,Watchdog | 0.0 % | 1108 B
9297,23,0x0017,THREAD STATE,34,,starling | 32.5 % | 65532 B
9297,23,0x0017,THREAD STATE,34,,time matched obs | 5.3 % | 65532 B
9297,23,0x0017,THREAD STATE,34,,me_calc_pvt | 0.9 % | 18804 B
9297,23,0x0017,THREAD STATE,34,,PPS | 0.0 % | 1840 B
9297,23,0x0017,THREAD STATE,34,,spectrum analyzer | 0.0 % | 4044 B
9297,117,0x0075,GLO BIASES,17,,L1C: 0.00 m | L1P: 0.00 m | L2C: 0.00 m | L2P: 0.00 m
9297,181,0x00B5,DEVICE MONITOR,18,,Vin: 5.90 V | Tcpu: 36.6 C | Trf: 33.9 C
9297,258,0x0102,GPS TIME,19,391162.500,Wk: 2293 | TOW ns: 17 | GNSS
9297,259,0x0103,UTC TIME,24,391162.500,2023-12-21 12:39:04.500 (GNSS) | UTC Offset: Decoded
9297,522,0x020A,POS LLA,42,391162.500,RTK Fixed | Lat: 45.5010913 deg | Lon: 9.1560061 deg | Alt: 173.154 m | Used SVs: 15
9297,526,0x020E,VEL NED,30,391162.500,Comp. Doppler | COG: 98.13 deg | SOG: 0.02 m/s | Horiz Vel: 0.01 m/s | Vert Vel: -0.02 m/s | EHVE: 0.09 m/s | EVVE: 0.09 m/s
9297,520,0x0208,DOPS,23,391162.500,HDOP: 0.8 | PDOP: 1.6
9297,524,0x020C,BASELINE NED,30,391162.500,RTK Fixed | N: 45.611 m | E: -200.645 m | D: 13.626 m | Baseline: 206.215 m
9297,528,0x0210,CORR AGE,14,391162.500,2.5 s
9297,65282,0xFF02,DGNSS STATUS,12,,RTK | Signals: 15 | Latency: 2.5 s | ""
0,74,0x004A,OBS,257,391161.000,Msg 3 of 3 (14) [B14-B1:PCDAr:49.0] [B10-B1:PCDAr:42.0] [B29-B1:PCDAr:47.3] [B10-B2:PCDAr:46.5] [B7-B2:PCDAr:41.8] [B14-B2:PCDAr:53.8] [E4-E1B:PCDAr:50.5] [E27-E1B:PCDAr:41.5] [E19-E1B:PCDAr:46.3] [E21-E1B:PCDAr:52.0] [E4-E7I:PCDAr:53.0] [E21-E7I:PCDAr:53.0] [E27-E7I:PCDAr:41.5] [E19-E7I:PCDAr:47.8]
0,72,0x0048,BASE POS ECEF,32,,X: 4421114.209 m | Y: 712784.166 m | Z: 4526655.471 m (Lat: 45.5006809 deg | Lon: 9.1585732 deg | Alt: 186.776 m)
0,74,0x004A,OBS,257,391162.000,Msg 1 of 3 (14) [G10-L1CA:PCDAr:44.3] [G23-L1CA:PCDAr:47.0] [G15-L1CA:PCDAr:53.5] [G13-L1CA:PCDAr:49.8] [G14-L1CA:PCDAr:44.5] [G19-L1CA:PCDAr:50.8] [G24-L1CA:PCDAr:54.3] [G22-L1CA:PCDAr:49.3] [G17-L1CA:PCDAr:48.5] [G12-L1CA:PCDAr:52.3] [G10-L2CM:PCDAr:44.0] [G23-L2CM:PCDAr:45.3] [G24-L2CM:PCDAr:52.5] [G15-L2CM:PCDAr:49.0]
0,74,0x004A,OBS,257,391162.000,Msg 2 of 3 (14) [G14-L2CM:PCDAr:40.3] [G17-L2CM:PCDAr:45.0] [G12-L2CM:PCDAr:46.5] [R1-L1OF:PCDAr:50.8] [R8-L1OF:PCDAr:46.5] [R11-L1OF:PCDAr:56.3] [R10-L1OF:PCDAr:49.5] [R11-L2OF:PCDAr:52.0] [R1-L2OF:PCDAr:44.5] [B7-B1:PCDAr:42.8] [B35-B1:PCDAr:45.3] [B24-B1:PCDAr:53.5] [B33-B1:PCDAr:51.0] [B26-B1:PCDAr:54.3]
9297,258,0x0102,GPS TIME,19,391162.600,Wk: 2293 | TOW ns: 17 | GNSS
9297,259,0x0103,UTC TIME,24,391162.600,2023-12-21 12:39:04.600 (GNSS) | UTC Offset: Decoded
9297,522,0x020A,POS LLA,42,391162.600,RTK Fixed | Lat: 45.5010913 deg | Lon: 9.1560061 deg | Alt: 173.154 m | Used SVs: 15
9297,526,0x020E,VEL NED,30,391162.600,Comp. Doppler | COG: 146.31 deg | SOG: 0.02 m/s | Horiz Vel: 0.01 m/s | Vert Vel: -0.01 m/s | EHVE: 0.09 m/s | EVVE: 0.09 m/s
9297,520,0x0208,DOPS,23,391162.600,HDOP: 0.8 | PDOP: 1.6
9297,524,0x020C,BASELINE NED,30,391162.600,RTK Fixed | N: 45.610 m | E: -200.644 m | D: 13.626 m | Baseline: 206.213 m
9297,528,0x0210,CORR AGE,14,391162.600,2.6 s
9297,65282,0xFF02,DGNSS STATUS,12,,RTK | Signals: 15 | Latency: 2.6 s | ""
9297,97,0x0061,MEAS STATE,245,,Total SVs: 23 | L1: 9 | L2: 6 | G1: 5 | G2: 4 | E1: 3 | E2: 3 | B1: 6 | B2: 2 | SBAS: 1
9297,258,0x0102,GPS TIME,19,391162.700,Wk: 2293 | TOW ns: 18 | GNSS
9297,259,0x0103,UTC TIME,24,391162.700,2023-12-21 12:39:04.700 (GNSS) | UTC Offset: Decoded
9297,522,0x020A,POS LLA,42,391162.700,RTK Fixed | Lat: 45.5010913 deg | Lon: 9.1560061 deg | Alt: 173.156 m | Used SVs: 15
9297,526,0x020E,VEL NED,30,391162.700,Comp. Doppler | COG: 63.43 deg | SOG: 0.01 m/s | Horiz Vel: 0.00 m/s | Vert Vel: 0.01 m/s | EHVE: 0.09 m/s | EVVE: 0.09 m/s
9297,520,0x0208,DOPS,23,391162.700,HDOP: 0.8 | PDOP: 1.6
9297,524,0x020C,BASELINE NED,30,391162.700,RTK Fixed | N: 45.611 m | E: -200.645 m | D: 13.624 m | Baseline: 206.214 m
9297,528,0x0210,CORR AGE,14,391162.700,1.7 s
9297,65282,0xFF02,DGNSS STATUS,12,,RTK | Signals: 15 | Latency: 1.7 s | ""
9297,258,0x0102,GPS TIME,19,391162.800,Wk: 2293 | TOW ns: 19 | GNSS
9297,259,0x0103,UTC TIME,24,391162.800,2023-12-21 12:39:04.800 (GNSS) | UTC Offset: Decoded
9297,522,0x020A,POS LLA,42,391162.800,RTK Fixed | Lat: 45.5010913 deg | Lon: 9.1560061 deg | Alt: 173.152 m | Used SVs: 15
9297,526,0x020E,VEL NED,30,391162.800,Comp. Doppler | COG: 19.09 deg | SOG: 0.05 m/s | Horiz Vel: 0.03 m/s | Vert Vel: -0.04 m/s | EHVE: 0.09 m/s | EVVE: 0.09 m/s
9297,520,0x0208,DOPS,23,391162.800,HDOP: 0.8 | PDOP: 1.6
9297,524,0x020C,BASELINE NED,30,391162.800,RTK Fixed | N: 45.614 m | E: -200.644 m | D: 13.628 m | Baseline: 206.214 m
9297,528,0x0210,CORR AGE,14,391162.800,1.8 s
9297,65282,0xFF02,DGNSS STATUS,12,,RTK | Signals: 15 | Latency: 1.8 s | ""
9297,258,0x0102,GPS TIME,19,391162.900,Wk: 2293 | TOW ns: 20 | GNSS
9297,259,0x0103,UTC TIME,24,391162.900,2023-12-21 12:39:04.900 (GNSS) | UTC Offset: Decoded
9297,522,0x020A,POS LLA,42,391162.900,RTK Fixed | Lat: 45.5010913 deg | Lon: 9.1560061 deg | Alt: 173.152 m | Used SVs: 15
9297,526,0x020E,VEL NED,30,391162.900,Comp. Doppler | COG: 202.62 deg | SOG: 0.02 m/s | Horiz Vel: 0.01 m/s | Vert Vel: -0.02 m/s | EHVE: 0.09 m/s | EVVE: 0.09 m/s
9297,520,0x0208,DOPS,23,391162.900,HDOP: 0.8 | PDOP: 1.6
9297,524,0x020C,BASELINE NED,30,391162.900,RTK Fixed | N: 45.612 m | E: -200.645 m | D: 13.628 m | Baseline: 206.215 m
9297,528,0x0210,CORR AGE,14,391162.900,1.9 s
9297,65282,0xFF02,DGNSS STATUS,12,,RTK | Signals: 15 | Latency: 1.9 s | ""
9297,151,0x0097,SV AZ EL,116,,(27) [G10 312 17] [G12 228 36] [G13 148 35] [G14 54 11] [G15 196 57] [G17 62 33] [G19 98 40] [G22 52 30] [G23 272 24] [G24 310 71] [G25 234 2] [R1 294 54] [R2 334 13] [R8 196 43] [R9 62 9] [R11 286 58] [R12 254 7] [R20 94 16] [B10 54 29] [B14 244 47] [B24 274 57] [B26 56 65] [B33 284 42] [B35 108 23] [E4 296 55] [E19 168 54] [E21 56 65]
9297,74,0x004A,OBS,257,391163.000,Msg 1 of 3 (14) [G12-L1CA:PCDAr:51.8] [G10-L1CA:PCDAr:38.5] [G13-L1CA:PCDAr:50.8] [G15-L1CA:PCDAr:53.5] [G17-L1CA:PCDAr:42.8] [G19-L1CA:PCDAr:49.8] [G22-L1CA:PCDAr:42.5] [G24-L1CA:PCDAr:48.8] [G23-L1CA:PCDAr:48.3] [G24-L2CM:PCDAr:47.3] [G15-L2CM:PCDAr:49.0] [G17-L2CM:PCDAr:33.5] [G12-L2CM:PCDAr:48.5] [G23-L2CM:PCDAr:44.5]
9297,74,0x004A,OBS,257,391163.000,Msg 2 of 3 (14) [G10-L2CM:PCDAr:34.5] [R11-L1OF:PCDAr:55.8] [R2-L1OF:PCDAr:42.3] [R1-L1OF:PCDAr:51.0] [R8-L1OF:PCDAr:51.0] [R20-L1OF:PCDAr:33.3] [R2-L2OF:PCDAr:35.5] [R11-L2OF:PCDAr:50.8] [R1-L2OF:PCDAr:43.5] [R8-L2OF:PCDAr:51.3] [B24-B1:PCDAr:54.5] [B10-B1:PCDAr:37.0] [B26-B1:PCDAr:50.8] [B33-B1:PCDAr:48.5]
9297,74,0x004A,OBS,172,391163.000,Msg 3 of 3 (9) [B35-B1:PCDAr:40.5] [B14-B1:PCDAr:52.0] [B14-B2:PCDAr:54.3] [E4-E1B:PCDAr:50.5] [E19-E1B:PCDAr:48.0] [E21-E1B:PCDAr:47.8] [E4-E7I:PCDAr:49.3] [E19-E7I:PCDAr:48.3] [E21-E7I:PCDAr:47.8]
9297,117,0x0075,GLO BIASES,17,,L1C: 0.00 m | L1P: 0.00 m | L2C: 0.00 m | L2P: 0.00 m
9297,258,0x0102,GPS TIME,19,391163.000,Wk: 2293 | TOW ns: 13 | GNSS
9297,259,0x0103,UTC TIME,24,391163.000,2023-12-21 12:39:05.000 (GNSS) | UTC Offset: Decoded
9297,522,0x020A,POS LLA,42,391163.000,RTK Fixed | Lat: 45.5010913 deg | Lon: 9.1560061 deg | Alt: 173.154 m | Used SVs: 15
9297,526,0x020E,VEL NED,30,391163.000,Comp. Doppler | COG: 90.00 deg | SOG: 0.01 m/s | Horiz Vel: 0.00 m/s | Vert Vel: 0.01 m/s | EHVE: 0.09 m/s | EVVE: 0.09 m/s
9297,520,0x0208,DOPS,23,391163.000,HDOP: 0.8 | PDOP: 1.6
9297,524,0x020C,BASELINE NED,30,391163.000,RTK Fixed | N: 45.612 m | E: -200.645 m | D: 13.626 m | Baseline: 206.215 m
9297,528,0x0210,CORR AGE,14,391163.000,2.0 s
9297,65282,0xFF02,DGNSS STATUS,12,,RTK | Signals: 15 | Latency: 2.0 s | ""
9297,258,0x0102,GPS TIME,19,391163.100,Wk: 2293 | TOW ns: 13 | GNSS
9297,259,0x0103,UTC TIME,24,391163.100,2023-12-21 12:39:05.100 (GNSS) | UTC Offset: Decoded
9297,522,0x020A,POS LLA,42,391163.100,RTK Fixed | Lat: 45.5010913 deg | Lon: 9.1560061 deg | Alt: 173.159 m | Used SVs: 15
9297,526,0x020E,VEL NED,30,391163.100,Comp. Doppler | COG: 319.40 deg | SOG: 0.03 m/s | Horiz Vel: 0.01 m/s | Vert Vel: 0.03 m/s | EHVE: 0.09 m/s | EVVE: 0.09 m/s
9297,520,0x0208,DOPS,23,391163.100,HDOP: 0.8 | PDOP: 1.6
9297,524,0x020C,BASELINE NED,30,391163.100,RTK Fixed | N: 45.613 m | E: -200.646 m | D: 13.621 m | Baseline: 206.216 m
9297,528,0x0210,CORR AGE,14,391163.100,2.1 s
9297,65282,0xFF02,DGNSS STATUS,12,,RTK | Signals: 15 | Latency: 2.1 s | ""
0,74,0x004A,OBS,257,391162.000,Msg 3 of 3 (14) [B14-B1:PCDAr:48.8] [B10-B1:PCDAr:42.0] [B29-B1:PCDAr:47.3] [B10-B2:PCDAr:46.5] [B7-B2:PCDAr:41.8] [B14-B2:PCDAr:53.8] [E4-E1B:PCDAr:50.5] [E27-E1B:PCDAr:41.8] [E19-E1B:PCDAr:46.3] [E21-E1B:PCDAr:51.8] [E4-E7I:PCDAr:53.0] [E21-E7I:PCDAr:53.3] [E27-E7I:PCDAr:41.5] [E19-E7I:PCDAr:47.8]
0,72,0x0048,BASE POS ECEF,32,,X: 4421114.209 m | Y: 712784.166 m | Z: 4526655.471 m (Lat: 45.5006809 deg | Lon: 9.1585732 deg | Alt: 186.776 m)
0,74,0x004A,OBS,257,391163.000,Msg 1 of 3 (14) [G10-L1CA:PCDAr:44.3] [G23-L1CA:PCDAr:47.0] [G15-L1CA:PCDAr:53.5] [G13-L1CA:PCDAr:49.8] [G14-L1CA:PCDAr:44.3] [G19-L1CA:PCDAr:50.8] [G24-L1CA:PCDAr:54.3] [G22-L1CA:PCDAr:49.3] [G17-L1CA:PCDAr:48.5] [G12-L1CA:PCDAr:52.3] [G10-L2CM:PCDAr:44.0] [G23-L2CM:PCDAr:45.3] [G24-L2CM:PCDAr:52.5] [G15-L2CM:PCDAr:49.3]
0,74,0x004A,OBS,257,391163.000,Msg 2 of 3 (14) [G14-L2CM:PCDAr:40.0] [G17-L2CM:PCDAr:45.0] [G12-L2CM:PCDAr:46.5] [R1-L1OF:PCDAr:50.8] [R8-L1OF:PCDAr:46.5] [R11-L1OF:PCDAr:56.5] [R10-L1OF:PCDAr:49.5] [R11-L2OF:PCDAr:52.0] [R1-L2OF:PCDAr:44.5] [B7-B1:PCDAr:42.5] [B35-B1:PCDAr:45.0] [B24-B1:PCDAr:53.5] [B33-B1:PCDAr:50.8] [B26-B1:PCDAr:54.0]
9297,97,0x0061,MEAS STATE,245,,Total SVs: 19 | L1: 9 | L2: 6 | G1: 0 | G2: 0 | E1: 3 | E2: 3 | B1: 6 | B2: 2 | SBAS: 1
9297,258,0x0102,GPS TIME,19,391163.200,Wk: 2293 | TOW ns: 14 | GNSS
9297,259,0x0103,UTC TIME,24,391163.200,2023-12-21 12:39:05.200 (GNSS) | UTC Offset: Decoded
9297,522,0x020A,POS LLA,42,391163.200,RTK Fixed | Lat: 45.5010913 deg | Lon: 9.1560061 deg | Alt: 173.151 m | Used SVs: 15
9297,526,0x020E,VEL NED,30,391163.200,Comp. Doppler | COG: 74.74 deg | SOG: 0.07 m/s | Horiz Vel: 0.01 m/s | Vert Vel: -0.07 m/s | EHVE: 0.09 m/s | EVVE: 0.09 m/s
9297,520,0x0208,DOPS,23,391163.200,HDOP: 0.8 | PDOP: 1.6
9297,524,0x020C,BASELINE NED,30,391163.200,RTK Fixed | N: 45.614 m | E: -200.645 m | D: 13.628 m | Baseline: 206.215 m
9297,528,0x0210,CORR AGE,14,391163.200,2.2 s
9297,65282,0xFF02,DGNSS STATUS,12,,RTK | Signals: 15 | Latency: 2.2 s | ""
9297,258,0x0102,GPS TIME,19,391163.300,Wk: 2293 | TOW ns: 15 | GNSS
9297,259,0x0103,UTC TIME,24,391163.300,2023-12-21 12:39:05.300 (GNSS) | UTC Offset: Decoded
9297,522,0x020A,POS LLA,42,391163.300,RTK Fixed | Lat: 45.5010913 deg | Lon: 9.1560061 deg | Alt: 173.150 m | Used SVs: 15
9297,526,0x020E,VEL NED,30,391163.300,Comp. Doppler | COG: 206.57 deg | SOG: 0.01 m/s | Horiz Vel: 0.00 m/s | Vert Vel: 0.01 m/s | EHVE: 0.09 m/s | EVVE: 0.09 m/s
9297,520,0x0208,DOPS,23,391163.300,HDOP: 0.8 | PDOP: 1.6
9297,524,0x020C,BASELINE NED,30,391163.300,RTK Fixed | N: 45.612 m | E: -200.646 m | D: 13.630 m | Baseline: 206.216 m
9297,528,0x0210,CORR AGE,14,391163.300,1.3 s
9297,65282,0xFF02,DGNSS STATUS,12,,RTK | Signals: 15 | Latency: 1.3 s | ""
9297,30583,0x7777,SBAS RAW,42,,
9297,258,0x0102,GPS TIME,19,391163.400,Wk: 2293 | TOW ns: 15 | GNSS
9297,259,0x0103,UTC TIME,24,391163.400,2023-12-21 12:39:05.400 (GNSS) | UTC Offset: Decoded
9297,522,0x020A,POS LLA,42,391163.400,RTK Fixed | Lat: 45.5010913 deg | Lon: 9.1560061 deg | Alt: 173.150 m | Used SVs: 15
9297,526,0x020E,VEL NED,30,391163.400,Comp. Doppler | COG: 104.04 deg | SOG: 0.01 m/s | Horiz Vel: 0.00 m/s | Vert Vel: -0.01 m/s | EHVE: 0.09 m/s | EVVE: 0.09 m/s
9297,520,0x0208,DOPS,23,391163.400,HDOP: 0.8 | PDOP: 1.6
9297,524,0x020C,BASELINE NED,30,391163.400,RTK Fixed | N: 45.612 m | E: -200.645 m | D: 13.630 m | Baseline: 206.215 m
9297,528,0x0210,CORR AGE,14,391163.400,1.4 s
9297,65282,0xFF02,DGNSS STATUS,12,,RTK | Signals: 15 | Latency: 1.4 s | ""
9297,65535,0xFFFF,HEARTBEAT,12,,ANT OK | NAP OK | IO OK | SYS OK
9297,117,0x0075,GLO BIASES,17,,L1C: 0.00 m | L1P: 0.00 m | L2C: 0.00 m | L2P: 0.00 m
9297,258,0x0102,GPS TIME,19,391163.500,Wk: 2293 | TOW ns: 16 | GNSS
9297,259,0x0103,UTC TIME,24,391163.500,2023-12-21 12:39:05.500 (GNSS) | UTC Offset: Decoded
9297,522,0x020A,POS LLA,42,391163.500,RTK Fixed | Lat: 45.5010913 deg | Lon: 9.1560061 deg | Alt: 173.150 m | Used SVs: 15
9297,526,0x020E,VEL NED,30,391163.500,Comp. Doppler | COG: 104.04 deg | SOG: 0.01 m/s | Horiz Vel: 0.00 m/s | Vert Vel: 0.00 m/s | EHVE: 0.09 m/s | EVVE: 0.09 m/s
9297,520,0x0208,DOPS,23,391163.500,HDOP: 0.8 | PDOP: 1.6
9297,524,0x020C,BASELINE NED,30,391163.500,RTK Fixed | N: 45.612 m | E: -200.645 m | D: 13.629 m | Baseline: 206.215 m
9297,528,0x0210,CORR AGE,14,391163.500,1.5 s
9297,65282,0xFF02,DGNSS STATUS,12,,RTK | Signals: 15 | Latency: 1.5 s | ""
9297,258,0x0102,GPS TIME,19,391163.600,Wk: 2293 | TOW ns: 17 | GNSS
9297,259,0x0103,UTC TIME,24,391163.600,2023-12-21 12:39:05.600 (GNSS) | UTC Offset: Decoded
9297,522,0x020A,POS LLA,42,391163.600,RTK Fixed | Lat: 45.5010913 deg | Lon: 9.1560061 deg | Alt: 173.149 m | Used SVs: 15
9297,526,0x020E,VEL NED,30,391163.600,Comp. Doppler | COG: 303.69 deg | SOG: 0.02 m/s | Horiz Vel: 0.00 m/s | Vert Vel: -0.02 m/s | EHVE: 0.09 m/s | EVVE: 0.09 m/s
9297,520,0x0208,DOPS,23,391163.600,HDOP: 0.8 | PDOP: 1.6
9297,524,0x020C,BASELINE NED,30,391163.600,RTK Fixed | N: 45.612 m | E: -200.645 m | D: 13.631 m | Baseline: 206.215 m
9297,528,0x0210,CORR AGE,14,391163.600,1.6 s
9297,65282,0xFF02,DGNSS STATUS,12,,RTK | Signals: 15 | Latency: 1.6 s | ""
9297,97,0x0061,MEAS STATE,245,,Total SVs: 23 | L1: 9 | L2: 6 | G1: 5 | G2: 4 | E1: 3 | E2: 3 | B1: 6 | B2: 2 | SBAS: 1
9297,258,0x0102,GPS TIME,19,391163.700,Wk: 2293 | TOW ns: 17 | GNSS
9297,259,0x0103,UTC TIME,24,391163.700,2023-12-21 12:39:05.700 (GNSS) | UTC Offset: Decoded
9297,522,0x020A,POS LLA,42,391163.700,RTK Fixed | Lat: 45.5010913 deg | Lon: 9.1560061 deg | Alt: 173.149 m | Used SVs: 15
9297,526,0x020E,VEL NED,30,391163.700,Comp. Doppler | COG: 71.57 deg | SOG: 0.01 m/s | Horiz Vel: 0.01 m/s | Vert Vel: -0.01 m/s | EHVE: 0.09 m/s | EVVE: 0.09 m/s
9297,520,0x0208,DOPS,23,391163.700,HDOP: 0.8 | PDOP: 1.6
9297,524,0x020C,BASELINE NED,30,391163.700,RTK Fixed | N: 45.613 m | E: -200.645 m | D: 13.631 m | Baseline: 206.215 m
9297,528,0x0210,CORR AGE,14,391163.700,1.7 s
9297,65282,0xFF02,DGNSS STATUS,12,,RTK | Signals: 15 | Latency: 1.7 s | ""
9297,258,0x0102,GPS TIME,19,391163.800,Wk: 2293 | TOW ns: 18 | GNSS
9297,259,0x0103,UTC TIME,24,391163.800,2023-12-21 12:39:05.800 (GNSS) | UTC Offset: Decoded
9297,522,0x020A,POS LLA,42,391163.800,RTK Fixed | Lat: 45.5010913 deg | Lon: 9.1560061 deg | Alt: 173.151 m | Used SVs: 15
9297,526,0x020E,VEL NED,30,391163.800,Comp. Doppler | COG: 165.96 deg | SOG: 0.01 m/s | Horiz Vel: 0.00 m/s | Vert Vel: 0.01 m/s | EHVE: 0.09 m/s | EVVE: 0.09 m/s
9297,520,0x0208,DOPS,23,391163.800,HDOP: 0.8 | PDOP: 1.6
9297,524,0x020C,BASELINE NED,30,391163.800,RTK Fixed | N: 45.612 m | E: -200.645 m | D: 13.629 m | Baseline: 206.215 m
9297,528,0x0210,CORR AGE,14,391163.800,1.8 s
9297,65282,0xFF02,DGNSS STATUS,12,,RTK | Signals: 15 | Latency: 1.8 s | ""
9297,258,0x0102,GPS TIME,19,391163.900,Wk: 2293 | TOW ns: 19 | GNSS
9297,259,0x0103,UTC TIME,24,391163.900,2023-12-21 12:39:05.900 (GNSS) | UTC Offset: Decoded
9297,522,0x020A,POS LLA,42,391163.900,RTK Fixed | Lat: 45.5010913 deg | Lon: 9.1560061 deg | Alt: 173.152 m | Used SVs: 15
9297,526,0x020E,VEL NED,30,391163.900,Comp. Doppler | COG: 284.04 deg | SOG: 0.01 m/s | Horiz Vel: 0.01 m/s | Vert Vel: 0.01 m/s | EHVE: 0.09 m/s | EVVE: 0.09 m/s
9297,520,0x0208,DOPS,23,391163.900,HDOP: 0.8 | PDOP: 1.6
9297,524,0x020C,BASELINE NED,30,391163.900,RTK Fixed | N: 45.613 m | E: -200.646 m | D: 13.628 m | Baseline: 206.216 m
9297,528,0x0210,CORR AGE,14,391163.900,1.9 s
9297,65282,0xFF02,DGNSS STATUS,12,,RTK | Signals: 15 | Latency: 1.9 s | ""
9297,151,0x0097,SV AZ EL,116,,(27) [G10 312 17] [G12 228 36] [G13 148 35] [G14 54 11] [G15 196 57] [G17 62 33] [G19 98 40] [G22 52 30] [G23 272 24] [G24 310 71] [G25 234 2] [R1 294 54] [R2 334 13] [R8 196 43] [R9 62 9] [R11 286 58] [R12 254 7] [R20 94 16] [B10 54 29] [B14 244 47] [B24 274 57] [B26 56 65] [B33 284 42] [B35 108 23] [E4 296 55] [E19 168 54] [E21 56 65]
9297,74,0x004A,OBS,257,391164.000,Msg 1 of 3 (14) [G12-L1CA:PCDAr:51.3] [G10-L1CA:PCDAr:38.3] [G13-L1CA:PCDAr:50.3] [G15-L1CA:PCDAr:53.3] [G17-L1CA:PCDAr:42.5] [G19-L1CA:PCDAr:49.3] [G22-L1CA:PCDAr:42.3] [G24-L1CA:PCDAr:48.3] [G23-L1CA:PCDAr:48.0] [G24-L2CM:PCDAr:47.3] [G15-L2CM:PCDAr:48.8] [G17-L2CM:PCDAr:32.8] [G12-L2CM:PCDAr:48.3] [G23-L2CM:PCDAr:44.5]
9297,74,0x004A,OBS,257,391164.000,Msg 2 of 3 (14) [G10-L2CM:PCDAr:35.3] [R11-L1OF:PCDAr:55.5] [R2-L1OF:PCDAr:42.0] [R1-L1OF:PCDAr:50.8] [R8-L1OF:PCDAr:50.8] [R20-L1OF:PCDAr:33.3] [R2-L2OF:PCDAr:35.0] [R11-L2OF:PCDAr:50.5] [R1-L2OF:PCDAr:43.8] [R8-L2OF:PCDAr:51.0] [B24-B1:PCDAr:54.5] [B10-B1:PCDAr:36.5] [B26-B1:PCDAr:50.8] [B33-B1:PCDAr:48.8]
9297,74,0x004A,OBS,172,391164.000,Msg 3 of 3 (9) [B35-B1:PCDAr:40.0] [B14-B1:PCDAr:52.0] [B14-B2:PCDAr:54.3] [E4-E1B:PCDAr:50.8] [E19-E1B:PCDAr:48.3] [E21-E1B:PCDAr:47.8] [E4-E7I:PCDAr:49.3] [E19-E7I:PCDAr:48.0] [E21-E7I:PCDAr:47.5]
9297,117,0x0075,GLO BIASES,17,,L1C: 0.00 m | L1P: 0.00 m | L2C: 0.00 m | L2P: 0.00 m
9297,258,0x0102,GPS TIME,19,391164.000,Wk: 2293 | TOW ns: 19 | GNSS
9297,259,0x0103,UTC TIME,24,391164.000,2023-12-21 12:39:06.000 (GNSS) | UTC Offset: Decoded
9297,522,0x020A,POS LLA,42,391164.000,RTK Fixed | Lat: 45.5010913 deg | Lon: 9.1560061 deg | Alt: 173.150 m | Used SVs: 15
9297,526,0x020E,VEL NED,30,391164.000,Comp. Doppler | COG: 80.54 deg | SOG: 0.02 m/s | Horiz Vel: 0.01 m/s | Vert Vel: -0.02 m/s | EHVE: 0.09 m/s | EVVE: 0.09 m/s
9297,520,0x0208,DOPS,23,391164.000,HDOP: 0.8 | PDOP: 1.6
9297,524,0x020C,BASELINE NED,30,391164.000,RTK Fixed | N: 45.613 m | E: -200.646 m | D: 13.630 m | Baseline: 206.216 m
9297,528,0x0210,CORR AGE,14,391164.000,2.0 s
9297,65282,0xFF02,DGNSS STATUS,12,,RTK | Signals: 15 | Latency: 2.0 s | ""
9297,258,0x0102,GPS TIME,19,391164.100,Wk: 2293 | TOW ns: 13 | GNSS
9297,259,0x0103,UTC TIME,24,391164.100,2023-12-21 12:39:06.100 (GNSS) | UTC Offset: Decoded
9297,522,0x020A,POS LLA,42,391164.100,RTK Fixed | Lat: 45.5010913 deg | Lon: 9.1560061 deg | Alt: 173.148 m | Used SVs: 15
9297,526,0x020E,VEL NED,30,391164.100,Comp. Doppler | COG: 78.69 deg | SOG: 0.02 m/s | Horiz Vel: 0.01 m/s | Vert Vel: -0.02 m/s | EHVE: 0.09 m/s | EVVE: 0.09 m/s
9297,520,0x0208,DOPS,23,391164.100,HDOP: 0.8 | PDOP: 1.6
9297,524,0x020C,BASELINE NED,30,391164.100,RTK Fixed | N: 45.613 m | E: -200.645 m | D: 13.632 m | Baseline: 206.215 m
9297,528,0x0210,CORR AGE,14,391164.100,2.1 s
9297,65282,0xFF02,DGNSS STATUS,12,,RTK | Signals: 15 | Latency: 2.1 s | ""
0,74,0x004A,OBS,257,391163.000,Msg 3 of 3 (14) [B14-B1:PCDAr:48.8] [B10-B1:PCDAr:42.3] [B29-B1:PCDAr:47.0] [B10-B2:PCDAr:46.3] [B7-B2:PCDAr:41.5] [B14-B2:PCDAr:53.5] [E4-E1B:PCDAr:50.3] [E27-E1B:PCDAr:41.3] [E19-E1B:PCDAr:46.0] [E21-E1B:PCDAr:51.8] [E4-E7I:PCDAr:53.0] [E21-E7I:PCDAr:53.3] [E27-E7I:PCDAr:41.5] [E19-E7I:PCDAr:48.0]
0,72,0x0048,BASE POS ECEF,32,,X: 4421114.209 m | Y: 712784.166 m | Z: 4526655.471 m (Lat: 45.5006809 deg | Lon: 9.1585732 deg | Alt: 186.776 m)
0,74,0x004A,OBS,257,391164.000,Msg 1 of 3 (14) [G10-L1CA:PCDAr:44.3] [G23-L1CA:PCDAr:47.0] [G15-L1CA:PCDAr:53.5] [G13-L1CA:PCDAr:49.8] [G14-L1CA:PCDAr:44.3] [G19-L1CA:PCDAr:50.8] [G24-L1CA:PCDAr:54.3] [G22-L1CA:PCDAr:49.5] [G17-L1CA:PCDAr:48.5] [G12-L1CA:PCDAr:52.3] [G10-L2CM:PCDAr:44.3] [G23-L2CM:PCDAr:45.3] [G24-L2CM:PCDAr:52.5] [G15-L2CM:PCDAr:49.3]
0,74,0x004A,OBS,257,391164.000,Msg 2 of 3 (14) [G14-L2CM:PCDAr:40.0] [G17-L2CM:PCDAr:45.3] [G12-L2CM:PCDAr:46.8] [R1-L1OF:PCDAr:50.8] [R8-L1OF:PCDAr:46.5] [R11-L1OF:PCDAr:56.5] [R10-L1OF:PCDAr:49.5] [R11-L2OF:PCDAr:51.8] [R1-L2OF:PCDAr:44.5] [B7-B1:PCDAr:43.0] [B35-B1:PCDAr:45.3] [B24-B1:PCDAr:53.8] [B33-B1:PCDAr:51.0] [B26-B1:PCDAr:54.3]
9297,97,0x0061,MEAS STATE,245,,Total SVs: 19 | L1: 9 | L2: 6 | G1: 0 | G2: 0 | E1: 3 | E2: 3 | B1: 6 | B2: 2 | SBAS: 1
9297,258,0x0102,GPS TIME,19,391164.200,Wk: 2293 | TOW ns: 14 | GNSS
9297,259,0x0103,UTC TIME,24,391164.200,2023-12-21 12:39:06.200 (GNSS) | UTC Offset: Decoded
9297,522,0x020A,POS LLA,42,391164.200,RTK Fixed | Lat: 45.5010913 deg | Lon: 9.1560061 deg | Alt: 173.150 m | Used SVs: 15
9297,526,0x020E,VEL NED,30,391164.200,Comp. Doppler | COG: 189.46 deg | SOG: 0.01 m/s | Horiz Vel: 0.01 m/s | Vert Vel: 0.00 m/s | EHVE: 0.09 m/s | EVVE: 0.09 m/s
9297,520,0x0208,DOPS,23,391164.200,HDOP: 0.8 | PDOP: 1.6
9297,524,0x020C,BASELINE NED,30,391164.200,RTK Fixed | N: 45.613 m | E: -200.645 m | D: 13.630 m | Baseline: 206.215 m
9297,528,0x0210,CORR AGE,14,391164.200,2.2 s
9297,65282,0xFF02,DGNSS STATUS,12,,RTK | Signals: 15 | Latency: 2.2 s | ""
9297,258,0x0102,GPS TIME,19,391164.300,Wk: 2293 | TOW ns: 14 | GNSS
9297,259,0x0103,UTC TIME,24,391164.300,2023-12-21 12:39:06.300 (GNSS) | UTC Offset: Decoded
9297,522,0x020A,POS LLA,42,391164.300,RTK Fixed | Lat: 45.5010913 deg | Lon: 9.1560061 deg | Alt: 173.152 m | Used SVs: 15
9297,526,0x020E,VEL NED,30,391164.300,Comp. Doppler | COG: 30.96 deg | SOG: 0.03 m/s | Horiz Vel: 0.01 m/s | Vert Vel: -0.03 m/s | EHVE: 0.09 m/s | EVVE: 0.09 m/s
9297,520,0x0208,DOPS,23,391164.300,HDOP: 0.8 | PDOP: 1.6
9297,524,0x020C,BASELINE NED,30,391164.300,RTK Fixed | N: 45.612 m | E: -200.646 m | D: 13.628 m | Baseline: 206.216 m
9297,528,0x0210,CORR AGE,14,391164.300,1.3 s
9297,65282,0xFF02,DGNSS STATUS,12,,RTK | Signals: 15 | Latency: 1.3 s | ""
9297,30583,0x7777,SBAS RAW,42,,
9297,258,0x0102,GPS TIME,19,391164.400,Wk: 2293 | TOW ns: 15 | GNSS
9297,259,0x0103,UTC TIME,24,391164.400,2023-12-21 12:39:06.400 (GNSS) | UTC Offset: Decoded
9297,522,0x020A,POS LLA,42,391164.400,RTK Fixed | Lat: 45.5010913 deg | Lon: 9.1560061 deg | Alt: 173.154 m | Used SVs: 15
9297,526,0x020E,VEL NED,30,391164.400,Comp. Doppler | COG: 153.43 deg | SOG: 0.02 m/s | Horiz Vel: 0.00 m/s | Vert Vel: 0.02 m/s | EHVE: 0.09 m/s | EVVE: 0.09 m/s
9297,520,0x0208,DOPS,23,391164.400,HDOP: 0.8 | PDOP: 1.6
9297,524,0x020C,BASELINE NED,30,391164.400,RTK Fixed | N: 45.612 m | E: -200.646 m | D: 13.625 m | Baseline: 206.216 m
9297,528,0x0210,CORR AGE,14,391164.400,1.4 s
9297,65282,0xFF02,DGNSS STATUS,12,,RTK | Signals: 15 | Latency: 1.4 s | ""
9297,65535,0xFFFF,HEARTBEAT,12,,ANT OK | NAP OK | IO OK | SYS OK
9297,23,0x0017,THREAD STATE,34,,main | 0.0 % | 65532 B
9297,23,0x0017,THREAD STATE,34,,idle | 1.3 % | 124 B
9297,23,0x0017,THREAD STATE,34,,rpmsg | 0.2 % | 3548 B
9297,23,0x0017,THREAD STATE,34,,rpmsg_imu | 0.0 % | 3660 B
9297,23,0x0017,THREAD STATE,34,,SBP | 0.0 % | 65532 B
9297,23,0x0017,THREAD STATE,34,,NAP | 0.0 % | 32812 B
9297,23,0x0017,THREAD STATE,34,,manage PV | 0.0 % | 1068 B
9297,23,0x0017,THREAD STATE,34,,IMU | 0.0 % | 2044 B
9297,23,0x0017,THREAD STATE,34,,IMU aux | 0.0 % | 2164 B
9297,23,0x0017,THREAD STATE,34,,ndb | 0.0 % | 3176 B
9297,23,0x0017,THREAD STATE,34,,NAP Tracking | 27.0 % | 30476 B
9297,23,0x0017,THREAD STATE,34,,decode | 0.6 % | 1588 B
9297,23,0x0017,THREAD STATE,34,,manage acq | 29.2 % | 30452 B
9297,23,0x0017,THREAD STATE,34,,system monitor | 0.1 % | 1548 B
9297,23,0x0017,THREAD STATE,34,,Watchdog | 0.0 % | 1108 B
9297,23,0x0017,THREAD STATE,34,,starling | 31.6 % | 65532 B
9297,23,0x0017,THREAD STATE,34,,time matched obs | 9.2 % | 65532 B
9297,23,0x0017,THREAD STATE,34,,me_calc_pvt | 0.8 % | 18804 B
9297,23,0x0017,THREAD STATE,34,,PPS | 0.0 % | 1840 B
9297,23,0x0017,THREAD STATE,34,,spectrum analyzer | 0.0 % | 4044 B
9297,117,0x0075,GLO BIASES,17,,L1C: 0.00 m | L1P: 0.00 m | L2C: 0.00 m | L2P: 0.00 m
9297,258,0x0102,GPS TIME,19,391164.500,Wk: 2293 | TOW ns: 15 | GNSS
9297,259,0x0103,UTC TIME,24,391164.500,2023-12-21 12:39:06.500 (GNSS) | UTC Offset: Decoded
9297,522,0x020A,POS LLA,42,391164.500,RTK Fixed | Lat: 45.5010913 deg | Lon: 9.1560061 deg | Alt: 173.155 m | Used SVs: 15
9297,526,0x020E,VEL NED,30,391164.500,Comp. Doppler | COG: 210.26 deg | SOG: 0.02 m/s | Horiz Vel: 0.01 m/s | Vert Vel: 0.01 m/s | EHVE: 0.09 m/s | EVVE: 0.09 m/s
9297,520,0x0208,DOPS,23,391164.500,HDOP: 0.8 | PDOP: 1.6
9297,524,0x020C,BASELINE NED,30,391164.500,RTK Fixed | N: 45.611 m | E: -200.647 m | D: 13.625 m | Baseline: 206.216 m
9297,528,0x0210,CORR AGE,14,391164.500,1.5 s
9297,65282,0xFF02,DGNSS STATUS,12,,RTK | Signals: 15 | Latency: 1.5 s | ""
9297,258,0x0102,GPS TIME,19,391164.600,Wk: 2293 | TOW ns: 16 | GNSS
9297,259,0x0103,UTC TIME,24,391164.600,2023-12-21 12:39:06.600 (GNSS) | UTC Offset: Decoded
9297,522,0x020A,POS LLA,42,391164.600,RTK Fixed | Lat: 45.5010913 deg | Lon: 9.1560061 deg | Alt: 173.156 m | Used SVs: 15
9297,526,0x020E,VEL NED,30,391164.600,Comp. Doppler | COG: 106.70 deg | SOG: 0.01 m/s | Horiz Vel: 0.01 m/s | Vert Vel: 0.01 m/s | EHVE: 0.09 m/s | EVVE: 0.09 m/s
9297,520,0x0208,DOPS,23,391164.600,HDOP: 0.8 | PDOP: 1.6
9297,524,0x020C,BASELINE NED,30,391164.600,RTK Fixed | N: 45.611 m | E: -200.646 m | D: 13.624 m | Baseline: 206.215 m
9297,528,0x0210,CORR AGE,14,391164.600,1.6 s
9297,65282,0xFF02,DGNSS STATUS,12,,RTK | Signals: 15 | Latency: 1.6 s | ""
9297,97,0x0061,MEAS STATE,245,,Total SVs: 23 | L1: 9 | L2: 6 | G1: 5 | G2: 4 | E1: 3 | E2: 3 | B1: 6 | B2: 2 | SBAS: 1
9297,258,0x0102,GPS TIME,19,391164.700,Wk: 2293 | TOW ns: 17 | GNSS
9297,259,0x0103,UTC TIME,24,391164.700,2023-12-21 12:39:06.700 (GNSS) | UTC Offset: Decoded
9297,522,0x020A,POS LLA,42,391164.700,RTK Fixed | Lat: 45.5010913 deg | Lon: 9.1560061 deg | Alt: 173.154 m | Used SVs: 15
9297,526,0x020E,VEL NED,30,391164.700,Comp. Doppler | COG: 0.00 deg | SOG: 0.02 m/s | Horiz Vel: 0.01 m/s | Vert Vel: -0.01 m/s | EHVE: 0.09 m/s | EVVE: 0.09 m/s
9297,520,0x0208,DOPS,23,391164.700,HDOP: 0.8 | PDOP: 1.6
9297,524,0x020C,BASELINE NED,30,391164.700,RTK Fixed | N: 45.612 m | E: -200.646 m | D: 13.625 m | Baseline: 206.216 m
9297,528,0x0210,CORR AGE,14,391164.700,1.7 s
9297,65282,0xFF02,DGNSS STATUS,12,,RTK | Signals: 15 | Latency: 1.7 s | ""
9297,258,0x0102,GPS TIME,19,391164.800,Wk: 2293 | TOW ns: 17 | GNSS
9297,259,0x0103,UTC TIME,24,391164.800,2023-12-21 12:39:06.800 (GNSS) | UTC Offset: Decoded
9297,522,0x020A,POS LLA,42,391164.800,RTK Fixed | Lat: 45.5010913 deg | Lon: 9.1560061 deg | Alt: 173.152 m | Used SVs: 15
9297,526,0x020E,VEL NED,30,391164.800,Comp. Doppler | COG: 139.40 deg | SOG: 0.02 m/s | Horiz Vel: 0.01 m/s | Vert Vel: -0.02 m/s | EHVE: 0.09 m/s | EVVE: 0.09 m/s
9297,520,0x0208,DOPS,23,391164.800,HDOP: 0.8 | PDOP: 1.6
9297,524,0x020C,BASELINE NED,30,391164.800,RTK Fixed | N: 45.612 m | E: -200.646 m | D: 13.628 m | Baseline: 206.216 m
9297,528,0x0210,CORR AGE,14,391164.800,1.8 s
9297,65282,0xFF02,DGNSS STATUS,12,,RTK | Signals: 15 | Latency: 1.8 s | ""
9297,258,0x0102,GPS TIME,19,391164.900,Wk: 2293 | TOW ns: 18 | GNSS
9297,259,0x0103,UTC TIME,24,391164.900,2023-12-21 12:39:06.900 (GNSS) | UTC Offset: Decoded
9297,522,0x020A,POS LLA,42,391164.900,RTK Fixed | Lat: 45.5010913 deg | Lon: 9.1560061 deg | Alt: 173.150 m | Used SVs: 15
9297,526,0x020E,VEL NED,30,391164.900,Comp. Doppler | COG: 173.66 deg | SOG: 0.03 m/s | Horiz Vel: 0.01 m/s | Vert Vel: -0.03 m/s | EHVE: 0.09 m/s | EVVE: 0.09 m/s
9297,520,0x0208,DOPS,23,391164.900,HDOP: 0.8 | PDOP: 1.6
9297,524,0x020C,BASELINE NED,30,391164.900,RTK Fixed | N: 45.611 m | E: -200.646 m | D: 13.629 m | Baseline: 206.216 m
9297,528,0x0210,CORR AGE,14,391164.900,1.9 s
9297,65282,0xFF02,DGNSS STATUS,12,,RTK | Signals: 15 | Latency: 1.9 s | ""
9297,151,0x0097,SV AZ EL,116,,(27) [G10 312 17] [G12 228 36] [G13 148 35] [G14 54 11] [G15 196 57] [G17 62 33] [G19 98 40] [G22 52 30] [G23 272 24] [G24 310 71] [G25 234 2] [R1 294 54] [R2 334 13] [R8 196 43] [R9 62 9] [R11 286 58] [R12 254 7] [R20 94 16] [B10 54 29] [B14 244 47] [B24 274 57] [B26 56 65] [B33 284 42] [B35 108 23] [E4 296 55] [E19 168 54] [E21 56 65]
9297,74,0x004A,OBS,257,391165.000,Msg 1 of 3 (14) [G12-L1CA:PCDAr:51.5] [G10-L1CA:PCDAr:38.8] [G13-L1CA:PCDAr:50.3] [G15-L1CA:PCDAr:53.5] [G17-L1CA:PCDAr:42.8] [G19-L1CA:PCDAr:49.5] [G22-L1CA:PCDAr:42.5] [G24-L1CA:PCDAr:48.3] [G23-L1CA:PCDAr:48.0] [G24-L2CM:PCDAr:47.3] [G15-L2CM:PCDAr:49.0] [G17-L2CM:PCDAr:32.8] [G12-L2CM:PCDAr:48.3] [G23-L2CM:PCDAr:44.3]
9297,74,0x004A,OBS,257,391165.000,Msg 2 of 3 (14) [G10-L2CM:PCDAr:36.0] [R11-L1OF:PCDAr:55.5] [R2-L1OF:PCDAr:42.0] [R1-L1OF:PCDAr:51.0] [R8-L1OF:PCDAr:50.8] [R20-L1OF:PCDAr:33.0] [R2-L2OF:PCDAr:35.8] [R11-L2OF:PCDAr:50.8] [R1-L2OF:PCDAr:43.5] [R8-L2OF:PCDAr:51.0] [B24-B1:PCDAr:53.8] [B10-B1:PCDAr:36.0] [B26-B1:PCDAr:50.3] [B33-B1:PCDAr:48.3]
9297,74,0x004A,OBS,172,391165.000,Msg 3 of 3 (9) [B35-B1:PCDAr:39.5] [B14-B1:PCDAr:51.5] [B14-B2:PCDAr:54.5] [E4-E1B:PCDAr:50.5] [E19-E1B:PCDAr:48.3] [E21-E1B:PCDAr:47.5] [E4-E7I:PCDAr:49.5] [E19-E7I:PCDAr:48.3] [E21-E7I:PCDAr:47.8]
9297,117,0x0075,GLO BIASES,17,,L1C: 0.00 m | L1P: 0.00 m | L2C: 0.00 m | L2P: 0.00 m
9297,258,0x0102,GPS TIME,19,391165.000,Wk: 2293 | TOW ns: 19 | GNSS
9297,259,0x0103,UTC TIME,24,391165.000,2023-12-21 12:39:07.000 (GNSS) | UTC Offset: Decoded
9297,522,0x020A,POS LLA,42,391165.000,RTK Fixed | Lat: 45.5010913 deg | Lon: 9.1560061 deg | Alt: 173.149 m | Used SVs: 15
9297,526,0x020E,VEL NED,30,391165.000,Comp. Doppler | COG: 65.56 deg | SOG: 0.02 m/s | Horiz Vel: 0.01 m/s | Vert Vel: -0.01 m/s | EHVE: 0.09 m/s | EVVE: 0.09 m/s
9297,520,0x0208,DOPS,23,391165.000,HDOP: 0.8 | PDOP: 1.6
9297,524,0x020C,BASELINE NED,30,391165.000,RTK Fixed | N: 45.611 m | E: -200.645 m | D: 13.631 m | Baseline: 206.215 m
9297,528,0x0210,CORR AGE,14,391165.000,2.0 s
9297,65282,0xFF02,DGNSS STATUS,12,,RTK | Signals: 15 | Latency: 2.0 s | ""
9297,258,0x0102,GPS TIME,19,391165.100,Wk: 2293 | TOW ns: 19 | GNSS
9297,259,0x0103,UTC TIME,24,391165.100,2023-12-21 12:39:07.100 (GNSS) | UTC Offset: Decoded
9297,522,0x020A,POS LLA,42,391165.100,RTK Fixed | Lat: 45.5010913 deg | Lon: 9.1560061 deg | Alt: 173.153 m | Used SVs: 15
9297,526,0x020E,VEL NED,30,391165.100,Comp. Doppler | COG: 176.19 deg | SOG: 0.05 m/s | Horiz Vel: 0.02 m/s | Vert Vel: 0.04 m/s | EHVE: 0.09 m/s | EVVE: 0.09 m/s
9297,520,0x0208,DOPS,23,391165.100,HDOP: 0.8 | PDOP: 1.6
9297,524,0x020C,BASELINE NED,30,391165.100,RTK Fixed | N: 45.610 m | E: -200.645 m | D: 13.626 m | Baseline: 206.214 m
9297,528,0x0210,CORR AGE,14,391165.100,2.1 s
9297,65282,0xFF02,DGNSS STATUS,12,,RTK | Signals: 15 | Latency: 2.1 s | ""
0,74,0x004A,OBS,257,391164.000,Msg 3 of 3 (14) [B14-B1:PCDAr:49.0] [B10-B1:PCDAr:42.3] [B29-B1:PCDAr:47.3] [B10-B2:PCDAr:46.0] [B7-B2:PCDAr:41.3] [B14-B2:PCDAr:53.3] [E4-E1B:PCDAr:50.3] [E27-E1B:PCDAr:41.3] [E19-E1B:PCDAr:46.0] [E21-E1B:PCDAr:51.5] [E4-E7I:PCDAr:53.0] [E21-E7I:PCDAr:53.3] [E27-E7I:PCDAr:41.8] [E19-E7I:PCDAr:48.0]
0,72,0x0048,BASE POS ECEF,32,,X: 4421114.209 m | Y: 712784.166 m | Z: 4526655.471 m (Lat: 45.5006809 deg | Lon: 9.1585732 deg | Alt: 186.776 m)
9297,97,0x0061,MEAS STATE,245,,Total SVs: 19 | L1: 9 | L2: 6 | G1: 0 | G2: 0 | E1: 3 | E2: 3 | B1: 6 | B2: 2 | SBAS: 1
9297,258,0x0102,GPS TIME,19,391165.200,Wk: 2293 | TOW ns: 13 | GNSS
9297,259,0x0103,UTC TIME,24,391165.200,2023-12-21 12:39:07.200 (GNSS) | UTC Offset: Decoded
9297,522,0x020A,POS LLA,42,391165.200,RTK Fixed | Lat: 45.5010913 deg | Lon: 9.1560061 deg | Alt: 173.152 m | Used SVs: 15
9297,526,0x020E,VEL NED,30,391165.200,Comp. Doppler | COG: 243.43 deg | SOG: 0.01 m/s | Horiz Vel: 0.00 m/s | Vert Vel: -0.01 m/s | EHVE: 0.09 m/s | EVVE: 0.09 m/s
9297,520,0x0208,DOPS,23,391165.200,HDOP: 0.8 | PDOP: 1.6
9297,524,0x020C,BASELINE NED,30,391165.200,RTK Fixed | N: 45.610 m | E: -200.645 m | D: 13.627 m | Baseline: 206.214 m
9297,528,0x0210,CORR AGE,14,391165.200,2.2 s
9297,65282,0xFF02,DGNSS STATUS,12,,RTK | Signals: 15 | Latency: 2.2 s | ""
0,74,0x004A,OBS,257,391165.000,Msg 1 of 3 (14) [G10-L1CA:PCDAr:44.3] [G23-L1CA:PCDAr:47.0] [G15-L1CA:PCDAr:53.5] [G13-L1CA:PCDAr:49.8] [G14-L1CA:PCDAr:44.3] [G19-L1CA:PCDAr:51.0] [G24-L1CA:PCDAr:54.3] [G22-L1CA:PCDAr:49.5] [G17-L1CA:PCDAr:48.5] [G12-L1CA:PCDAr:52.3] [G10-L2CM:PCDAr:44.0] [G23-L2CM:PCDAr:45.5] [G24-L2CM:PCDAr:52.5] [G15-L2CM:PCDAr:49.3]
0,74,0x004A,OBS,257,391165.000,Msg 2 of 3 (14) [G14-L2CM:PCDAr:39.8] [G17-L2CM:PCDAr:45.3] [G12-L2CM:PCDAr:46.5] [R1-L1OF:PCDAr:50.8] [R8-L1OF:PCDAr:46.5] [R11-L1OF:PCDAr:56.5] [R10-L1OF:PCDAr:49.3] [R11-L2OF:PCDAr:52.0] [R1-L2OF:PCDAr:44.5] [B7-B1:PCDAr:43.0] [B35-B1:PCDAr:45.5] [B24-B1:PCDAr:53.8] [B33-B1:PCDAr:51.0] [B26-B1:PCDAr:54.3]
9297,30583,0x7777,SBAS RAW,42,,
9297,258,0x0102,GPS TIME,19,391165.300,Wk: 2293 | TOW ns: 14 | GNSS
9297,259,0x0103,UTC TIME,24,391165.300,2023-12-21 12:39:07.300 (GNSS) | UTC Offset: Decoded
9297,522,0x020A,POS LLA,42,391165.300,RTK Fixed | Lat: 45.5010913 deg | Lon: 9.1560061 deg | Alt: 173.151 m | Used SVs: 15
9297,526,0x020E,VEL NED,30,391165.300,Comp. Doppler | COG: 94.76 deg | SOG: 0.02 m/s | Horiz Vel: 0.01 m/s | Vert Vel: -0.01 m/s | EHVE: 0.09 m/s | EVVE: 0.09 m/s
9297,520,0x0208,DOPS,23,391165.300,HDOP: 0.8 | PDOP: 1.6
9297,524,0x020C,BASELINE NED,30,391165.300,RTK Fixed | N: 45.610 m | E: -200.644 m | D: 13.629 m | Baseline: 206.214 m
9297,528,0x0210,CORR AGE,14,391165.300,2.3 s
9297,65282,0xFF02,DGNSS STATUS,12,,RTK | Signals: 15 | Latency: 2.3 s | ""
9297,258,0x0102,GPS TIME,19,391165.400,Wk: 2293 | TOW ns: 14 | GNSS
9297,259,0x0103,UTC TIME,24,391165.400,2023-12-21 12:39:07.400 (GNSS) | UTC Offset: Decoded
9297,522,0x020A,POS LLA,42,391165.400,RTK Fixed | Lat: 45.5010913 deg | Lon: 9.1560061 deg | Alt: 173.154 m | Used SVs: 15
9297,526,0x020E,VEL NED,30,391165.400,Comp. Doppler | COG: 279.46 deg | SOG: 0.02 m/s | Horiz Vel: 0.01 m/s | Vert Vel: 0.02 m/s | EHVE: 0.09 m/s | EVVE: 0.09 m/s
9297,520,0x0208,DOPS,23,391165.400,HDOP: 0.8 | PDOP: 1.6
9297,524,0x020C,BASELINE NED,30,391165.400,RTK Fixed | N: 45.609 m | E: -200.645 m | D: 13.626 m | Baseline: 206.214 m
9297,528,0x0210,CORR AGE,14,391165.400,1.4 s
9297,65282,0xFF02,DGNSS STATUS,12,,RTK | Signals: 15 | Latency: 1.4 s | ""
9297,65535,0xFFFF,HEARTBEAT,12,,ANT OK | NAP OK | IO OK | SYS OK
9297,117,0x0075,GLO BIASES,17,,L1C: 0.00 m | L1P: 0.00 m | L2C: 0.00 m | L2P: 0.00 m
9297,181,0x00B5,DEVICE MONITOR,18,,Vin: 5.91 V | Tcpu: 36.6 C | Trf: 33.9 C
9297,258,0x0102,GPS TIME,19,391165.500,Wk: 2293 | TOW ns: 15 | GNSS
9297,259,0x0103,UTC TIME,24,391165.500,2023-12-21 12:39:07.500 (GNSS) | UTC Offset: Decoded
9297,522,0x020A,POS LLA,42,391165.500,RTK Fixed | Lat: 45.5010913 deg | Lon: 9.1560061 deg | Alt: 173.151 m | Used SVs: 15
9297,526,0x020E,VEL NED,30,391165.500,Comp. Doppler | COG: 129.29 deg | SOG: 0.03 m/s | Horiz Vel: 0.01 m/s | Vert Vel: -0.03 m/s | EHVE: 0.09 m/s | EVVE: 0.09 m/s
9297,520,0x0208,DOPS,23,391165.500,HDOP: 0.8 | PDOP: 1.6
9297,524,0x020C,BASELINE NED,30,391165.500,RTK Fixed | N: 45.608 m | E: -200.644 m | D: 13.629 m | Baseline: 206.213 m
9297,528,0x0210,CORR AGE,14,391165.500,1.5 s
9297,65282,0xFF02,DGNSS STATUS,12,,RTK | Signals: 15 | Latency: 1.5 s | ""
9297,258,0x0102,GPS TIME,19,391165.600,Wk: 2293 | TOW ns: 15 | GNSS
9297,259,0x0103,UTC TIME,24,391165.600,2023-12-21 12:39:07.600 (GNSS) | UTC Offset: Decoded
9297,522,0x020A,POS LLA,42,391165.600,RTK Fixed | Lat: 45.5010913 deg | Lon: 9.1560061 deg | Alt: 173.152 m | Used SVs: 15
9297,526,0x020E,VEL NED,30,391165.600,Comp. Doppler | COG: 243.43 deg | SOG: 0.01 m/s | Horiz Vel: 0.01 m/s | Vert Vel: 0.01 m/s | EHVE: 0.09 m/s | EVVE: 0.09 m/s
9297,520,0x0208,DOPS,23,391165.600,HDOP: 0.8 | PDOP: 1.6
9297,524,0x020C,BASELINE NED,30,391165.600,RTK Fixed | N: 45.608 m | E: -200.646 m | D: 13.628 m | Baseline: 206.215 m
9297,528,0x0210,CORR AGE,14,391165.600,1.6 s
9297,65282,0xFF02,DGNSS STATUS,12,,RTK | Signals: 15 | Latency: 1.6 s | ""
9297,97,0x0061,MEAS STATE,245,,Total SVs: 23 | L1: 9 | L2: 6 | G1: 5 | G2: 4 | E1: 3 | E2: 3 | B1: 6 | B2: 2 | SBAS: 1
9297,258,0x0102,GPS TIME,19,391165.700,Wk: 2293 | TOW ns: 16 | GNSS
9297,259,0x0103,UTC TIME,24,391165.700,2023-12-21 12:39:07.700 (GNSS) | UTC Offset: Decoded
9297,522,0x020A,POS LLA,42,391165.700,RTK Fixed | Lat: 45.5010913 deg | Lon: 9.1560061 deg | Alt: 173.150 m | Used SVs: 15
9297,526,0x020E,VEL NED,30,391165.700,Comp. Doppler | COG: 18.43 deg | SOG: 0.02 m/s | Horiz Vel: 0.01 m/s | Vert Vel: -0.01 m/s | EHVE: 0.09 m/s | EVVE: 0.09 m/s
9297,520,0x0208,DOPS,23,391165.700,HDOP: 0.8 | PDOP: 1.6
9297,524,0x020C,BASELINE NED,30,391165.700,RTK Fixed | N: 45.609 m | E: -200.645 m | D: 13.629 m | Baseline: 206.214 m
9297,528,0x0210,CORR AGE,14,391165.700,1.7 s
9297,65282,0xFF02,DGNSS STATUS,12,,RTK | Signals: 15 | Latency: 1.7 s | ""
9297,258,0x0102,GPS TIME,19,391165.800,Wk: 2293 | TOW ns: 17 | GNSS
9297,259,0x0103,UTC TIME,24,391165.800,2023-12-21 12:39:07.800 (GNSS) | UTC Offset: Decoded
9297,522,0x020A,POS LLA,42,391165.800,RTK Fixed | Lat: 45.5010913 deg | Lon: 9.1560061 deg | Alt: 173.152 m | Used SVs: 15
9297,526,0x020E,VEL NED,30,391165.800,Comp. Doppler | COG: 144.46 deg | SOG: 0.02 m/s | Horiz Vel: 0.01 m/s | Vert Vel: 0.02 m/s | EHVE: 0.09 m/s | EVVE: 0.09 m/s
9297,520,0x0208,DOPS,23,391165.800,HDOP: 0.8 | PDOP: 1.6
9297,524,0x020C,BASELINE NED,30,391165.800,RTK Fixed | N: 45.609 m | E: -200.645 m | D: 13.628 m | Baseline: 206.214 m
9297,528,0x0210,CORR AGE,14,391165.800,1.8 s
9297,65282,0xFF02,DGNSS STATUS,12,,RTK | Signals: 15 | Latency: 1.8 s | ""
9297,258,0x0102,GPS TIME,19,391165.900,Wk: 2293 | TOW ns: 17 | GNSS
9297,259,0x0103,UTC TIME,24,391165.900,2023-12-21 12:39:07.900 (GNSS) | UTC Offset: Decoded
9297,522,0x020A,POS LLA,42,391165.900,RTK Fixed | Lat: 45.5010913 deg | Lon: 9.1560061 deg | Alt: 173.152 m | Used SVs: 15
9297,526,0x020E,VEL NED,30,391165.900,Comp. Doppler | COG: 270.00 deg | SOG: 0.01 m/s | Horiz Vel: 0.01 m/s | Vert Vel: -0.01 m/s | EHVE: 0.09 m/s | EVVE: 0.09 m/s
9297,520,0x0208,DOPS,23,391165.900,HDOP: 0.8 | PDOP: 1.6
9297,524,0x020C,BASELINE NED,30,391165.900,RTK Fixed | N: 45.609 m | E: -200.646 m | D: 13.627 m | Baseline: 206.215 m
9297,528,0x0210,CORR AGE,14,391165.900,1.9 s
9297,65282,0xFF02,DGNSS STATUS,12,,RTK | Signals: 15 | Latency: 1.9 s | ""
9297,151,0x0097,SV AZ EL,116,,(27) [G10 312 18] [G12 228 36] [G13 148 34] [G14 54 11] [G15 196 57] [G17 62 33] [G19 98 40] [G22 52 30] [G23 272 24] [G24 310 71] [G25 234 3] [R1 294 54] [R2 334 13] [R8 196 43] [R9 62 9] [R11 286 58] [R12 254 7] [R20 94 16] [B10 54 29] [B14 244 47] [B24 274 58] [B26 56 65] [B33 284 42] [B35 108 23] [E4 296 55] [E19 168 54] [E21 54 65]
9297,74,0x004A,OBS,257,391166.000,Msg 1 of 3 (14) [G12-L1CA:PCDAr:51.5] [G10-L1CA:PCDAr:38.8] [G13-L1CA:PCDAr:50.3] [G15-L1CA:PCDAr:53.5] [G17-L1CA:PCDAr:42.3] [G19-L1CA:PCDAr:49.5] [G22-L1CA:PCDAr:42.8] [G24-L1CA:PCDAr:48.0] [G23-L1CA:PCDAr:48.3] [G24-L2CM:PCDAr:47.5] [G15-L2CM:PCDAr:49.0] [G17-L2CM:PCDAr:33.5] [G12-L2CM:PCDAr:48.3] [G23-L2CM:PCDAr:44.3]
9297,74,0x004A,OBS,257,391166.000,Msg 2 of 3 (14) [G10-L2CM:PCDAr:36.8] [R11-L1OF:PCDAr:55.5] [R2-L1OF:PCDAr:41.8] [R1-L1OF:PCDAr:51.0] [R8-L1OF:PCDAr:50.8] [R20-L1OF:PCDAr:33.3] [R2-L2OF:PCDAr:36.0] [R11-L2OF:PCDAr:50.5] [R1-L2OF:PCDAr:43.5] [R8-L2OF:PCDAr:51.3] [B24-B1:PCDAr:53.5] [B10-B1:PCDAr:37.0] [B26-B1:PCDAr:50.0] [B33-B1:PCDAr:48.0]
9297,74,0x004A,OBS,172,391166.000,Msg 3 of 3 (9) [B35-B1:PCDAr:38.8] [B14-B1:PCDAr:51.3] [B14-B2:PCDAr:54.8] [E4-E1B:PCDAr:50.5] [E19-E1B:PCDAr:48.0] [E21-E1B:PCDAr:47.3] [E4-E7I:PCDAr:49.5] [E19-E7I:PCDAr:48.3] [E21-E7I:PCDAr:47.8]
9297,117,0x0075,GLO BIASES,17,,L1C: 0.00 m | L1P: 0.00 m | L2C: 0.00 m | L2P: 0.00 m
9297,258,0x0102,GPS TIME,19,391166.000,Wk: 2293 | TOW ns: 18 | GNSS
9297,259,0x0103,UTC TIME,24,391166.000,2023-12-21 12:39:08.000 (GNSS) | UTC Offset: Decoded
9297,522,0x020A,POS LLA,42,391166.000,RTK Fixed | Lat: 45.5010913 deg | Lon: 9.1560061 deg | Alt: 173.151 m | Used SVs: 15
9297,526,0x020E,VEL NED,30,391166.000,Comp. Doppler | COG: 141.34 deg | SOG: 0.01 m/s | Horiz Vel: 0.01 m/s | Vert Vel: -0.01 m/s | EHVE: 0.09 m/s | EVVE: 0.09 m/s
9297,520,0x0208,DOPS,23,391166.000,HDOP: 0.8 | PDOP: 1.6
9297,524,0x020C,BASELINE NED,30,391166.000,RTK Fixed | N: 45.609 m | E: -200.646 m | D: 13.628 m | Baseline: 206.215 m
9297,528,0x0210,CORR AGE,14,391166.000,2.0 s
9297,65282,0xFF02,DGNSS STATUS,12,,RTK | Signals: 15 | Latency: 2.0 s | ""
9297,258,0x0102,GPS TIME,19,391166.100,Wk: 2293 | TOW ns: 19 | GNSS
9297,259,0x0103,UTC TIME,24,391166.100,2023-12-21 12:39:08.100 (GNSS) | UTC Offset: Decoded
9297,522,0x020A,POS LLA,42,391166.100,RTK Fixed | Lat: 45.5010913 deg | Lon: 9.1560061 deg | Alt: 173.149 m | Used SVs: 15
9297,526,0x020E,VEL NED,30,391166.100,Comp. Doppler | COG: 56.31 deg | SOG: 0.03 m/s | Horiz Vel: 0.01 m/s | Vert Vel: -0.03 m/s | EHVE: 0.09 m/s | EVVE: 0.09 m/s
9297,520,0x0208,DOPS,23,391166.100,HDOP: 0.8 | PDOP: 1.6
9297,524,0x020C,BASELINE NED,30,391166.100,RTK Fixed | N: 45.609 m | E: -200.645 m | D: 13.631 m | Baseline: 206.214 m
9297,528,0x0210,CORR AGE,14,391166.100,2.1 s
9297,65282,0xFF02,DGNSS STATUS,12,,RTK | Signals: 15 | Latency: 2.1 s | ""
9297,97,0x0061,MEAS STATE,245,,Total SVs: 19 | L1: 9 | L2: 6 | G1: 0 | G2: 0 | E1: 3 | E2: 3 | B1: 6 | B2: 2 | SBAS: 1
9297,258,0x0102,GPS TIME,19,391166.200,Wk: 2293 | TOW ns: 19 | GNSS
9297,259,0x0103,UTC TIME,24,391166.200,2023-12-21 12:39:08.200 (GNSS) | UTC Offset: Decoded
9297,522,0x020A,POS LLA,42,391166.200,RTK Fixed | Lat: 45.5010913 deg | Lon: 9.1560061 deg | Alt: 173.149 m | Used SVs: 15
9297,526,0x020E,VEL NED,30,391166.200,Comp. Doppler | COG: 243.43 deg | SOG: 0.01 m/s | Horiz Vel: 0.00 m/s | Vert Vel: 0.01 m/s | EHVE: 0.09 m/s | EVVE: 0.09 m/s
9297,520,0x0208,DOPS,23,391166.200,HDOP: 0.8 | PDOP: 1.6
9297,524,0x020C,BASELINE NED,30,391166.200,RTK Fixed | N: 45.609 m | E: -200.645 m | D: 13.630 m | Baseline: 206.214 m
9297,528,0x0210,CORR AGE,14,391166.200,2.2 s
9297,65282,0xFF02,DGNSS STATUS,12,,RTK | Signals: 15 | Latency: 2.2 s | ""
0,74,0x004A,OBS,257,391165.000,Msg 3 of 3 (14) [B14-B1:PCDAr:49.0] [B10-B1:PCDAr:42.0] [B29-B1:PCDAr:47.5] [B10-B2:PCDAr:46.0] [B7-B2:PCDAr:41.0] [B14-B2:PCDAr:53.3] [E4-E1B:PCDAr:50.3] [E27-E1B:PCDAr:41.3] [E19-E1B:PCDAr:46.0] [E21-E1B:PCDAr:51.5] [E4-E7I:PCDAr:53.0] [E21-E7I:PCDAr:53.3] [E27-E7I:PCDAr:41.5] [E19-E7I:PCDAr:48.0]
0,72,0x0048,BASE POS ECEF,32,,X: 4421114.209 m | Y: 712784.166 m | Z: 4526655.471 m (Lat: 45.5006809 deg | Lon: 9.1585732 deg | Alt: 186.776 m)
0,74,0x004A,OBS,257,391166.000,Msg 1 of 3 (14) [G10-L1CA:PCDAr:44.5] [G23-L1CA:PCDAr:47.3] [G15-L1CA:PCDAr:53.5] [G13-L1CA:PCDAr:49.8] [G14-L1CA:PCDAr:44.8] [G19-L1CA:PCDAr:51.0] [G24-L1CA:PCDAr:54.5] [G22-L1CA:PCDAr:49.5] [G17-L1CA:PCDAr:48.8] [G12-L1CA:PCDAr:52.3] [G10-L2CM:PCDAr:44.0] [G23-L2CM:PCDAr:45.3] [G24-L2CM:PCDAr:52.5] [G15-L2CM:PCDAr:49.0]
0,74,0x004A,OBS,257,391166.000,Msg 2 of 3 (14) [G14-L2CM:PCDAr:40.0] [G17-L2CM:PCDAr:45.0] [G12-L2CM:PCDAr:46.5] [R1-L1OF:PCDAr:50.8] [R8-L1OF:PCDAr:46.8] [R11-L1OF:PCDAr:56.5] [R10-L1OF:PCDAr:49.3] [R11-L2OF:PCDAr:52.0] [R1-L2OF:PCDAr:44.5] [B7-B1:PCDAr:42.5] [B35-B1:PCDAr:45.0] [B24-B1:PCDAr:53.3] [B33-B1:PCDAr:50.8] [B26-B1:PCDAr:54.0]
9297,258,0x0102,GPS TIME,19,391166.300,Wk: 2293 | TOW ns: 13 | GNSS
9297,259,0x0103,UTC TIME,24,391166.300,2023-12-21 12:39:08.300 (GNSS) | UTC Offset: Decoded
9297,522,0x020A,POS LLA,42,391166.300,RTK Fixed | Lat: 45.5010913 deg | Lon: 9.1560061 deg | Alt: 173.149 m | Used SVs: 15
9297,526,0x020E,VEL NED,30,391166.300,Comp. Doppler | COG: 70.02 deg | SOG: 0.01 m/s | Horiz Vel: 0.01 m/s | Vert Vel: -0.01 m/s | EHVE: 0.09 m/s | EVVE: 0.09 m/s
9297,520,0x0208,DOPS,23,391166.300,HDOP: 0.8 | PDOP: 1.6
9297,524,0x020C,BASELINE NED,30,391166.300,RTK Fixed | N: 45.610 m | E: -200.644 m | D: 13.631 m | Baseline: 206.214 m
9297,528,0x0210,CORR AGE,14,391166.300,2.3 s
9297,65282,0xFF02,DGNSS STATUS,12,,RTK | Signals: 15 | Latency: 2.3 s | ""
9297,30583,0x7777,SBAS RAW,42,,
9297,258,0x0102,GPS TIME,19,391166.400,Wk: 2293 | TOW ns: 14 | GNSS
9297,259,0x0103,UTC TIME,24,391166.400,2023-12-21 12:39:08.400 (GNSS) | UTC Offset: Decoded
9297,522,0x020A,POS LLA,42,391166.400,RTK Fixed | Lat: 45.5010913 deg | Lon: 9.1560061 deg | Alt: 173.145 m | Used SVs: 15
9297,526,0x020E,VEL NED,30,391166.400,Comp. Doppler | COG: 149.04 deg | SOG: 0.01 m/s | Horiz Vel: 0.01 m/s | Vert Vel: -0.00 m/s | EHVE: 0.09 m/s | EVVE: 0.09 m/s
9297,520,0x0208,DOPS,23,391166.400,HDOP: 0.8 | PDOP: 1.6
9297,524,0x020C,BASELINE NED,30,391166.400,RTK Fixed | N: 45.614 m | E: -200.643 m | D: 13.635 m | Baseline: 206.214 m
9297,528,0x0210,CORR AGE,14,391166.400,1.4 s
9297,65282,0xFF02,DGNSS STATUS,12,,RTK | Signals: 15 | Latency: 1.4 s | ""
9297,65535,0xFFFF,HEARTBEAT,12,,ANT OK | NAP OK | IO OK | SYS OK
9297,23,0x0017,THREAD STATE,34,,main | 0.0 % | 65532 B
9297,23,0x0017,THREAD STATE,34,,idle | 1.2 % | 124 B
9297,23,0x0017,THREAD STATE,34,,rpmsg | 0.2 % | 3580 B
9297,23,0x0017,THREAD STATE,34,,rpmsg_imu | 0.0 % | 3660 B
9297,23,0x0017,THREAD STATE,34,,SBP | 0.0 % | 65532 B
9297,23,0x0017,THREAD STATE,34,,NAP | 0.0 % | 32812 B
9297,23,0x0017,THREAD STATE,34,,manage PV | 0.0 % | 1044 B
9297,23,0x0017,THREAD STATE,34,,IMU | 0.0 % | 2044 B
9297,23,0x0017,THREAD STATE,34,,IMU aux | 0.0 % | 2164 B
9297,23,0x0017,THREAD STATE,34,,ndb | 0.0 % | 3176 B
9297,23,0x0017,THREAD STATE,34,,NAP Tracking | 24.1 % | 30476 B
9297,23,0x0017,THREAD STATE,34,,decode | 0.6 % | 1588 B
9297,23,0x0017,THREAD STATE,34,,manage acq | 35.2 % | 30452 B
9297,23,0x0017,THREAD STATE,34,,system monitor | 0.1 % | 1548 B
9297,23,0x0017,THREAD STATE,34,,Watchdog | 0.0 % | 1108 B
9297,23,0x0017,THREAD STATE,34,,starling | 31.1 % | 65532 B
9297,23,0x0017,THREAD STATE,34,,time matched obs | 6.5 % | 65532 B
9297,23,0x0017,THREAD STATE,34,,me_calc_pvt | 0.9 % | 18804 B
9297,23,0x0017,THREAD STATE,34,,PPS | 0.0 % | 1840 B
9297,23,0x0017,THREAD STATE,34,,spectrum analyzer | 0.0 % | 4044 B
9297,117,0x0075,GLO BIASES,17,,L1C: 0.00 m | L1P: 0.00 m | L2C: 0.00 m | L2P: 0.00 m
9297,258,0x0102,GPS TIME,19,391166.500,Wk: 2293 | TOW ns: 14 | GNSS
9297,259,0x0103,UTC TIME,24,391166.500,2023-12-21 12:39:08.500 (GNSS) | UTC Offset: Decoded
9297,522,0x020A,POS LLA,42,391166.500,RTK Fixed | Lat: 45.5010913 deg | Lon: 9.1560061 deg | Alt: 173.146 m | Used SVs: 15
9297,526,0x020E,VEL NED,30,391166.500,Comp. Doppler | COG: 225.00 deg | SOG: 0.01 m/s | Horiz Vel: 0.01 m/s | Vert Vel: 0.01 m/s | EHVE: 0.09 m/s | EVVE: 0.09 m/s
9297,520,0x0208,DOPS,23,391166.500,HDOP: 0.8 | PDOP: 1.6
9297,524,0x020C,BASELINE NED,30,391166.500,RTK Fixed | N: 45.614 m | E: -200.644 m | D: 13.634 m | Baseline: 206.215 m
9297,528,0x0210,CORR AGE,14,391166.500,1.5 s
9297,65282,0xFF02,DGNSS STATUS,12,,RTK | Signals: 15 | Latency: 1.5 s | ""
9297,258,0x0102,GPS TIME,19,391166.600,Wk: 2293 | TOW ns: 15 | GNSS
9297,259,0x0103,UTC TIME,24,391166.600,2023-12-21 12:39:08.600 (GNSS) | UTC Offset: Decoded
9297,522,0x020A,POS LLA,42,391166.600,RTK Fixed | Lat: 45.5010913 deg | Lon: 9.1560061 deg | Alt: 173.147 m | Used SVs: 15
9297,526,0x020E,VEL NED,30,391166.600,Comp. Doppler | COG: 184.40 deg | SOG: 0.01 m/s | Horiz Vel: 0.01 m/s | Vert Vel: 0.01 m/s | EHVE: 0.09 m/s | EVVE: 0.09 m/s
9297,520,0x0208,DOPS,23,391166.600,HDOP: 0.8 | PDOP: 1.6
9297,524,0x020C,BASELINE NED,30,391166.600,RTK Fixed | N: 45.613 m | E: -200.644 m | D: 13.633 m | Baseline: 206.214 m
9297,528,0x0210,CORR AGE,14,391166.600,1.6 s
9297,65282,0xFF02,DGNSS STATUS,12,,RTK | Signals: 15 | Latency: 1.6 s | ""
9297,97,0x0061,MEAS STATE,245,,Total SVs: 23 | L1: 9 | L2: 6 | G1: 5 | G2: 4 | E1: 3 | E2: 3 | B1: 6 | B2: 2 | SBAS: 1
9297,258,0x0102,GPS TIME,19,391166.700,Wk: 2293 | TOW ns: 15 | GNSS
9297,259,0x0103,UTC TIME,24,391166.700,2023-12-21 12:39:08.700 (GNSS) | UTC Offset: Decoded
9297,522,0x020A,POS LLA,42,391166.700,RTK Fixed | Lat: 45.5010913 deg | Lon: 9.1560061 deg | Alt: 173.145 m | Used SVs: 15
9297,526,0x020E,VEL NED,30,391166.700,Comp. Doppler | COG: 63.43 deg | SOG: 0.02 m/s | Horiz Vel: 0.01 m/s | Vert Vel: -0.02 m/s | EHVE: 0.09 m/s | EVVE: 0.09 m/s
9297,520,0x0208,DOPS,23,391166.700,HDOP: 0.8 | PDOP: 1.6
9297,524,0x020C,BASELINE NED,30,391166.700,RTK Fixed | N: 45.614 m | E: -200.643 m | D: 13.635 m | Baseline: 206.214 m
9297,528,0x0210,CORR AGE,14,391166.700,1.7 s
9297,65282,0xFF02,DGNSS STATUS,12,,RTK | Signals: 15 | Latency: 1.7 s | ""
9297,258,0x0102,GPS TIME,19,391166.800,Wk: 2293 | TOW ns: 16 | GNSS
9297,259,0x0103,UTC TIME,24,391166.800,2023-12-21 12:39:08.800 (GNSS) | UTC Offset: Decoded
9297,522,0x020A,POS LLA,42,391166.800,RTK Fixed | Lat: 45.5010913 deg | Lon: 9.1560061 deg | Alt: 173.147 m | Used SVs: 15
9297,526,0x020E,VEL NED,30,391166.800,Comp. Doppler | COG: 153.43 deg | SOG: 0.05 m/s | Horiz Vel: 0.01 m/s | Vert Vel: 0.05 m/s | EHVE: 0.09 m/s | EVVE: 0.09 m/s
9297,520,0x0208,DOPS,23,391166.800,HDOP: 0.8 | PDOP: 1.6
9297,524,0x020C,BASELINE NED,30,391166.800,RTK Fixed | N: 45.614 m | E: -200.642 m | D: 13.633 m | Baseline: 206.213 m
9297,528,0x0210,CORR AGE,14,391166.800,1.8 s
9297,65282,0xFF02,DGNSS STATUS,12,,RTK | Signals: 15 | Latency: 1.8 s | ""
9297,258,0x0102,GPS TIME,19,391166.900,Wk: 2293 | TOW ns: 17 | GNSS
9297,259,0x0103,UTC TIME,24,391166.900,2023-12-21 12:39:08.900 (GNSS) | UTC Offset: Decoded
9297,522,0x020A,POS LLA,42,391166.900,RTK Fixed | Lat: 45.5010913 deg | Lon: 9.1560061 deg | Alt: 173.144 m | Used SVs: 15
9297,526,0x020E,VEL NED,30,391166.900,Comp. Doppler | COG: 127.87 deg | SOG: 0.02 m/s | Horiz Vel: 0.01 m/s | Vert Vel: -0.01 m/s | EHVE: 0.09 m/s | EVVE: 0.09 m/s
9297,520,0x0208,DOPS,23,391166.900,HDOP: 0.8 | PDOP: 1.6
9297,524,0x020C,BASELINE NED,30,391166.900,RTK Fixed | N: 45.614 m | E: -200.640 m | D: 13.635 m | Baseline: 206.211 m
9297,528,0x0210,CORR AGE,14,391166.900,1.9 s
9297,65282,0xFF02,DGNSS STATUS,12,,RTK | Signals: 15 | Latency: 1.9 s | ""
9297,151,0x0097,SV AZ EL,116,,(27) [G10 312 18] [G12 228 36] [G13 148 34] [G14 54 11] [G15 196 57] [G17 62 33] [G19 98 40] [G22 52 30] [G23 272 24] [G24 310 71] [G25 234 3] [R1 294 54] [R2 334 13] [R8 196 43] [R9 62 9] [R11 286 58] [R12 254 7] [R20 94 16] [B10 54 29] [B14 244 47] [B24 274 58] [B26 56 65] [B33 284 42] [B35 108 23] [E4 296 55] [E19 168 54] [E21 54 65]
9297,74,0x004A,OBS,257,391167.000,Msg 1 of 3 (14) [G12-L1CA:PCDAr:51.5] [G10-L1CA:PCDAr:38.5] [G13-L1CA:PCDAr:50.5] [G15-L1CA:PCDAr:53.5] [G17-L1CA:PCDAr:42.5] [G19-L1CA:PCDAr:49.5] [G22-L1CA:PCDAr:43.0] [G24-L1CA:PCDAr:47.8] [G23-L1CA:PCDAr:48.5] [G24-L2CM:PCDAr:47.8] [G15-L2CM:PCDAr:49.0] [G12-L2CM:PCDAr:48.3] [G23-L2CM:PCDAr:44.5] [G10-L2CM:PCDAr:37.8]
9297,74,0x004A,OBS,257,391167.000,Msg 2 of 3 (14) [R11-L1OF:PCDAr:55.8] [R2-L1OF:PCDAr:41.8] [R1-L1OF:PCDAr:51.3] [R8-L1OF:PCDAr:51.0] [R20-L1OF:PCDAr:33.8] [R2-L2OF:PCDAr:36.3] [R11-L2OF:PCDAr:50.8] [R1-L2OF:PCDAr:43.8] [R8-L2OF:PCDAr:51.3] [B24-B1:PCDAr:54.0] [B10-B1:PCDAr:37.3] [B26-B1:PCDAr:50.3] [B33-B1:PCDAr:48.3] [B35-B1:PCDAr:39.5]
9297,74,0x004A,OBS,155,391167.000,Msg 3 of 3 (8) [B14-B1:PCDAr:51.8] [B14-B2:PCDAr:55.0] [E4-E1B:PCDAr:50.5] [E19-E1B:PCDAr:48.3] [E21-E1B:PCDAr:47.5] [E4-E7I:PCDAr:49.8] [E19-E7I:PCDAr:48.5] [E21-E7I:PCDAr:47.8]
9297,117,0x0075,GLO BIASES,17,,L1C: 0.00 m | L1P: 0.00 m | L2C: 0.00 m | L2P: 0.00 m
9297,258,0x0102,GPS TIME,19,391167.000,Wk: 2293 | TOW ns: 17 | GNSS
9297,259,0x0103,UTC TIME,24,391167.000,2023-12-21 12:39:09.000 (GNSS) | UTC Offset: Decoded
9297,522,0x020A,POS LLA,42,391167.000,RTK Fixed | Lat: 45.5010913 deg | Lon: 9.1560061 deg | Alt: 173.145 m | Used SVs: 15
9297,526,0x020E,VEL NED,30,391167.000,Comp. Doppler | COG: 248.96 deg | SOG: 0.02 m/s | Horiz Vel: 0.01 m/s | Vert Vel: 0.02 m/s | EHVE: 0.09 m/s | EVVE: 0.09 m/s
9297,520,0x0208,DOPS,23,391167.000,HDOP: 0.8 | PDOP: 1.6
9297,524,0x020C,BASELINE NED,30,391167.000,RTK Fixed | N: 45.614 m | E: -200.641 m | D: 13.634 m | Baseline: 206.212 m
9297,528,0x0210,CORR AGE,14,391167.000,2.0 s
9297,65282,0xFF02,DGNSS STATUS,12,,RTK | Signals: 15 | Latency: 2.0 s | ""
9297,258,0x0102,GPS TIME,19,391167.100,Wk: 2293 | TOW ns: 18 | GNSS
9297,259,0x0103,UTC TIME,24,391167.100,2023-12-21 12:39:09.100 (GNSS) | UTC Offset: Decoded
9297,522,0x020A,POS LLA,42,391167.100,RTK Fixed | Lat: 45.5010913 deg | Lon: 9.1560062 deg | Alt: 173.143 m | Used SVs: 15
9297,526,0x020E,VEL NED,30,391167.100,Comp. Doppler | COG: 144.16 deg | SOG: 0.03 m/s | Horiz Vel: 0.02 m/s | Vert Vel: -0.01 m/s | EHVE: 0.09 m/s | EVVE: 0.09 m/s
9297,520,0x0208,DOPS,23,391167.100,HDOP: 0.8 | PDOP: 1.6
9297,524,0x020C,BASELINE NED,30,391167.100,RTK Fixed | N: 45.613 m | E: -200.640 m | D: 13.637 m | Baseline: 206.211 m
9297,528,0x0210,CORR AGE,14,391167.100,2.1 s
9297,65282,0xFF02,DGNSS STATUS,12,,RTK | Signals: 15 | Latency: 2.1 s | ""
0,74,0x004A,OBS,257,391166.000,Msg 3 of 3 (14) [B14-B1:PCDAr:48.8] [B10-B1:PCDAr:42.0] [B29-B1:PCDAr:47.0] [B10-B2:PCDAr:46.0] [B7-B2:PCDAr:41.3] [B14-B2:PCDAr:53.5] [E4-E1B:PCDAr:50.0] [E27-E1B:PCDAr:41.3] [E19-E1B:PCDAr:46.0] [E21-E1B:PCDAr:51.5] [E4-E7I:PCDAr:53.3] [E21-E7I:PCDAr:53.3] [E27-E7I:PCDAr:41.8] [E19-E7I:PCDAr:48.0]
0,72,0x0048,BASE POS ECEF,32,,X: 4421114.209 m | Y: 712784.166 m | Z: 4526655.471 m (Lat: 45.5006809 deg | Lon: 9.1585732 deg | Alt: 186.776 m)
0,74,0x004A,OBS,257,391167.000,Msg 1 of 3 (14) [G10-L1CA:PCDAr:44.5] [G23-L1CA:PCDAr:47.5] [G15-L1CA:PCDAr:53.8] [G13-L1CA:PCDAr:49.8] [G14-L1CA:PCDAr:44.8] [G19-L1CA:PCDAr:51.0] [G24-L1CA:PCDAr:54.5] [G22-L1CA:PCDAr:49.8] [G17-L1CA:PCDAr:48.8] [G12-L1CA:PCDAr:52.5] [G10-L2CM:PCDAr:44.0] [G23-L2CM:PCDAr:45.0] [G24-L2CM:PCDAr:52.5] [G15-L2CM:PCDAr:49.0]
0,74,0x004A,OBS,257,391167.000,Msg 2 of 3 (14) [G14-L2CM:PCDAr:40.0] [G17-L2CM:PCDAr:45.0] [G12-L2CM:PCDAr:46.5] [R1-L1OF:PCDAr:50.8] [R8-L1OF:PCDAr:46.8] [R11-L1OF:PCDAr:56.3] [R10-L1OF:PCDAr:49.3] [R11-L2OF:PCDAr:52.3] [R1-L2OF:PCDAr:44.8] [B7-B1:PCDAr:42.8] [B35-B1:PCDAr:45.5] [B24-B1:PCDAr:53.5] [B33-B1:PCDAr:51.0] [B26-B1:PCDAr:54.3]
9297,97,0x0061,MEAS STATE,245,,Total SVs: 19 | L1: 9 | L2: 6 | G1: 0 | G2: 0 | E1: 3 | E2: 3 | B1: 6 | B2: 2 | SBAS: 1
9297,258,0x0102,GPS TIME,19,391167.200,Wk: 2293 | TOW ns: 18 | GNSS
9297,259,0x0103,UTC TIME,24,391167.200,2023-12-21 12:39:09.200 (GNSS) | UTC Offset: Decoded
9297,522,0x020A,POS LLA,42,391167.200,RTK Fixed | Lat: 45.5010913 deg | Lon: 9.1560061 deg | Alt: 173.144 m | Used SVs: 15
9297,526,0x020E,VEL NED,30,391167.200,Comp. Doppler | COG: 318.37 deg | SOG: 0.02 m/s | Horiz Vel: 0.01 m/s | Vert Vel: 0.02 m/s | EHVE: 0.09 m/s | EVVE: 0.09 m/s
9297,520,0x0208,DOPS,23,391167.200,HDOP: 0.8 | PDOP: 1.6
9297,524,0x020C,BASELINE NED,30,391167.200,RTK Fixed | N: 45.614 m | E: -200.641 m | D: 13.636 m | Baseline: 206.212 m
9297,528,0x0210,CORR AGE,14,391167.200,2.2 s
9297,65282,0xFF02,DGNSS STATUS,12,,RTK | Signals: 15 | Latency: 2.2 s | ""
9297,258,0x0102,GPS TIME,19,391167.300,Wk: 2293 | TOW ns: 19 | GNSS
9297,259,0x0103,UTC TIME,24,391167.300,2023-12-21 12:39:09.300 (GNSS) | UTC Offset: Decoded
9297,522,0x020A,POS LLA,42,391167.300,RTK Fixed | Lat: 45.5010913 deg | Lon: 9.1560061 deg | Alt: 173.145 m | Used SVs: 15
9297,526,0x020E,VEL NED,30,391167.300,Comp. Doppler | COG: 188.13 deg | SOG: 0.01 m/s | Horiz Vel: 0.01 m/s | Vert Vel: 0.00 m/s | EHVE: 0.09 m/s | EVVE: 0.09 m/s
9297,520,0x0208,DOPS,23,391167.300,HDOP: 0.8 | PDOP: 1.6
9297,524,0x020C,BASELINE NED,30,391167.300,RTK Fixed | N: 45.615 m | E: -200.642 m | D: 13.635 m | Baseline: 206.213 m
9297,528,0x0210,CORR AGE,14,391167.300,1.3 s
9297,65282,0xFF02,DGNSS STATUS,12,,RTK | Signals: 15 | Latency: 1.3 s | ""
9297,30583,0x7777,SBAS RAW,42,,
9297,258,0x0102,GPS TIME,19,391167.400,Wk: 2293 | TOW ns: 13 | GNSS
9297,259,0x0103,UTC TIME,24,391167.400,2023-12-21 12:39:09.400 (GNSS) | UTC Offset: Decoded
9297,522,0x020A,POS LLA,42,391167.400,RTK Fixed | Lat: 45.5010913 deg | Lon: 9.1560061 deg | Alt: 173.147 m | Used SVs: 15
9297,526,0x020E,VEL NED,30,391167.400,Comp. Doppler | COG: 180.00 deg | SOG: 0.03 m/s | Horiz Vel: 0.01 m/s | Vert Vel: 0.03 m/s | EHVE: 0.09 m/s | EVVE: 0.09 m/s
9297,520,0x0208,DOPS,23,391167.400,HDOP: 0.8 | PDOP: 1.6
9297,524,0x020C,BASELINE NED,30,391167.400,RTK Fixed | N: 45.615 m | E: -200.641 m | D: 13.633 m | Baseline: 206.212 m
9297,528,0x0210,CORR AGE,14,391167.400,1.4 s
9297,65282,0xFF02,DGNSS STATUS,12,,RTK | Signals: 15 | Latency: 1.4 s | ""
9297,65535,0xFFFF,HEARTBEAT,12,,ANT OK | NAP OK | IO OK | SYS OK
9297,117,0x0075,GLO BIASES,17,,L1C: 0.00 m | L1P: 0.00 m | L2C: 0.00 m | L2P: 0.00 m
9297,258,0x0102,GPS TIME,19,391167.500,Wk: 2293 | TOW ns: 14 | GNSS
9297,259,0x0103,UTC TIME,24,391167.500,2023-12-21 12:39:09.500 (GNSS) | UTC Offset: Decoded
9297,522,0x020A,POS LLA,42,391167.500,RTK Fixed | Lat: 45.5010913 deg | Lon: 9.1560061 deg | Alt: 173.147 m | Used SVs: 15
9297,526,0x020E,VEL NED,30,391167.500,Comp. Doppler | COG: 192.99 deg | SOG: 0.01 m/s | Horiz Vel: 0.01 m/s | Vert Vel: 0.01 m/s | EHVE: 0.09 m/s | EVVE: 0.09 m/s
9297,520,0x0208,DOPS,23,391167.500,HDOP: 0.8 | PDOP: 1.6
9297,524,0x020C,BASELINE NED,30,391167.500,RTK Fixed | N: 45.614 m | E: -200.642 m | D: 13.633 m | Baseline: 206.213 m
9297,528,0x0210,CORR AGE,14,391167.500,1.5 s
9297,65282,0xFF02,DGNSS STATUS,12,,RTK | Signals: 15 | Latency: 1.5 s | ""
9297,258,0x0102,GPS TIME,19,391167.600,Wk: 2293 | TOW ns: 14 | GNSS
9297,259,0x0103,UTC TIME,24,391167.600,2023-12-21 12:39:09.600 (GNSS) | UTC Offset: Decoded
9297,522,0x020A,POS LLA,42,391167.600,RTK Fixed | Lat: 45.5010913 deg | Lon: 9.1560061 deg | Alt: 173.148 m | Used SVs: 15
9297,526,0x020E,VEL NED,30,391167.600,Comp. Doppler | COG: 225.00 deg | SOG: 0.02 m/s | Horiz Vel: 0.00 m/s | Vert Vel: 0.02 m/s | EHVE: 0.09 m/s | EVVE: 0.09 m/s
9297,520,0x0208,DOPS,23,391167.600,HDOP: 0.8 | PDOP: 1.6
9297,524,0x020C,BASELINE NED,30,391167.600,RTK Fixed | N: 45.614 m | E: -200.641 m | D: 13.631 m | Baseline: 206.212 m
9297,528,0x0210,CORR AGE,14,391167.600,1.6 s
9297,65282,0xFF02,DGNSS STATUS,12,,RTK | Signals: 15 | Latency: 1.6 s | ""
9297,97,0x0061,MEAS STATE,245,,Total SVs: 23 | L1: 9 | L2: 6 | G1: 5 | G2: 4 | E1: 3 | E2: 3 | B1: 6 | B2: 2 | SBAS: 1
9297,258,0x0102,GPS TIME,19,391167.700,Wk: 2293 | TOW ns: 15 | GNSS
9297,259,0x0103,UTC TIME,24,391167.700,2023-12-21 12:39:09.700 (GNSS) | UTC Offset: Decoded
9297,522,0x020A,POS LLA,42,391167.700,RTK Fixed | Lat: 45.5010913 deg | Lon: 9.1560061 deg | Alt: 173.145 m | Used SVs: 15
9297,526,0x020E,VEL NED,30,391167.700,Comp. Doppler | COG: 243.43 deg | SOG: 0.03 m/s | Horiz Vel: 0.00 m/s | Vert Vel: -0.03 m/s | EHVE: 0.09 m/s | EVVE: 0.09 m/s
9297,520,0x0208,DOPS,23,391167.700,HDOP: 0.8 | PDOP: 1.6
9297,524,0x020C,BASELINE NED,30,391167.700,RTK Fixed | N: 45.614 m | E: -200.642 m | D: 13.635 m | Baseline: 206.213 m
9297,528,0x0210,CORR AGE,14,391167.700,1.7 s
9297,65282,0xFF02,DGNSS STATUS,12,,RTK | Signals: 15 | Latency: 1.7 s | ""
9297,139,0x008B,EPH GLO,100,,11 | 2293 391518 | 2.5 4200 | 1 0
9297,139,0x008B,EPH GLO,100,,1 | 2293 391518 | 2.5 4200 | 1 0
9297,139,0x008B,EPH GLO,100,,8 | 2293 391518 | 2.5 2400 | 1 0
9297,139,0x008B,EPH GLO,100,,2 | 2293 391518 | 2.5 4200 | 1 0
9297,258,0x0102,GPS TIME,19,391167.800,Wk: 2293 | TOW ns: 15 | GNSS
9297,259,0x0103,UTC TIME,24,391167.800,2023-12-21 12:39:09.800 (GNSS) | UTC Offset: Decoded
9297,522,0x020A,POS LLA,42,391167.800,RTK Fixed | Lat: 45.5010913 deg | Lon: 9.1560061 deg | Alt: 173.149 m | Used SVs: 15
9297,526,0x020E,VEL NED,30,391167.800,Comp. Doppler | COG: 209.74 deg | SOG: 0.05 m/s | Horiz Vel: 0.01 m/s | Vert Vel: 0.04 m/s | EHVE: 0.09 m/s | EVVE: 0.09 m/s
9297,520,0x0208,DOPS,23,391167.800,HDOP: 0.8 | PDOP: 1.6
9297,524,0x020C,BASELINE NED,30,391167.800,RTK Fixed | N: 45.614 m | E: -200.642 m | D: 13.630 m | Baseline: 206.213 m
9297,528,0x0210,CORR AGE,14,391167.800,1.8 s
9297,65282,0xFF02,DGNSS STATUS,12,,RTK | Signals: 15 | Latency: 1.8 s | ""
9297,258,0x0102,GPS TIME,19,391167.900,Wk: 2293 | TOW ns: 16 | GNSS
9297,259,0x0103,UTC TIME,24,391167.900,2023-12-21 12:39:09.900 (GNSS) | UTC Offset: Decoded
9297,522,0x020A,POS LLA,42,391167.900,RTK Fixed | Lat: 45.5010913 deg | Lon: 9.1560061 deg | Alt: 173.149 m | Used SVs: 15
9297,526,0x020E,VEL NED,30,391167.900,Comp. Doppler | COG: 171.25 deg | SOG: 0.01 m/s | Horiz Vel: 0.01 m/s | Vert Vel: 0.00 m/s | EHVE: 0.09 m/s | EVVE: 0.09 m/s
9297,520,0x0208,DOPS,23,391167.900,HDOP: 0.8 | PDOP: 1.6
9297,524,0x020C,BASELINE NED,30,391167.900,RTK Fixed | N: 45.613 m | E: -200.641 m | D: 13.631 m | Baseline: 206.211 m
9297,528,0x0210,CORR AGE,14,391167.900,1.9 s
9297,65282,0xFF02,DGNSS STATUS,12,,RTK | Signals: 15 | Latency: 1.9 s | ""
9297,151,0x0097,SV AZ EL,116,,(27) [G10 312 18] [G12 228 36] [G13 148 34] [G14 54 11] [G15 196 57] [G17 62 33] [G19 98 40] [G22 52 30] [G23 272 24] [G24 310 71] [G25 234 3] [R1 294 54] [R2 334 13] [R8 196 43] [R9 62 9] [R11 286 58] [R12 254 7] [R20 94 16] [B10 54 29] [B14 244 47] [B24 274 58] [B26 56 65] [B33 284 42] [B35 108 23] [E4 296 55] [E19 168 54] [E21 54 65]
9297,74,0x004A,OBS,257,391168.000,Msg 1 of 3 (14) [G12-L1CA:PCDAr:51.8] [G10-L1CA:PCDAr:38.8] [G13-L1CA:PCDAr:50.5] [G15-L1CA:PCDAr:53.8] [G17-L1CA:PCDAr:42.5] [G19-L1CA:PCDAr:49.8] [G22-L1CA:PCDAr:43.3] [G24-L1CA:PCDAr:48.0] [G23-L1CA:PCDAr:48.8] [G24-L2CM:PCDAr:47.5] [G15-L2CM:PCDAr:48.8] [G12-L2CM:PCDAr:48.3] [G23-L2CM:PCDAr:44.5] [G10-L2CM:PCDAr:38.3]
9297,74,0x004A,OBS,257,391168.000,Msg 2 of 3 (14) [R11-L1OF:PCDAr:55.8] [R2-L1OF:PCDAr:41.5] [R1-L1OF:PCDAr:51.0] [R8-L1OF:PCDAr:51.0] [R20-L1OF:PCDAr:33.8] [R2-L2OF:PCDAr:36.8] [R11-L2OF:PCDAr:50.8] [R1-L2OF:PCDAr:44.3] [R8-L2OF:PCDAr:51.5] [B24-B1:PCDAr:54.5] [B10-B1:PCDAr:37.8] [B26-B1:PCDAr:50.8] [B33-B1:PCDAr:48.8] [B35-B1:PCDAr:40.0]
9297,74,0x004A,OBS,155,391168.000,Msg 3 of 3 (8) [B14-B1:PCDAr:52.0] [B14-B2:PCDAr:54.8] [E4-E1B:PCDAr:50.3] [E19-E1B:PCDAr:48.0] [E21-E1B:PCDAr:47.3] [E4-E7I:PCDAr:50.0] [E19-E7I:PCDAr:48.8] [E21-E7I:PCDAr:48.0]
9297,117,0x0075,GLO BIASES,17,,L1C: 0.00 m | L1P: 0.00 m | L2C: 0.00 m | L2P: 0.00 m
9297,258,0x0102,GPS TIME,19,391168.000,Wk: 2293 | TOW ns: 17 | GNSS
9297,259,0x0103,UTC TIME,24,391168.000,2023-12-21 12:39:10.000 (GNSS) | UTC Offset: Decoded
9297,522,0x020A,POS LLA,42,391168.000,RTK Fixed | Lat: 45.5010913 deg | Lon: 9.1560061 deg | Alt: 173.148 m | Used SVs: 15
9297,526,0x020E,VEL NED,30,391168.000,Comp. Doppler | COG: 125.54 deg | SOG: 0.01 m/s | Horiz Vel: 0.01 m/s | Vert Vel: 0.01 m/s | EHVE: 0.09 m/s | EVVE: 0.09 m/s
9297,520,0x0208,DOPS,23,391168.000,HDOP: 0.8 | PDOP: 1.6
9297,524,0x020C,BASELINE NED,30,391168.000,RTK Fixed | N: 45.613 m | E: -200.641 m | D: 13.631 m | Baseline: 206.211 m
9297,528,0x0210,CORR AGE,14,391168.000,2.0 s
9297,65282,0xFF02,DGNSS STATUS,12,,RTK | Signals: 15 | Latency: 2.0 s | ""
0,74,0x004A,OBS,257,391167.000,Msg 3 of 3 (14) [B14-B1:PCDAr:49.0] [B10-B1:PCDAr:42.0] [B29-B1:PCDAr:47.3] [B10-B2:PCDAr:46.0] [B7-B2:PCDAr:41.3] [B14-B2:PCDAr:53.5] [E4-E1B:PCDAr:50.5] [E27-E1B:PCDAr:41.3] [E19-E1B:PCDAr:46.3] [E21-E1B:PCDAr:51.8] [E4-E7I:PCDAr:53.3] [E21-E7I:PCDAr:53.3] [E27-E7I:PCDAr:41.5] [E19-E7I:PCDAr:48.0]
0,72,0x0048,BASE POS ECEF,32,,X: 4421114.209 m | Y: 712784.166 m | Z: 4526655.471 m (Lat: 45.5006809 deg | Lon: 9.1585732 deg | Alt: 186.776 m)
9297,258,0x0102,GPS TIME,19,391168.100,Wk: 2293 | TOW ns: 17 | GNSS
9297,259,0x0103,UTC TIME,24,391168.100,2023-12-21 12:39:10.100 (GNSS) | UTC Offset: Decoded
9297,522,0x020A,POS LLA,42,391168.100,RTK Fixed | Lat: 45.5010913 deg | Lon: 9.1560061 deg | Alt: 173.148 m | Used SVs: 15
9297,526,0x020E,VEL NED,30,391168.100,Comp. Doppler | COG: 281.31 deg | SOG: 0.01 m/s | Horiz Vel: 0.01 m/s | Vert Vel: -0.00 m/s | EHVE: 0.09 m/s | EVVE: 0.09 m/s
9297,520,0x0208,DOPS,23,391168.100,HDOP: 0.8 | PDOP: 1.6
9297,524,0x020C,BASELINE NED,30,391168.100,RTK Fixed | N: 45.613 m | E: -200.641 m | D: 13.631 m | Baseline: 206.211 m
9297,528,0x0210,CORR AGE,14,391168.100,2.1 s
9297,65282,0xFF02,DGNSS STATUS,12,,RTK | Signals: 15 | Latency: 2.1 s | ""
0,74,0x004A,OBS,257,391168.000,Msg 1 of 3 (14) [G10-L1CA:PCDAr:44.8] [G23-L1CA:PCDAr:47.5] [G15-L1CA:PCDAr:54.0] [G13-L1CA:PCDAr:50.3] [G14-L1CA:PCDAr:45.3] [G19-L1CA:PCDAr:51.3] [G24-L1CA:PCDAr:54.8] [G22-L1CA:PCDAr:50.0] [G17-L1CA:PCDAr:49.0] [G12-L1CA:PCDAr:52.8] [G10-L2CM:PCDAr:44.0] [G23-L2CM:PCDAr:45.0] [G24-L2CM:PCDAr:52.5] [G15-L2CM:PCDAr:49.0]
0,74,0x004A,OBS,257,391168.000,Msg 2 of 3 (14) [G14-L2CM:PCDAr:39.8] [G17-L2CM:PCDAr:45.3] [G12-L2CM:PCDAr:46.5] [R1-L1OF:PCDAr:50.8] [R8-L1OF:PCDAr:46.8] [R11-L1OF:PCDAr:56.3] [R10-L1OF:PCDAr:49.3] [R11-L2OF:PCDAr:52.3] [R1-L2OF:PCDAr:44.8] [B7-B1:PCDAr:42.8] [B35-B1:PCDAr:45.3] [B24-B1:PCDAr:53.3] [B33-B1:PCDAr:50.8] [B26-B1:PCDAr:54.0]
9297,97,0x0061,MEAS STATE,245,,Total SVs: 19 | L1: 9 | L2: 6 | G1: 0 | G2: 0 | E1: 3 | E2: 3 | B1: 6 | B2: 2 | SBAS: 1
9297,258,0x0102,GPS TIME,19,391168.200,Wk: 2293 | TOW ns: 18 | GNSS
9297,259,0x0103,UTC TIME,24,391168.200,2023-12-21 12:39:10.200 (GNSS) | UTC Offset: Decoded
9297,522,0x020A,POS LLA,42,391168.200,RTK Fixed | Lat: 45.5010913 deg | Lon: 9.1560061 deg | Alt: 173.150 m | Used SVs: 15
9297,526,0x020E,VEL NED,30,391168.200,Comp. Doppler | COG: 320.19 deg | SOG: 0.03 m/s | Horiz Vel: 0.01 m/s | Vert Vel: 0.03 m/s | EHVE: 0.09 m/s | EVVE: 0.09 m/s
9297,520,0x0208,DOPS,23,391168.200,HDOP: 0.8 | PDOP: 1.6
9297,524,0x020C,BASELINE NED,30,391168.200,RTK Fixed | N: 45.614 m | E: -200.641 m | D: 13.629 m | Baseline: 206.212 m
9297,528,0x0210,CORR AGE,14,391168.200,2.2 s
9297,65282,0xFF02,DGNSS STATUS,12,,RTK | Signals: 15 | Latency: 2.2 s | ""
9297,258,0x0102,GPS TIME,19,391168.300,Wk: 2293 | TOW ns: 19 | GNSS
9297,259,0x0103,UTC TIME,24,391168.300,2023-12-21 12:39:10.300 (GNSS) | UTC Offset: Decoded
9297,522,0x020A,POS LLA,42,391168.300,RTK Fixed | Lat: 45.5010913 deg | Lon: 9.1560061 deg | Alt: 173.154 m | Used SVs: 15
9297,526,0x020E,VEL NED,30,391168.300,Comp. Doppler | COG: 150.26 deg | SOG: 0.03 m/s | Horiz Vel: 0.01 m/s | Vert Vel: 0.03 m/s | EHVE: 0.09 m/s | EVVE: 0.09 m/s
9297,520,0x0208,DOPS,23,391168.300,HDOP: 0.8 | PDOP: 1.6
9297,524,0x020C,BASELINE NED,30,391168.300,RTK Fixed | N: 45.613 m | E: -200.643 m | D: 13.626 m | Baseline: 206.213 m
9297,528,0x0210,CORR AGE,14,391168.300,1.3 s
9297,65282,0xFF02,DGNSS STATUS,12,,RTK | Signals: 15 | Latency: 1.3 s | ""
9297,30583,0x7777,SBAS RAW,42,,
9297,258,0x0102,GPS TIME,19,391168.400,Wk: 2293 | TOW ns: 19 | GNSS
9297,259,0x0103,UTC TIME,24,391168.400,2023-12-21 12:39:10.400 (GNSS) | UTC Offset: Decoded
9297,522,0x020A,POS LLA,42,391168.400,RTK Fixed | Lat: 45.5010913 deg | Lon: 9.1560061 deg | Alt: 173.151 m | Used SVs: 15
9297,526,0x020E,VEL NED,30,391168.400,Comp. Doppler | COG: 198.43 deg | SOG: 0.03 m/s | Horiz Vel: 0.00 m/s | Vert Vel: -0.03 m/s | EHVE: 0.09 m/s | EVVE: 0.09 m/s
9297,520,0x0208,DOPS,23,391168.400,HDOP: 0.8 | PDOP: 1.6
9297,524,0x020C,BASELINE NED,30,391168.400,RTK Fixed | N: 45.612 m | E: -200.643 m | D: 13.628 m | Baseline: 206.213 m
9297,528,0x0210,CORR AGE,14,391168.400,1.4 s
9297,65282,0xFF02,DGNSS STATUS,12,,RTK | Signals: 15 | Latency: 1.4 s | ""
9297,65535,0xFFFF,HEARTBEAT,12,,ANT OK | NAP OK | IO OK | SYS OK
9297,23,0x0017,THREAD STATE,34,,main | 0.0 % | 65532 B
9297,23,0x0017,THREAD STATE,34,,idle | 2.0 % | 124 B
9297,23,0x0017,THREAD STATE,34,,rpmsg | 0.2 % | 3604 B
9297,23,0x0017,THREAD STATE,34,,rpmsg_imu | 0.0 % | 3660 B
9297,23,0x0017,THREAD STATE,34,,SBP | 0.0 % | 65532 B
9297,23,0x0017,THREAD STATE,34,,NAP | 0.0 % | 32812 B
9297,23,0x0017,THREAD STATE,34,,manage PV | 0.0 % | 1068 B
9297,23,0x0017,THREAD STATE,34,,IMU | 0.0 % | 2044 B
9297,23,0x0017,THREAD STATE,34,,IMU aux | 0.0 % | 2164 B
9297,23,0x0017,THREAD STATE,34,,ndb | 0.0 % | 3176 B
9297,23,0x0017,THREAD STATE,34,,NAP Tracking | 26.8 % | 30476 B
9297,23,0x0017,THREAD STATE,34,,decode | 0.7 % | 1588 B
9297,23,0x0017,THREAD STATE,34,,manage acq | 31.2 % | 30452 B
9297,23,0x0017,THREAD STATE,34,,system monitor | 0.1 % | 1548 B
9297,23,0x0017,THREAD STATE,34,,Watchdog | 0.0 % | 1108 B
9297,23,0x0017,THREAD STATE,34,,starling | 30.8 % | 65532 B
9297,23,0x0017,THREAD STATE,34,,time matched obs | 7.5 % | 65532 B
9297,23,0x0017,THREAD STATE,34,,me_calc_pvt | 0.8 % | 18804 B
9297,23,0x0017,THREAD STATE,34,,PPS | 0.0 % | 1840 B
9297,23,0x0017,THREAD STATE,34,,spectrum analyzer | 0.0 % | 4044 B
9297,117,0x0075,GLO BIASES,17,,L1C: 0.00 m | L1P: 0.00 m | L2C: 0.00 m | L2P: 0.00 m
9297,181,0x00B5,DEVICE MONITOR,18,,Vin: 5.91 V | Tcpu: 36.5 C | Trf: 33.9 C
9297,258,0x0102,GPS TIME,19,391168.500,Wk: 2293 | TOW ns: 13 | GNSS
9297,259,0x0103,UTC TIME,24,391168.500,2023-12-21 12:39:10.500 (GNSS) | UTC Offset: Decoded
9297,522,0x020A,POS LLA,42,391168.500,RTK Fixed | Lat: 45.5010913 deg | Lon: 9.1560061 deg | Alt: 173.151 m | Used SVs: 15
9297,526,0x020E,VEL NED,30,391168.500,Comp. Doppler | COG: 68.20 deg | SOG: 0.01 m/s | Horiz Vel: 0.01 m/s | Vert Vel: -0.01 m/s | EHVE: 0.09 m/s | EVVE: 0.09 m/s
9297,520,0x0208,DOPS,23,391168.500,HDOP: 0.8 | PDOP: 1.6
9297,524,0x020C,BASELINE NED,30,391168.500,RTK Fixed | N: 45.613 m | E: -200.643 m | D: 13.629 m | Baseline: 206.213 m
9297,528,0x0210,CORR AGE,14,391168.500,1.5 s
9297,65282,0xFF02,DGNSS STATUS,12,,RTK | Signals: 15 | Latency: 1.5 s | ""
9297,258,0x0102,GPS TIME,19,391168.600,Wk: 2293 | TOW ns: 13 | GNSS
9297,259,0x0103,UTC TIME,24,391168.600,2023-12-21 12:39:10.600 (GNSS) | UTC Offset: Decoded
9297,522,0x020A,POS LLA,42,391168.600,RTK Fixed | Lat: 45.5010913 deg | Lon: 9.1560061 deg | Alt: 173.146 m | Used SVs: 15
9297,526,0x020E,VEL NED,30,391168.600,Comp. Doppler | COG: 90.00 deg | SOG: 0.05 m/s | Horiz Vel: 0.02 m/s | Vert Vel: -0.05 m/s | EHVE: 0.09 m/s | EVVE: 0.09 m/s
9297,520,0x0208,DOPS,23,391168.600,HDOP: 0.8 | PDOP: 1.6
9297,524,0x020C,BASELINE NED,30,391168.600,RTK Fixed | N: 45.613 m | E: -200.642 m | D: 13.634 m | Baseline: 206.213 m
9297,528,0x0210,CORR AGE,14,391168.600,1.6 s
9297,65282,0xFF02,DGNSS STATUS,12,,RTK | Signals: 15 | Latency: 1.6 s | ""
9297,97,0x0061,MEAS STATE,245,,Total SVs: 23 | L1: 9 | L2: 6 | G1: 5 | G2: 4 | E1: 3 | E2: 3 | B1: 6 | B2: 2 | SBAS: 1
9297,258,0x0102,GPS TIME,19,391168.700,Wk: 2293 | TOW ns: 14 | GNSS
9297,259,0x0103,UTC TIME,24,391168.700,2023-12-21 12:39:10.700 (GNSS) | UTC Offset: Decoded
9297,522,0x020A,POS LLA,42,391168.700,RTK Fixed | Lat: 45.5010913 deg | Lon: 9.1560061 deg | Alt: 173.153 m | Used SVs: 15
9297,526,0x020E,VEL NED,30,391168.700,Comp. Doppler | COG: 265.24 deg | SOG: 0.07 m/s | Horiz Vel: 0.01 m/s | Vert Vel: 0.07 m/s | EHVE: 0.09 m/s | EVVE: 0.09 m/s
9297,520,0x0208,DOPS,23,391168.700,HDOP: 0.8 | PDOP: 1.6
9297,524,0x020C,BASELINE NED,30,391168.700,RTK Fixed | N: 45.613 m | E: -200.643 m | D: 13.626 m | Baseline: 206.213 m
9297,528,0x0210,CORR AGE,14,391168.700,1.7 s
9297,65282,0xFF02,DGNSS STATUS,12,,RTK | Signals: 15 | Latency: 1.7 s | ""
9297,258,0x0102,GPS TIME,19,391168.800,Wk: 2293 | TOW ns: 15 | GNSS
9297,259,0x0103,UTC TIME,24,391168.800,2023-12-21 12:39:10.800 (GNSS) | UTC Offset: Decoded
9297,522,0x020A,POS LLA,42,391168.800,RTK Fixed | Lat: 45.5010913 deg | Lon: 9.1560061 deg | Alt: 173.156 m | Used SVs: 15
9297,526,0x020E,VEL NED,30,391168.800,Comp. Doppler | COG: 236.31 deg | SOG: 0.03 m/s | Horiz Vel: 0.00 m/s | Vert Vel: 0.03 m/s | EHVE: 0.09 m/s | EVVE: 0.09 m/s
9297,520,0x0208,DOPS,23,391168.800,HDOP: 0.8 | PDOP: 1.6
9297,524,0x020C,BASELINE NED,30,391168.800,RTK Fixed | N: 45.613 m | E: -200.643 m | D: 13.624 m | Baseline: 206.213 m
9297,528,0x0210,CORR AGE,14,391168.800,1.8 s
9297,65282,0xFF02,DGNSS STATUS,12,,RTK | Signals: 15 | Latency: 1.8 s | ""
9297,258,0x0102,GPS TIME,19,391168.900,Wk: 2293 | TOW ns: 15 | GNSS
9297,259,0x0103,UTC TIME,24,391168.900,2023-12-21 12:39:10.900 (GNSS) | UTC Offset: Decoded
9297,522,0x020A,POS LLA,42,391168.900,RTK Fixed | Lat: 45.5010913 deg | Lon: 9.1560061 deg | Alt: 173.153 m | Used SVs: 15
9297,526,0x020E,VEL NED,30,391168.900,Comp. Doppler | COG: 94.40 deg | SOG: 0.03 m/s | Horiz Vel: 0.01 m/s | Vert Vel: -0.03 m/s | EHVE: 0.09 m/s | EVVE: 0.09 m/s
9297,520,0x0208,DOPS,23,391168.900,HDOP: 0.8 | PDOP: 1.6
9297,524,0x020C,BASELINE NED,30,391168.900,RTK Fixed | N: 45.613 m | E: -200.642 m | D: 13.627 m | Baseline: 206.212 m
9297,528,0x0210,CORR AGE,14,391168.900,1.9 s
9297,65282,0xFF02,DGNSS STATUS,12,,RTK | Signals: 15 | Latency: 1.9 s | ""
9297,151,0x0097,SV AZ EL,116,,(27) [G10 312 18] [G12 228 36] [G13 148 34] [G14 54 11] [G15 196 57] [G17 62 33] [G19 98 40] [G22 52 30] [G23 272 24] [G24 310 71] [G25 234 3] [R1 294 54] [R2 334 13] [R8 196 43] [R9 62 9] [R11 286 58] [R12 254 7] [R20 94 16] [B10 54 29] [B14 244 47] [B24 274 58] [B26 56 65] [B33 284 42] [B35 108 23] [E4 296 55] [E19 168 54] [E21 54 65]
9297,74,0x004A,OBS,257,391169.000,Msg 1 of 3 (14) [G12-L1CA:PCDAr:51.8] [G10-L1CA:PCDAr:39.8] [G13-L1CA:PCDAr:50.8] [G15-L1CA:PCDAr:53.8] [G17-L1CA:PCDAr:43.8] [G19-L1CA:PCDAr:49.5] [G22-L1CA:PCDAr:42.5] [G24-L1CA:PCDAr:49.3] [G23-L1CA:PCDAr:48.8] [G24-L2CM:PCDAr:47.8] [G15-L2CM:PCDAr:48.8] [G17-L2CM:PCDar:30.0] [G12-L2CM:PCDAr:48.5] [G23-L2CM:PCDAr:44.3]
9297,74,0x004A,OBS,257,391169.000,Msg 2 of 3 (14) [G10-L2CM:PCDAr:35.3] [R11-L1OF:PCDAr:55.8] [R2-L1OF:PCDAr:41.5] [R1-L1OF:PCDAr:51.0] [R8-L1OF:PCDAr:51.0] [R20-L1OF:PCDAr:35.3] [R2-L2OF:PCDAr:36.8] [R11-L2OF:PCDAr:50.3] [R1-L2OF:PCDAr:44.3] [R8-L2OF:PCDAr:51.3] [B24-B1:PCDAr:54.5] [B10-B1:PCDAr:36.5] [B26-B1:PCDAr:51.0] [B33-B1:PCDAr:49.3]
9297,74,0x004A,OBS,172,391169.000,Msg 3 of 3 (9) [B35-B1:PCDAr:40.3] [B14-B1:PCDAr:52.0] [B14-B2:PCDAr:54.5] [E4-E1B:PCDAr:50.0] [E19-E1B:PCDAr:48.3] [E21-E1B:PCDAr:47.8] [E4-E7I:PCDAr:50.0] [E19-E7I:PCDAr:49.3] [E21-E7I:PCDAr:48.0]
9297,117,0x0075,GLO BIASES,17,,L1C: 0.00 m | L1P: 0.00 m | L2C: 0.00 m | L2P: 0.00 m
9297,258,0x0102,GPS TIME,19,391169.000,Wk: 2293 | TOW ns: 16 | GNSS
9297,259,0x0103,UTC TIME,24,391169.000,2023-12-21 12:39:11.000 (GNSS) | UTC Offset: Decoded
9297,522,0x020A,POS LLA,42,391169.000,RTK Fixed | Lat: 45.5010913 deg | Lon: 9.1560061 deg | Alt: 173.153 m | Used SVs: 15
9297,526,0x020E,VEL NED,30,391169.000,Comp. Doppler | COG: 173.66 deg | SOG: 0.01 m/s | Horiz Vel: 0.01 m/s | Vert Vel: 0.00 m/s | EHVE: 0.09 m/s | EVVE: 0.09 m/s
9297,520,0x0208,DOPS,23,391169.000,HDOP: 0.8 | PDOP: 1.6
9297,524,0x020C,BASELINE NED,30,391169.000,RTK Fixed | N: 45.612 m | E: -200.642 m | D: 13.626 m | Baseline: 206.212 m
9297,528,0x0210,CORR AGE,14,391169.000,2.0 s
9297,65282,0xFF02,DGNSS STATUS,12,,RTK | Signals: 15 | Latency: 2.0 s | ""
0,74,0x004A,OBS,257,391168.000,Msg 3 of 3 (14) [B14-B1:PCDAr:49.0] [B10-B1:PCDAr:42.3] [B29-B1:PCDAr:47.0] [B10-B2:PCDAr:46.0] [B7-B2:PCDAr:41.3] [B14-B2:PCDAr:53.5] [E4-E1B:PCDAr:50.3] [E27-E1B:PCDAr:41.3] [E19-E1B:PCDAr:46.3] [E21-E1B:PCDAr:51.8] [E4-E7I:PCDAr:53.3] [E21-E7I:PCDAr:53.3] [E27-E7I:PCDAr:41.5] [E19-E7I:PCDAr:48.0]
9297,258,0x0102,GPS TIME,19,391169.100,Wk: 2293 | TOW ns: 17 | GNSS
9297,259,0x0103,UTC TIME,24,391169.100,2023-12-21 12:39:11.100 (GNSS) | UTC Offset: Decoded
9297,522,0x020A,POS LLA,42,391169.100,RTK Fixed | Lat: 45.5010913 deg | Lon: 9.1560061 deg | Alt: 173.152 m | Used SVs: 15
9297,526,0x020E,VEL NED,30,391169.100,Comp. Doppler | COG: 150.26 deg | SOG: 0.02 m/s | Horiz Vel: 0.01 m/s | Vert Vel: -0.01 m/s | EHVE: 0.09 m/s | EVVE: 0.09 m/s
9297,520,0x0208,DOPS,23,391169.100,HDOP: 0.8 | PDOP: 1.6
9297,524,0x020C,BASELINE NED,30,391169.100,RTK Fixed | N: 45.611 m | E: -200.642 m | D: 13.627 m | Baseline: 206.212 m
9297,528,0x0210,CORR AGE,14,391169.100,2.1 s
9297,65282,0xFF02,DGNSS STATUS,12,,RTK | Signals: 15 | Latency: 2.1 s | ""
0,72,0x0048,BASE POS ECEF,32,,X: 4421114.209 m | Y: 712784.166 m | Z: 4526655.471 m (Lat: 45.5006809 deg | Lon: 9.1585732 deg | Alt: 186.776 m)
0,74,0x004A,OBS,257,391169.000,Msg 1 of 3 (14) [G10-L1CA:PCDAr:44.8] [G23-L1CA:PCDAr:47.5] [G15-L1CA:PCDAr:54.0] [G13-L1CA:PCDAr:50.0] [G14-L1CA:PCDAr:45.3] [G19-L1CA:PCDAr:51.5] [G24-L1CA:PCDAr:54.8] [G22-L1CA:PCDAr:50.0] [G17-L1CA:PCDAr:49.0] [G12-L1CA:PCDAr:52.8] [G10-L2CM:PCDAr:44.0] [G23-L2CM:PCDAr:45.0] [G24-L2CM:PCDAr:52.5] [G15-L2CM:PCDAr:49.0]
0,74,0x004A,OBS,257,391169.000,Msg 2 of 3 (14) [G14-L2CM:PCDAr:40.0] [G17-L2CM:PCDAr:45.3] [G12-L2CM:PCDAr:46.5] [R1-L1OF:PCDAr:50.8] [R8-L1OF:PCDAr:46.8] [R11-L1OF:PCDAr:56.3] [R10-L1OF:PCDAr:49.3] [R11-L2OF:PCDAr:52.5] [R1-L2OF:PCDAr:45.0] [B7-B1:PCDAr:42.8] [B35-B1:PCDAr:45.3] [B24-B1:PCDAr:53.3] [B33-B1:PCDAr:51.0] [B26-B1:PCDAr:54.0]
9297,97,0x0061,MEAS STATE,245,,Total SVs: 19 | L1: 9 | L2: 6 | G1: 0 | G2: 0 | E1: 3 | E2: 3 | B1: 6 | B2: 2 | SBAS: 1
9297,258,0x0102,GPS TIME,19,391169.200,Wk: 2293 | TOW ns: 17 | GNSS
9297,259,0x0103,UTC TIME,24,391169.200,2023-12-21 12:39:11.200 (GNSS) | UTC Offset: Decoded
9297,522,0x020A,POS LLA,42,391169.200,RTK Fixed | Lat: 45.5010913 deg | Lon: 9.1560061 deg | Alt: 173.157 m | Used SVs: 15
9297,526,0x020E,VEL NED,30,391169.200,Comp. Doppler | COG: 341.57 deg | SOG: 0.03 m/s | Horiz Vel: 0.01 m/s | Vert Vel: 0.03 m/s | EHVE: 0.09 m/s | EVVE: 0.09 m/s
9297,520,0x0208,DOPS,23,391169.200,HDOP: 0.8 | PDOP: 1.6
9297,524,0x020C,BASELINE NED,30,391169.200,RTK Fixed | N: 45.613 m | E: -200.642 m | D: 13.622 m | Baseline: 206.212 m
9297,528,0x0210,CORR AGE,14,391169.200,1.2 s
9297,65282,0xFF02,DGNSS STATUS,12,,RTK | Signals: 15 | Latency: 1.2 s | ""
9297,258,0x0102,GPS TIME,19,391169.300,Wk: 2293 | TOW ns: 18 | GNSS
9297,259,0x0103,UTC TIME,24,391169.300,2023-12-21 12:39:11.300 (GNSS) | UTC Offset: Decoded
9297,522,0x020A,POS LLA,42,391169.300,RTK Fixed | Lat: 45.5010913 deg | Lon: 9.1560061 deg | Alt: 173.158 m | Used SVs: 15
9297,526,0x020E,VEL NED,30,391169.300,Comp. Doppler | COG: 333.43 deg | SOG: 0.02 m/s | Horiz Vel: 0.00 m/s | Vert Vel: -0.01 m/s | EHVE: 0.09 m/s | EVVE: 0.09 m/s
9297,520,0x0208,DOPS,23,391169.300,HDOP: 0.8 | PDOP: 1.6
9297,524,0x020C,BASELINE NED,30,391169.300,RTK Fixed | N: 45.612 m | E: -200.643 m | D: 13.621 m | Baseline: 206.213 m
9297,528,0x0210,CORR AGE,14,391169.300,1.3 s
9297,65282,0xFF02,DGNSS STATUS,12,,RTK | Signals: 15 | Latency: 1.3 s | ""
9297,30583,0x7777,SBAS RAW,42,,
9297,258,0x0102,GPS TIME,19,391169.400,Wk: 2293 | TOW ns: 19 | GNSS
9297,259,0x0103,UTC TIME,24,391169.400,2023-12-21 12:39:11.400 (GNSS) | UTC Offset: Decoded
9297,522,0x020A,POS LLA,42,391169.400,RTK Fixed | Lat: 45.5010913 deg | Lon: 9.1560061 deg | Alt: 173.162 m | Used SVs: 15
9297,526,0x020E,VEL NED,30,391169.400,Comp. Doppler | COG: 182.49 deg | SOG: 0.05 m/s | Horiz Vel: 0.02 m/s | Vert Vel: 0.04 m/s | EHVE: 0.09 m/s | EVVE: 0.09 m/s
9297,520,0x0208,DOPS,23,391169.400,HDOP: 0.8 | PDOP: 1.6
9297,524,0x020C,BASELINE NED,30,391169.400,RTK Fixed | N: 45.610 m | E: -200.643 m | D: 13.618 m | Baseline: 206.212 m
9297,528,0x0210,CORR AGE,14,391169.400,1.4 s
9297,65282,0xFF02,DGNSS STATUS,12,,RTK | Signals: 15 | Latency: 1.4 s | ""
9297,65535,0xFFFF,HEARTBEAT,12,,ANT OK | NAP OK | IO OK | SYS OK
9297,117,0x0075,GLO BIASES,17,,L1C: 0.00 m | L1P: 0.00 m | L2C: 0.00 m | L2P: 0.00 m
9297,258,0x0102,GPS TIME,19,391169.500,Wk: 2293 | TOW ns: 19 | GNSS
9297,259,0x0103,UTC TIME,24,391169.500,2023-12-21 12:39:11.500 (GNSS) | UTC Offset: Decoded
9297,522,0x020A,POS LLA,42,391169.500,RTK Fixed | Lat: 45.5010913 deg | Lon: 9.1560061 deg | Alt: 173.158 m | Used SVs: 15
9297,526,0x020E,VEL NED,30,391169.500,Comp. Doppler | COG: 220.60 deg | SOG: 0.02 m/s | Horiz Vel: 0.01 m/s | Vert Vel: -0.02 m/s | EHVE: 0.09 m/s | EVVE: 0.09 m/s
9297,520,0x0208,DOPS,23,391169.500,HDOP: 0.8 | PDOP: 1.6
9297,524,0x020C,BASELINE NED,30,391169.500,RTK Fixed | N: 45.610 m | E: -200.644 m | D: 13.621 m | Baseline: 206.213 m
9297,528,0x0210,CORR AGE,14,391169.500,1.5 s
9297,65282,0xFF02,DGNSS STATUS,12,,RTK | Signals: 15 | Latency: 1.5 s | ""
9297,258,0x0102,GPS TIME,19,391169.600,Wk: 2293 | TOW ns: 13 | GNSS
9297,259,0x0103,UTC TIME,24,391169.600,2023-12-21 12:39:11.600 (GNSS) | UTC Offset: Decoded
9297,522,0x020A,POS LLA,42,391169.600,RTK Fixed | Lat: 45.5010913 deg | Lon: 9.1560061 deg | Alt: 173.158 m | Used SVs: 15
9297,526,0x020E,VEL NED,30,391169.600,Comp. Doppler | COG: 180.00 deg | SOG: 0.01 m/s | Horiz Vel: 0.01 m/s | Vert Vel: -0.01 m/s | EHVE: 0.09 m/s | EVVE: 0.09 m/s
9297,520,0x0208,DOPS,23,391169.600,HDOP: 0.8 | PDOP: 1.6
9297,524,0x020C,BASELINE NED,30,391169.600,RTK Fixed | N: 45.609 m | E: -200.644 m | D: 13.621 m | Baseline: 206.213 m
9297,528,0x0210,CORR AGE,14,391169.600,1.6 s
9297,65282,0xFF02,DGNSS STATUS,12,,RTK | Signals: 15 | Latency: 1.6 s | ""
9297,97,0x0061,MEAS STATE,245,,Total SVs: 23 | L1: 9 | L2: 6 | G1: 5 | G2: 4 | E1: 3 | E2: 3 | B1: 6 | B2: 2 | SBAS: 1
9297,258,0x0102,GPS TIME,19,391169.700,Wk: 2293 | TOW ns: 14 | GNSS
9297,259,0x0103,UTC TIME,24,391169.700,2023-12-21 12:39:11.700 (GNSS) | UTC Offset: Decoded
9297,522,0x020A,POS LLA,42,391169.700,RTK Fixed | Lat: 45.5010913 deg | Lon: 9.1560061 deg | Alt: 173.155 m | Used SVs: 15
9297,526,0x020E,VEL NED,30,391169.700,Comp. Doppler | COG: 56.31 deg | SOG: 0.02 m/s | Horiz Vel: 0.01 m/s | Vert Vel: -0.02 m/s | EHVE: 0.09 m/s | EVVE: 0.09 m/s
9297,520,0x0208,DOPS,23,391169.700,HDOP: 0.8 | PDOP: 1.6
9297,524,0x020C,BASELINE NED,30,391169.700,RTK Fixed | N: 45.610 m | E: -200.644 m | D: 13.624 m | Baseline: 206.213 m
9297,528,0x0210,CORR AGE,14,391169.700,1.7 s
9297,65282,0xFF02,DGNSS STATUS,12,,RTK | Signals: 15 | Latency: 1.7 s | ""
9297,258,0x0102,GPS TIME,19,391169.800,Wk: 2293 | TOW ns: 14 | GNSS
9297,259,0x0103,UTC TIME,24,391169.800,2023-12-21 12:39:11.800 (GNSS) | UTC Offset: Decoded
9297,522,0x020A,POS LLA,42,391169.800,RTK Fixed | Lat: 45.5010913 deg | Lon: 9.1560061 deg | Alt: 173.162 m | Used SVs: 15
9297,526,0x020E,VEL NED,30,391169.800,Comp. Doppler | COG: 135.00 deg | SOG: 0.07 m/s | Horiz Vel: 0.01 m/s | Vert Vel: 0.07 m/s | EHVE: 0.09 m/s | EVVE: 0.09 m/s
9297,520,0x0208,DOPS,23,391169.800,HDOP: 0.8 | PDOP: 1.6
9297,524,0x020C,BASELINE NED,30,391169.800,RTK Fixed | N: 45.609 m | E: -200.643 m | D: 13.618 m | Baseline: 206.212 m
9297,528,0x0210,CORR AGE,14,391169.800,1.8 s
9297,65282,0xFF02,DGNSS STATUS,12,,RTK | Signals: 15 | Latency: 1.8 s | ""
9297,258,0x0102,GPS TIME,19,391169.900,Wk: 2293 | TOW ns: 15 | GNSS
9297,259,0x0103,UTC TIME,24,391169.900,2023-12-21 12:39:11.900 (GNSS) | UTC Offset: Decoded
9297,522,0x020A,POS LLA,42,391169.900,RTK Fixed | Lat: 45.5010913 deg | Lon: 9.1560061 deg | Alt: 173.160 m | Used SVs: 15
9297,526,0x020E,VEL NED,30,391169.900,Comp. Doppler | COG: 105.26 deg | SOG: 0.01 m/s | Horiz Vel: 0.01 m/s | Vert Vel: -0.01 m/s | EHVE: 0.09 m/s | EVVE: 0.09 m/s
9297,520,0x0208,DOPS,23,391169.900,HDOP: 0.8 | PDOP: 1.6
9297,524,0x020C,BASELINE NED,30,391169.900,RTK Fixed | N: 45.609 m | E: -200.642 m | D: 13.620 m | Baseline: 206.211 m
9297,528,0x0210,CORR AGE,14,391169.900,1.9 s
9297,65282,0xFF02,DGNSS STATUS,12,,RTK | Signals: 15 | Latency: 1.9 s | ""
9297,151,0x0097,SV AZ EL,116,,(27) [G10 312 18] [G12 228 36] [G13 148 34] [G14 54 11] [G15 196 57] [G17 62 33] [G19 98 40] [G22 52 30] [G23 272 24] [G24 310 71] [G25 234 3] [R1 294 54] [R2 334 13] [R8 196 43] [R9 62 9] [R11 286 58] [R12 254 7] [R20 94 16] [B10 54 29] [B14 244 47] [B24 274 58] [B26 56 65] [B33 284 42] [B35 108 23] [E4 296 55] [E19 168 54] [E21 54 65]
9297,74,0x004A,OBS,257,391170.000,Msg 1 of 3 (14) [G12-L1CA:PCDAr:51.8] [G10-L1CA:PCDAr:40.3] [G13-L1CA:PCDAr:51.0] [G15-L1CA:PCDAr:53.5] [G17-L1CA:PCDAr:42.3] [G19-L1CA:PCDAr:49.8] [G22-L1CA:PCDAr:42.8] [G24-L1CA:PCDAr:49.5] [G23-L1CA:PCDAr:49.3] [G24-L2CM:PCDAr:47.3] [G15-L2CM:PCDAr:48.3] [G17-L2CM:PCDAr:34.0] [G12-L2CM:PCDAr:48.0] [G23-L2CM:PCDAr:45.0]
9297,74,0x004A,OBS,257,391170.000,Msg 2 of 3 (14) [G10-L2CM:PCDAr:37.8] [R11-L1OF:PCDAr:55.8] [R2-L1OF:PCDAr:40.8] [R1-L1OF:PCDAr:50.8] [R8-L1OF:PCDAr:51.3] [R2-L2OF:PCDAr:35.3] [R11-L2OF:PCDAr:50.3] [R1-L2OF:PCDAr:44.5] [R8-L2OF:PCDAr:51.5] [B24-B1:PCDAr:54.5] [B10-B1:PCDAr:36.3] [B26-B1:PCDAr:50.3] [B33-B1:PCDAr:49.5] [B35-B1:PCDAr:39.5]
9297,74,0x004A,OBS,155,391170.000,Msg 3 of 3 (8) [B14-B1:PCDAr:52.3] [B14-B2:PCDAr:55.0] [E4-E1B:PCDAr:50.3] [E19-E1B:PCDAr:48.3] [E21-E1B:PCDAr:46.5] [E4-E7I:PCDAr:50.0] [E19-E7I:PCDAr:49.0] [E21-E7I:PCDAr:47.5]
9297,117,0x0075,GLO BIASES,17,,L1C: 0.00 m | L1P: 0.00 m | L2C: 0.00 m | L2P: 0.00 m
9297,258,0x0102,GPS TIME,19,391170.000,Wk: 2293 | TOW ns: 16 | GNSS
9297,259,0x0103,UTC TIME,24,391170.000,2023-12-21 12:39:12.000 (GNSS) | UTC Offset: Decoded
9297,522,0x020A,POS LLA,42,391170.000,RTK Fixed | Lat: 45.5010913 deg | Lon: 9.1560061 deg | Alt: 173.162 m | Used SVs: 15
9297,526,0x020E,VEL NED,30,391170.000,Comp. Doppler | COG: 201.80 deg | SOG: 0.02 m/s | Horiz Vel: 0.01 m/s | Vert Vel: 0.02 m/s | EHVE: 0.09 m/s | EVVE: 0.09 m/s
9297,520,0x0208,DOPS,23,391170.000,HDOP: 0.8 | PDOP: 1.6
9297,524,0x020C,BASELINE NED,30,391170.000,RTK Fixed | N: 45.608 m | E: -200.643 m | D: 13.618 m | Baseline: 206.211 m
9297,528,0x0210,CORR AGE,14,391170.000,2.0 s
9297,65282,0xFF02,DGNSS STATUS,12,,RTK | Signals: 15 | Latency: 2.0 s | ""
9297,258,0x0102,GPS TIME,19,391170.100,Wk: 2293 | TOW ns: 16 | GNSS
9297,259,0x0103,UTC TIME,24,391170.100,2023-12-21 12:39:12.100 (GNSS) | UTC Offset: Decoded
9297,522,0x020A,POS LLA,42,391170.100,RTK Fixed | Lat: 45.5010913 deg | Lon: 9.1560061 deg | Alt: 173.156 m | Used SVs: 15
9297,526,0x020E,VEL NED,30,391170.100,Comp. Doppler | COG: 348.69 deg | SOG: 0.06 m/s | Horiz Vel: 0.01 m/s | Vert Vel: -0.06 m/s | EHVE: 0.09 m/s | EVVE: 0.09 m/s
9297,520,0x0208,DOPS,23,391170.100,HDOP: 0.8 | PDOP: 1.6
9297,524,0x020C,BASELINE NED,30,391170.100,RTK Fixed | N: 45.608 m | E: -200.643 m | D: 13.624 m | Baseline: 206.212 m
9297,528,0x0210,CORR AGE,14,391170.100,2.1 s
9297,65282,0xFF02,DGNSS STATUS,12,,RTK | Signals: 15 | Latency: 2.1 s | ""
9297,97,0x0061,MEAS STATE,245,,Total SVs: 19 | L1: 9 | L2: 6 | G1: 0 | G2: 0 | E1: 3 | E2: 3 | B1: 6 | B2: 2 | SBAS: 1
9297,258,0x0102,GPS TIME,19,391170.200,Wk: 2293 | TOW ns: 17 | GNSS
9297,259,0x0103,UTC TIME,24,391170.200,2023-12-21 12:39:12.200 (GNSS) | UTC Offset: Decoded
9297,522,0x020A,POS LLA,42,391170.200,RTK Fixed | Lat: 45.5010913 deg | Lon: 9.1560061 deg | Alt: 173.161 m | Used SVs: 15
9297,526,0x020E,VEL NED,30,391170.200,Comp. Doppler | COG: 345.96 deg | SOG: 0.04 m/s | Horiz Vel: 0.00 m/s | Vert Vel: 0.04 m/s | EHVE: 0.09 m/s | EVVE: 0.09 m/s
9297,520,0x0208,DOPS,23,391170.200,HDOP: 0.8 | PDOP: 1.6
9297,524,0x020C,BASELINE NED,30,391170.200,RTK Fixed | N: 45.608 m | E: -200.643 m | D: 13.619 m | Baseline: 206.211 m
9297,528,0x0210,CORR AGE,14,391170.200,2.2 s
9297,65282,0xFF02,DGNSS STATUS,12,,RTK | Signals: 15 | Latency: 2.2 s | ""
0,74,0x004A,OBS,257,391169.000,Msg 3 of 3 (14) [B14-B1:PCDAr:49.0] [B10-B1:PCDAr:42.0] [B29-B1:PCDAr:47.0] [B10-B2:PCDAr:46.0] [B7-B2:PCDAr:41.5] [B14-B2:PCDAr:53.5] [E4-E1B:PCDAr:50.5] [E27-E1B:PCDAr:41.3] [E19-E1B:PCDAr:46.3] [E21-E1B:PCDAr:51.8] [E4-E7I:PCDAr:53.0] [E21-E7I:PCDAr:53.3] [E27-E7I:PCDAr:41.5] [E19-E7I:PCDAr:48.0]
0,72,0x0048,BASE POS ECEF,32,,X: 4421114.209 m | Y: 712784.166 m | Z: 4526655.471 m (Lat: 45.5006809 deg | Lon: 9.1585732 deg | Alt: 186.776 m)
0,74,0x004A,OBS,257,391170.000,Msg 1 of 3 (14) [G10-L1CA:PCDAr:44.8] [G23-L1CA:PCDAr:47.5] [G15-L1CA:PCDAr:54.0] [G13-L1CA:PCDAr:50.0] [G14-L1CA:PCDAr:45.0] [G19-L1CA:PCDAr:51.5] [G24-L1CA:PCDAr:54.8] [G22-L1CA:PCDAr:50.0] [G17-L1CA:PCDAr:48.8] [G12-L1CA:PCDAr:52.5] [G10-L2CM:PCDAr:44.3] [G23-L2CM:PCDAr:45.3] [G24-L2CM:PCDAr:52.5] [G15-L2CM:PCDAr:49.0]
9297,30583,0x7777,SBAS RAW,42,,
9297,258,0x0102,GPS TIME,19,391170.300,Wk: 2293 | TOW ns: 18 | GNSS
9297,259,0x0103,UTC TIME,24,391170.300,2023-12-21 12:39:12.300 (GNSS) | UTC Offset: Decoded
9297,522,0x020A,POS LLA,42,391170.300,RTK Fixed | Lat: 45.5010913 deg | Lon: 9.1560061 deg | Alt: 173.162 m | Used SVs: 15
9297,526,0x020E,VEL NED,30,391170.300,Comp. Doppler | COG: 270.00 deg | SOG: 0.02 m/s | Horiz Vel: 0.00 m/s | Vert Vel: 0.02 m/s | EHVE: 0.09 m/s | EVVE: 0.09 m/s
9297,520,0x0208,DOPS,23,391170.300,HDOP: 0.8 | PDOP: 1.6
9297,524,0x020C,BASELINE NED,30,391170.300,RTK Fixed | N: 45.609 m | E: -200.644 m | D: 13.618 m | Baseline: 206.213 m
9297,528,0x0210,CORR AGE,14,391170.300,2.3 s
9297,65282,0xFF02,DGNSS STATUS,12,,RTK | Signals: 15 | Latency: 2.3 s | ""
0,74,0x004A,OBS,257,391170.000,Msg 2 of 3 (14) [G14-L2CM:PCDAr:40.0] [G17-L2CM:PCDAr:45.3] [G12-L2CM:PCDAr:46.8] [R1-L1OF:PCDAr:50.8] [R8-L1OF:PCDAr:46.8] [R11-L1OF:PCDAr:56.5] [R10-L1OF:PCDAr:49.5] [R11-L2OF:PCDAr:52.5] [R1-L2OF:PCDAr:44.8] [B7-B1:PCDAr:43.3] [B35-B1:PCDAr:46.0] [B24-B1:PCDAr:54.0] [B33-B1:PCDAr:51.5] [B26-B1:PCDAr:54.8]
9297,258,0x0102,GPS TIME,19,391170.400,Wk: 2293 | TOW ns: 18 | GNSS
9297,259,0x0103,UTC TIME,24,391170.400,2023-12-21 12:39:12.400 (GNSS) | UTC Offset: Decoded
9297,522,0x020A,POS LLA,42,391170.400,RTK Fixed | Lat: 45.5010913 deg | Lon: 9.1560061 deg | Alt: 173.158 m | Used SVs: 15
9297,526,0x020E,VEL NED,30,391170.400,Comp. Doppler | COG: 185.19 deg | SOG: 0.03 m/s | Horiz Vel: 0.01 m/s | Vert Vel: 0.03 m/s | EHVE: 0.09 m/s | EVVE: 0.09 m/s
9297,520,0x0208,DOPS,23,391170.400,HDOP: 0.8 | PDOP: 1.6
9297,524,0x020C,BASELINE NED,30,391170.400,RTK Fixed | N: 45.609 m | E: -200.644 m | D: 13.622 m | Baseline: 206.213 m
9297,528,0x0210,CORR AGE,14,391170.400,1.4 s
9297,65282,0xFF02,DGNSS STATUS,12,,RTK | Signals: 15 | Latency: 1.4 s | ""
9297,65535,0xFFFF,HEARTBEAT,12,,ANT OK | NAP OK | IO OK | SYS OK
9297,23,0x0017,THREAD STATE,34,,main | 0.0 % | 65532 B
9297,23,0x0017,THREAD STATE,34,,idle | 1.2 % | 124 B
9297,23,0x0017,THREAD STATE,34,,rpmsg | 0.2 % | 3628 B
9297,23,0x0017,THREAD STATE,34,,rpmsg_imu | 0.0 % | 3660 B
9297,23,0x0017,THREAD STATE,34,,SBP | 0.0 % | 65532 B
9297,23,0x0017,THREAD STATE,34,,NAP | 0.0 % | 32812 B
9297,23,0x0017,THREAD STATE,34,,manage PV | 0.0 % | 1052 B
9297,23,0x0017,THREAD STATE,34,,IMU | 0.0 % | 2044 B
9297,23,0x0017,THREAD STATE,34,,IMU aux | 0.0 % | 2164 B
9297,23,0x0017,THREAD STATE,34,,ndb | 0.0 % | 3176 B
9297,23,0x0017,THREAD STATE,34,,NAP Tracking | 26.0 % | 30476 B
9297,23,0x0017,THREAD STATE,34,,decode | 0.6 % | 1588 B
9297,23,0x0017,THREAD STATE,34,,manage acq | 33.2 % | 30452 B
9297,23,0x0017,THREAD STATE,34,,system monitor | 0.1 % | 1548 B
9297,23,0x0017,THREAD STATE,34,,Watchdog | 0.0 % | 1108 B
9297,23,0x0017,THREAD STATE,34,,starling | 31.7 % | 65532 B
9297,23,0x0017,THREAD STATE,34,,time matched obs | 6.2 % | 65532 B
9297,23,0x0017,THREAD STATE,34,,me_calc_pvt | 0.7 % | 18804 B
9297,23,0x0017,THREAD STATE,34,,PPS | 0.0 % | 1840 B
9297,23,0x0017,THREAD STATE,34,,spectrum analyzer | 0.0 % | 4044 B
9297,117,0x0075,GLO BIASES,17,,L1C: 0.00 m | L1P: 0.00 m | L2C: 0.00 m | L2P: 0.00 m
9297,258,0x0102,GPS TIME,19,391170.500,Wk: 2293 | TOW ns: 19 | GNSS
9297,259,0x0103,UTC TIME,24,391170.500,2023-12-21 12:39:12.500 (GNSS) | UTC Offset: Decoded
9297,522,0x020A,POS LLA,42,391170.500,RTK Fixed | Lat: 45.5010913 deg | Lon: 9.1560061 deg | Alt: 173.158 m | Used SVs: 15
9297,526,0x020E,VEL NED,30,391170.500,Comp. Doppler | COG: 36.87 deg | SOG: 0.01 m/s | Horiz Vel: 0.01 m/s | Vert Vel: -0.01 m/s | EHVE: 0.09 m/s | EVVE: 0.09 m/s
9297,520,0x0208,DOPS,23,391170.500,HDOP: 0.8 | PDOP: 1.6
9297,524,0x020C,BASELINE NED,30,391170.500,RTK Fixed | N: 45.610 m | E: -200.643 m | D: 13.622 m | Baseline: 206.212 m
9297,528,0x0210,CORR AGE,14,391170.500,1.5 s
9297,65282,0xFF02,DGNSS STATUS,12,,RTK | Signals: 15 | Latency: 1.5 s | ""
9297,258,0x0102,GPS TIME,19,391170.600,Wk: 2293 | TOW ns: 20 | GNSS
9297,259,0x0103,UTC TIME,24,391170.600,2023-12-21 12:39:12.600 (GNSS) | UTC Offset: Decoded
9297,522,0x020A,POS LLA,42,391170.600,RTK Fixed | Lat: 45.5010913 deg | Lon: 9.1560061 deg | Alt: 173.158 m | Used SVs: 15
9297,526,0x020E,VEL NED,30,391170.600,Comp. Doppler | COG: 36.87 deg | SOG: 0.01 m/s | Horiz Vel: 0.01 m/s | Vert Vel: -0.01 m/s | EHVE: 0.09 m/s | EVVE: 0.09 m/s
9297,520,0x0208,DOPS,23,391170.600,HDOP: 0.8 | PDOP: 1.6
9297,524,0x020C,BASELINE NED,30,391170.600,RTK Fixed | N: 45.611 m | E: -200.643 m | D: 13.622 m | Baseline: 206.212 m
9297,528,0x0210,CORR AGE,14,391170.600,1.6 s
9297,65282,0xFF02,DGNSS STATUS,12,,RTK | Signals: 15 | Latency: 1.6 s | ""
9297,97,0x0061,MEAS STATE,245,,Total SVs: 23 | L1: 9 | L2: 6 | G1: 5 | G2: 4 | E1: 3 | E2: 3 | B1: 6 | B2: 2 | SBAS: 1
9297,258,0x0102,GPS TIME,19,391170.700,Wk: 2293 | TOW ns: 13 | GNSS
9297,259,0x0103,UTC TIME,24,391170.700,2023-12-21 12:39:12.700 (GNSS) | UTC Offset: Decoded
9297,522,0x020A,POS LLA,42,391170.700,RTK Fixed | Lat: 45.5010913 deg | Lon: 9.1560061 deg | Alt: 173.157 m | Used SVs: 15
9297,526,0x020E,VEL NED,30,391170.700,Comp. Doppler | COG: 45.00 deg | SOG: 0.02 m/s | Horiz Vel: 0.00 m/s | Vert Vel: -0.02 m/s | EHVE: 0.09 m/s | EVVE: 0.09 m/s
9297,520,0x0208,DOPS,23,391170.700,HDOP: 0.8 | PDOP: 1.6
9297,524,0x020C,BASELINE NED,30,391170.700,RTK Fixed | N: 45.611 m | E: -200.643 m | D: 13.623 m | Baseline: 206.212 m
9297,528,0x0210,CORR AGE,14,391170.700,1.7 s
9297,65282,0xFF02,DGNSS STATUS,12,,RTK | Signals: 15 | Latency: 1.7 s | ""
9297,258,0x0102,GPS TIME,19,391170.800,Wk: 2293 | TOW ns: 14 | GNSS
9297,259,0x0103,UTC TIME,24,391170.800,2023-12-21 12:39:12.800 (GNSS) | UTC Offset: Decoded
9297,522,0x020A,POS LLA,42,391170.800,RTK Fixed | Lat: 45.5010913 deg | Lon: 9.1560061 deg | Alt: 173.160 m | Used SVs: 15
9297,526,0x020E,VEL NED,30,391170.800,Comp. Doppler | COG: 191.31 deg | SOG: 0.03 m/s | Horiz Vel: 0.01 m/s | Vert Vel: 0.03 m/s | EHVE: 0.09 m/s | EVVE: 0.09 m/s
9297,520,0x0208,DOPS,23,391170.800,HDOP: 0.8 | PDOP: 1.6
9297,524,0x020C,BASELINE NED,30,391170.800,RTK Fixed | N: 45.610 m | E: -200.644 m | D: 13.619 m | Baseline: 206.213 m
9297,528,0x0210,CORR AGE,14,391170.800,1.8 s
9297,65282,0xFF02,DGNSS STATUS,12,,RTK | Signals: 15 | Latency: 1.8 s | ""
9297,258,0x0102,GPS TIME,19,391170.900,Wk: 2293 | TOW ns: 15 | GNSS
9297,259,0x0103,UTC TIME,24,391170.900,2023-12-21 12:39:12.900 (GNSS) | UTC Offset: Decoded
9297,522,0x020A,POS LLA,42,391170.900,RTK Fixed | Lat: 45.5010913 deg | Lon: 9.1560061 deg | Alt: 173.157 m | Used SVs: 15
9297,526,0x020E,VEL NED,30,391170.900,Comp. Doppler | COG: 86.42 deg | SOG: 0.04 m/s | Horiz Vel: 0.02 m/s | Vert Vel: -0.04 m/s | EHVE: 0.09 m/s | EVVE: 0.09 m/s
9297,520,0x0208,DOPS,23,391170.900,HDOP: 0.8 | PDOP: 1.6
9297,524,0x020C,BASELINE NED,30,391170.900,RTK Fixed | N: 45.610 m | E: -200.643 m | D: 13.622 m | Baseline: 206.212 m
9297,528,0x0210,CORR AGE,14,391170.900,1.9 s
9297,65282,0xFF02,DGNSS STATUS,12,,RTK | Signals: 15 | Latency: 1.9 s | ""
9297,151,0x0097,SV AZ EL,116,,(27) [G10 312 18] [G12 228 36] [G13 148 34] [G14 54 11] [G15 196 57] [G17 62 33] [G19 98 40] [G22 52 30] [G23 272 24] [G24 310 71] [G25 234 3] [R1 294 54] [R2 334 13] [R8 196 43] [R9 62 9] [R11 286 58] [R12 254 7] [R20 94 16] [B10 54 29] [B14 244 47] [B24 274 58] [B26 56 65] [B33 284 42] [B35 108 23] [E4 296 55] [E19 168 54] [E21 54 65]
9297,74,0x004A,OBS,257,391171.000,Msg 1 of 3 (14) [G12-L1CA:PCDAr:51.5] [G10-L1CA:PCDAr:39.3] [G13-L1CA:PCDAr:50.8] [G15-L1CA:PCDAr:53.5] [G17-L1CA:PCDAr:41.5] [G19-L1CA:PCDAr:49.8] [G22-L1CA:PCDAr:42.5] [G24-L1CA:PCDAr:49.3] [G23-L1CA:PCDAr:48.8] [G24-L2CM:PCDAr:47.0] [G15-L2CM:PCDAr:48.3] [G17-L2CM:PCDAr:34.0] [G12-L2CM:PCDAr:48.3] [G23-L2CM:PCDAr:44.5]
9297,74,0x004A,OBS,257,391171.000,Msg 2 of 3 (14) [G10-L2CM:PCDAr:38.3] [R11-L1OF:PCDAr:55.8] [R2-L1OF:PCDAr:40.3] [R1-L1OF:PCDAr:51.3] [R8-L1OF:PCDAr:51.3] [R20-L1OF:PCDar:34.8] [R2-L2OF:PCDAr:36.0] [R11-L2OF:PCDAr:50.5] [R1-L2OF:PCDAr:44.3] [R8-L2OF:PCDAr:51.5] [B24-B1:PCDAr:54.3] [B10-B1:PCDAr:36.0] [B26-B1:PCDAr:50.0] [B33-B1:PCDAr:49.3]
9297,74,0x004A,OBS,172,391171.000,Msg 3 of 3 (9) [B35-B1:PCDAr:39.5] [B14-B1:PCDAr:51.8] [B14-B2:PCDAr:54.5] [E4-E1B:PCDAr:50.5] [E19-E1B:PCDAr:48.5] [E21-E1B:PCDAr:46.8] [E4-E7I:PCDAr:49.5] [E19-E7I:PCDAr:48.8] [E21-E7I:PCDAr:47.5]
9297,117,0x0075,GLO BIASES,17,,L1C: 0.00 m | L1P: 0.00 m | L2C: 0.00 m | L2P: 0.00 m
9297,258,0x0102,GPS TIME,19,391171.000,Wk: 2293 | TOW ns: 15 | GNSS
9297,259,0x0103,UTC TIME,24,391171.000,2023-12-21 12:39:13.000 (GNSS) | UTC Offset: Decoded
9297,522,0x020A,POS LLA,42,391171.000,RTK Fixed | Lat: 45.5010913 deg | Lon: 9.1560061 deg | Alt: 173.154 m | Used SVs: 15
9297,526,0x020E,VEL NED,30,391171.000,Comp. Doppler | COG: 34.70 deg | SOG: 0.04 m/s | Horiz Vel: 0.02 m/s | Vert Vel: -0.04 m/s | EHVE: 0.09 m/s | EVVE: 0.09 m/s
9297,520,0x0208,DOPS,23,391171.000,HDOP: 0.8 | PDOP: 1.6
9297,524,0x020C,BASELINE NED,30,391171.000,RTK Fixed | N: 45.611 m | E: -200.642 m | D: 13.625 m | Baseline: 206.212 m
9297,528,0x0210,CORR AGE,14,391171.000,2.0 s
9297,65282,0xFF02,DGNSS STATUS,12,,RTK | Signals: 15 | Latency: 2.0 s | ""
9297,258,0x0102,GPS TIME,19,391171.100,Wk: 2293 | TOW ns: 16 | GNSS
9297,259,0x0103,UTC TIME,24,391171.100,2023-12-21 12:39:13.100 (GNSS) | UTC Offset: Decoded
9297,522,0x020A,POS LLA,42,391171.100,RTK Fixed | Lat: 45.5010913 deg | Lon: 9.1560061 deg | Alt: 173.158 m | Used SVs: 15
9297,526,0x020E,VEL NED,30,391171.100,Comp. Doppler | COG: 189.46 deg | SOG: 0.04 m/s | Horiz Vel: 0.02 m/s | Vert Vel: 0.04 m/s | EHVE: 0.09 m/s | EVVE: 0.09 m/s
9297,520,0x0208,DOPS,23,391171.100,HDOP: 0.8 | PDOP: 1.6
9297,524,0x020C,BASELINE NED,30,391171.100,RTK Fixed | N: 45.609 m | E: -200.643 m | D: 13.622 m | Baseline: 206.212 m
9297,528,0x0210,CORR AGE,14,391171.100,2.1 s
9297,65282,0xFF02,DGNSS STATUS,12,,RTK | Signals: 15 | Latency: 2.1 s | ""
9297,97,0x0061,MEAS STATE,245,,Total SVs: 19 | L1: 9 | L2: 6 | G1: 0 | G2: 0 | E1: 3 | E2: 3 | B1: 6 | B2: 2 | SBAS: 1
9297,258,0x0102,GPS TIME,19,391171.200,Wk: 2293 | TOW ns: 16 | GNSS
9297,259,0x0103,UTC TIME,24,391171.200,2023-12-21 12:39:13.200 (GNSS) | UTC Offset: Decoded
9297,522,0x020A,POS LLA,42,391171.200,RTK Fixed | Lat: 45.5010913 deg | Lon: 9.1560061 deg | Alt: 173.162 m | Used SVs: 15
9297,526,0x020E,VEL NED,30,391171.200,Comp. Doppler | COG: 329.04 deg | SOG: 0.05 m/s | Horiz Vel: 0.01 m/s | Vert Vel: 0.05 m/s | EHVE: 0.09 m/s | EVVE: 0.09 m/s
9297,520,0x0208,DOPS,23,391171.200,HDOP: 0.8 | PDOP: 1.6
9297,524,0x020C,BASELINE NED,30,391171.200,RTK Fixed | N: 45.610 m | E: -200.643 m | D: 13.617 m | Baseline: 206.212 m
9297,528,0x0210,CORR AGE,14,391171.200,2.2 s
9297,65282,0xFF02,DGNSS STATUS,12,,RTK | Signals: 15 | Latency: 2.2 s | ""
9297,258,0x0102,GPS TIME,19,391171.300,Wk: 2293 | TOW ns: 17 | GNSS
9297,259,0x0103,UTC TIME,24,391171.300,2023-12-21 12:39:13.300 (GNSS) | UTC Offset: Decoded
9297,522,0x020A,POS LLA,42,391171.300,RTK Fixed | Lat: 45.5010913 deg | Lon: 9.1560061 deg | Alt: 173.161 m | Used SVs: 15
9297,526,0x020E,VEL NED,30,391171.300,Comp. Doppler | COG: 41.19 deg | SOG: 0.02 m/s | Horiz Vel: 0.01 m/s | Vert Vel: -0.02 m/s | EHVE: 0.09 m/s | EVVE: 0.09 m/s
9297,520,0x0208,DOPS,23,391171.300,HDOP: 0.8 | PDOP: 1.6
9297,524,0x020C,BASELINE NED,30,391171.300,RTK Fixed | N: 45.610 m | E: -200.643 m | D: 13.619 m | Baseline: 206.212 m
9297,528,0x0210,CORR AGE,14,391171.300,2.3 s
9297,65282,0xFF02,DGNSS STATUS,12,,RTK | Signals: 15 | Latency: 2.3 s | ""
0,74,0x004A,OBS,257,391170.000,Msg 3 of 3 (14) [B14-B1:PCDAr:49.8] [B10-B1:PCDAr:42.8] [B29-B1:PCDAr:47.5] [B10-B2:PCDAr:46.0] [B7-B2:PCDAr:41.5] [B14-B2:PCDAr:53.5] [E4-E1B:PCDAr:50.3] [E27-E1B:PCDAr:41.5] [E19-E1B:PCDAr:46.3] [E21-E1B:PCDAr:51.8] [E4-E7I:PCDAr:53.0] [E21-E7I:PCDAr:53.0] [E27-E7I:PCDAr:41.3] [E19-E7I:PCDAr:47.8]
0,72,0x0048,BASE POS ECEF,32,,X: 4421114.209 m | Y: 712784.166 m | Z: 4526655.471 m (Lat: 45.5006809 deg | Lon: 9.1585732 deg | Alt: 186.776 m)
9297,30583,0x7777,SBAS RAW,42,,
0,74,0x004A,OBS,257,391171.000,Msg 1 of 3 (14) [G10-L1CA:PCDAr:44.3] [G23-L1CA:PCDAr:47.0] [G15-L1CA:PCDAr:53.8] [G13-L1CA:PCDAr:49.8] [G14-L1CA:PCDAr:44.8] [G19-L1CA:PCDAr:51.0] [G24-L1CA:PCDAr:54.5] [G22-L1CA:PCDAr:49.5] [G17-L1CA:PCDAr:48.5] [G12-L1CA:PCDAr:52.3] [G10-L2CM:PCDAr:44.3] [G23-L2CM:PCDAr:45.3] [G24-L2CM:PCDAr:52.5] [G15-L2CM:PCDAr:49.0]
0,74,0x004A,OBS,257,391171.000,Msg 2 of 3 (14) [G14-L2CM:PCDAr:40.0] [G17-L2CM:PCDAr:45.3] [G12-L2CM:PCDAr:46.5] [R1-L1OF:PCDAr:50.8] [R8-L1OF:PCDAr:47.0] [R11-L1OF:PCDAr:56.5] [R10-L1OF:PCDAr:49.3] [R11-L2OF:PCDAr:52.3] [R1-L2OF:PCDAr:44.5] [B7-B1:PCDAr:43.0] [B35-B1:PCDAr:45.8] [B24-B1:PCDAr:53.8] [B33-B1:PCDAr:51.3] [B26-B1:PCDAr:54.5]
9297,258,0x0102,GPS TIME,19,391171.400,Wk: 2293 | TOW ns: 18 | GNSS
9297,259,0x0103,UTC TIME,24,391171.400,2023-12-21 12:39:13.400 (GNSS) | UTC Offset: Decoded
9297,522,0x020A,POS LLA,42,391171.400,RTK Fixed | Lat: 45.5010913 deg | Lon: 9.1560061 deg | Alt: 173.161 m | Used SVs: 15
9297,526,0x020E,VEL NED,30,391171.400,Comp. Doppler | COG: 63.43 deg | SOG: 0.01 m/s | Horiz Vel: 0.01 m/s | Vert Vel: -0.00 m/s | EHVE: 0.09 m/s | EVVE: 0.09 m/s
9297,520,0x0208,DOPS,23,391171.400,HDOP: 0.8 | PDOP: 1.6
9297,524,0x020C,BASELINE NED,30,391171.400,RTK Fixed | N: 45.610 m | E: -200.643 m | D: 13.618 m | Baseline: 206.212 m
9297,528,0x0210,CORR AGE,14,391171.400,2.4 s
9297,65282,0xFF02,DGNSS STATUS,12,,RTK | Signals: 15 | Latency: 2.4 s | ""
9297,65535,0xFFFF,HEARTBEAT,12,,ANT OK | NAP OK | IO OK | SYS OK
9297,117,0x0075,GLO BIASES,17,,L1C: 0.00 m | L1P: 0.00 m | L2C: 0.00 m | L2P: 0.00 m
9297,181,0x00B5,DEVICE MONITOR,18,,Vin: 5.91 V | Tcpu: 36.5 C | Trf: 33.9 C
9297,258,0x0102,GPS TIME,19,391171.500,Wk: 2293 | TOW ns: 19 | GNSS
9297,259,0x0103,UTC TIME,24,391171.500,2023-12-21 12:39:13.500 (GNSS) | UTC Offset: Decoded
9297,522,0x020A,POS LLA,42,391171.500,RTK Fixed | Lat: 45.5010913 deg | Lon: 9.1560061 deg | Alt: 173.161 m | Used SVs: 15
9297,526,0x020E,VEL NED,30,391171.500,Comp. Doppler | COG: 315.00 deg | SOG: 0.02 m/s | Horiz Vel: 0.00 m/s | Vert Vel: 0.02 m/s | EHVE: 0.09 m/s | EVVE: 0.09 m/s
9297,520,0x0208,DOPS,23,391171.500,HDOP: 0.8 | PDOP: 1.6
9297,524,0x020C,BASELINE NED,30,391171.500,RTK Fixed | N: 45.613 m | E: -200.644 m | D: 13.618 m | Baseline: 206.214 m
9297,528,0x0210,CORR AGE,14,391171.500,1.5 s
9297,65282,0xFF02,DGNSS STATUS,12,,RTK | Signals: 15 | Latency: 1.5 s | ""
9297,258,0x0102,GPS TIME,19,391171.600,Wk: 2293 | TOW ns: 19 | GNSS
9297,259,0x0103,UTC TIME,24,391171.600,2023-12-21 12:39:13.600 (GNSS) | UTC Offset: Decoded
9297,522,0x020A,POS LLA,42,391171.600,RTK Fixed | Lat: 45.5010913 deg | Lon: 9.1560061 deg | Alt: 173.160 m | Used SVs: 15
9297,526,0x020E,VEL NED,30,391171.600,Comp. Doppler | COG: 56.31 deg | SOG: 0.02 m/s | Horiz Vel: 0.01 m/s | Vert Vel: -0.02 m/s | EHVE: 0.09 m/s | EVVE: 0.09 m/s
9297,520,0x0208,DOPS,23,391171.600,HDOP: 0.8 | PDOP: 1.6
9297,524,0x020C,BASELINE NED,30,391171.600,RTK Fixed | N: 45.613 m | E: -200.644 m | D: 13.620 m | Baseline: 206.214 m
9297,528,0x0210,CORR AGE,14,391171.600,1.6 s
9297,65282,0xFF02,DGNSS STATUS,12,,RTK | Signals: 15 | Latency: 1.6 s | ""
9297,97,0x0061,MEAS STATE,245,,Total SVs: 23 | L1: 9 | L2: 6 | G1: 5 | G2: 4 | E1: 3 | E2: 3 | B1: 6 | B2: 2 | SBAS: 1
9297,258,0x0102,GPS TIME,19,391171.700,Wk: 2293 | TOW ns: 20 | GNSS
9297,259,0x0103,UTC TIME,24,391171.700,2023-12-21 12:39:13.700 (GNSS) | UTC Offset: Decoded
9297,522,0x020A,POS LLA,42,391171.700,RTK Fixed | Lat: 45.5010913 deg | Lon: 9.1560061 deg | Alt: 173.163 m | Used SVs: 15
9297,526,0x020E,VEL NED,30,391171.700,Comp. Doppler | COG: 0.00 deg | SOG: 0.03 m/s | Horiz Vel: 0.00 m/s | Vert Vel: 0.03 m/s | EHVE: 0.09 m/s | EVVE: 0.09 m/s
9297,520,0x0208,DOPS,23,391171.700,HDOP: 0.8 | PDOP: 1.6
9297,524,0x020C,BASELINE NED,30,391171.700,RTK Fixed | N: 45.614 m | E: -200.644 m | D: 13.617 m | Baseline: 206.214 m
9297,528,0x0210,CORR AGE,14,391171.700,1.7 s
9297,65282,0xFF02,DGNSS STATUS,12,,RTK | Signals: 15 | Latency: 1.7 s | ""
9297,258,0x0102,GPS TIME,19,391171.800,Wk: 2293 | TOW ns: 14 | GNSS
9297,259,0x0103,UTC TIME,24,391171.800,2023-12-21 12:39:13.800 (GNSS) | UTC Offset: Decoded
9297,522,0x020A,POS LLA,42,391171.800,RTK Fixed | Lat: 45.5010913 deg | Lon: 9.1560061 deg | Alt: 173.165 m | Used SVs: 15
9297,526,0x020E,VEL NED,30,391171.800,Comp. Doppler | COG: 195.95 deg | SOG: 0.03 m/s | Horiz Vel: 0.01 m/s | Vert Vel: 0.03 m/s | EHVE: 0.09 m/s | EVVE: 0.09 m/s
9297,520,0x0208,DOPS,23,391171.800,HDOP: 0.8 | PDOP: 1.6
9297,524,0x020C,BASELINE NED,30,391171.800,RTK Fixed | N: 45.613 m | E: -200.644 m | D: 13.615 m | Baseline: 206.213 m
9297,528,0x0210,CORR AGE,14,391171.800,1.8 s
9297,65282,0xFF02,DGNSS STATUS,12,,RTK | Signals: 15 | Latency: 1.8 s | ""
9297,258,0x0102,GPS TIME,19,391171.900,Wk: 2293 | TOW ns: 14 | GNSS
9297,259,0x0103,UTC TIME,24,391171.900,2023-12-21 12:39:13.900 (GNSS) | UTC Offset: Decoded
9297,522,0x020A,POS LLA,42,391171.900,RTK Fixed | Lat: 45.5010913 deg | Lon: 9.1560061 deg | Alt: 173.163 m | Used SVs: 15
9297,526,0x020E,VEL NED,30,391171.900,Comp. Doppler | COG: 119.74 deg | SOG: 0.01 m/s | Horiz Vel: 0.01 m/s | Vert Vel: -0.01 m/s | EHVE: 0.09 m/s | EVVE: 0.09 m/s
9297,520,0x0208,DOPS,23,391171.900,HDOP: 0.8 | PDOP: 1.6
9297,524,0x020C,BASELINE NED,30,391171.900,RTK Fixed | N: 45.613 m | E: -200.643 m | D: 13.616 m | Baseline: 206.212 m
9297,528,0x0210,CORR AGE,14,391171.900,1.9 s
9297,65282,0xFF02,DGNSS STATUS,12,,RTK | Signals: 15 | Latency: 1.9 s | ""
9297,151,0x0097,SV AZ EL,116,,(27) [G10 312 18] [G12 228 36] [G13 148 34] [G14 54 11] [G15 196 57] [G17 62 33] [G19 98 40] [G22 52 30] [G23 272 24] [G24 310 71] [G25 234 3] [R1 294 54] [R2 334 13] [R8 196 43] [R9 62 9] [R11 286 58] [R12 254 7] [R20 94 16] [B10 54 29] [B14 244 47] [B24 274 58] [B26 56 65] [B33 284 42] [B35 108 23] [E4 296 55] [E19 168 54] [E21 54 65]
9297,74,0x004A,OBS,257,391172.000,Msg 1 of 3 (14) [G12-L1CA:PCDAr:51.5] [G10-L1CA:PCDAr:39.0] [G13-L1CA:PCDAr:50.8] [G15-L1CA:PCDAr:53.5] [G17-L1CA:PCDAr:42.3] [G19-L1CA:PCDAr:50.0] [G22-L1CA:PCDAr:43.3] [G24-L1CA:PCDAr:49.3] [G23-L1CA:PCDAr:48.5] [G24-L2CM:PCDAr:46.8] [G15-L2CM:PCDAr:48.8] [G17-L2CM:PCDAr:33.0] [G12-L2CM:PCDAr:48.5] [G23-L2CM:PCDAr:44.8]
9297,74,0x004A,OBS,257,391172.000,Msg 2 of 3 (14) [G10-L2CM:PCDAr:37.0] [R11-L1OF:PCDAr:55.5] [R2-L1OF:PCDAr:41.5] [R1-L1OF:PCDAr:51.0] [R8-L1OF:PCDAr:51.8] [R20-L1OF:PCDar:34.8] [R2-L2OF:PCDAr:38.3] [R11-L2OF:PCDAr:50.8] [R1-L2OF:PCDAr:44.8] [R8-L2OF:PCDAr:51.5] [B24-B1:PCDAr:54.5] [B10-B1:PCDAr:38.3] [B26-B1:PCDAr:51.3] [B33-B1:PCDAr:49.5]
9297,74,0x004A,OBS,172,391172.000,Msg 3 of 3 (9) [B35-B1:PCDAr:40.8] [B14-B1:PCDAr:52.0] [B14-B2:PCDAr:55.0] [E4-E1B:PCDAr:50.8] [E19-E1B:PCDAr:48.8] [E21-E1B:PCDAr:48.3] [E4-E7I:PCDAr:49.5] [E19-E7I:PCDAr:49.0] [E21-E7I:PCDAr:48.0]
9297,117,0x0075,GLO BIASES,17,,L1C: 0.00 m | L1P: 0.00 m | L2C: 0.00 m | L2P: 0.00 m
9297,258,0x0102,GPS TIME,19,391172.000,Wk: 2293 | TOW ns: 15 | GNSS
9297,259,0x0103,UTC TIME,24,391172.000,2023-12-21 12:39:14.000 (GNSS) | UTC Offset: Decoded
9297,522,0x020A,POS LLA,42,391172.000,RTK Fixed | Lat: 45.5010913 deg | Lon: 9.1560061 deg | Alt: 173.163 m | Used SVs: 15
9297,526,0x020E,VEL NED,30,391172.000,Comp. Doppler | COG: 185.71 deg | SOG: 0.01 m/s | Horiz Vel: 0.01 m/s | Vert Vel: -0.00 m/s | EHVE: 0.09 m/s | EVVE: 0.09 m/s
9297,520,0x0208,DOPS,23,391172.000,HDOP: 0.8 | PDOP: 1.6
9297,524,0x020C,BASELINE NED,30,391172.000,RTK Fixed | N: 45.612 m | E: -200.644 m | D: 13.617 m | Baseline: 206.213 m
9297,528,0x0210,CORR AGE,14,391172.000,2.0 s
9297,65282,0xFF02,DGNSS STATUS,12,,RTK | Signals: 15 | Latency: 2.0 s | ""
9297,258,0x0102,GPS TIME,19,391172.100,Wk: 2293 | TOW ns: 16 | GNSS
9297,259,0x0103,UTC TIME,24,391172.100,2023-12-21 12:39:14.100 (GNSS) | UTC Offset: Decoded
9297,522,0x020A,POS LLA,42,391172.100,RTK Fixed | Lat: 45.5010913 deg | Lon: 9.1560061 deg | Alt: 173.161 m | Used SVs: 15
9297,526,0x020E,VEL NED,30,391172.100,Comp. Doppler | COG: 61.93 deg | SOG: 0.03 m/s | Horiz Vel: 0.02 m/s | Vert Vel: -0.03 m/s | EHVE: 0.09 m/s | EVVE: 0.09 m/s
9297,520,0x0208,DOPS,23,391172.100,HDOP: 0.8 | PDOP: 1.6
9297,524,0x020C,BASELINE NED,30,391172.100,RTK Fixed | N: 45.612 m | E: -200.642 m | D: 13.618 m | Baseline: 206.211 m
9297,528,0x0210,CORR AGE,14,391172.100,2.1 s
9297,65282,0xFF02,DGNSS STATUS,12,,RTK | Signals: 15 | Latency: 2.1 s | ""
0,74,0x004A,OBS,257,391171.000,Msg 3 of 3 (14) [B14-B1:PCDAr:49.5] [B10-B1:PCDAr:42.5] [B29-B1:PCDAr:47.3] [B10-B2:PCDAr:45.8] [B7-B2:PCDAr:41.0] [B14-B2:PCDAr:53.3] [E4-E1B:PCDAr:50.0] [E27-E1B:PCDAr:40.8] [E19-E1B:PCDAr:46.0] [E21-E1B:PCDAr:51.5] [E4-E7I:PCDAr:53.0] [E21-E7I:PCDAr:53.0] [E27-E7I:PCDAr:41.5] [E19-E7I:PCDAr:47.8]
0,72,0x0048,BASE POS ECEF,32,,X: 4421114.209 m | Y: 712784.166 m | Z: 4526655.471 m (Lat: 45.5006809 deg | Lon: 9.1585732 deg | Alt: 186.776 m)
9297,97,0x0061,MEAS STATE,245,,Total SVs: 19 | L1: 9 | L2: 6 | G1: 0 | G2: 0 | E1: 3 | E2: 3 | B1: 6 | B2: 2 | SBAS: 1
9297,258,0x0102,GPS TIME,19,391172.200,Wk: 2293 | TOW ns: 16 | GNSS
9297,259,0x0103,UTC TIME,24,391172.200,2023-12-21 12:39:14.200 (GNSS) | UTC Offset: Decoded
9297,522,0x020A,POS LLA,42,391172.200,RTK Fixed | Lat: 45.5010913 deg | Lon: 9.1560061 deg | Alt: 173.161 m | Used SVs: 15
9297,526,0x020E,VEL NED,30,391172.200,Comp. Doppler | COG: 305.54 deg | SOG: 0.01 m/s | Horiz Vel: 0.01 m/s | Vert Vel: -0.00 m/s | EHVE: 0.09 m/s | EVVE: 0.09 m/s
9297,520,0x0208,DOPS,23,391172.200,HDOP: 0.8 | PDOP: 1.6
9297,524,0x020C,BASELINE NED,30,391172.200,RTK Fixed | N: 45.613 m | E: -200.643 m | D: 13.619 m | Baseline: 206.213 m
9297,528,0x0210,CORR AGE,14,391172.200,2.2 s
9297,65282,0xFF02,DGNSS STATUS,12,,RTK | Signals: 15 | Latency: 2.2 s | ""
0,74,0x004A,OBS,257,391172.000,Msg 1 of 3 (14) [G10-L1CA:PCDAr:44.3] [G23-L1CA:PCDAr:47.0] [G15-L1CA:PCDAr:53.8] [G13-L1CA:PCDAr:49.8] [G14-L1CA:PCDAr:44.8] [G19-L1CA:PCDAr:51.0] [G24-L1CA:PCDAr:54.8] [G22-L1CA:PCDAr:49.8] [G17-L1CA:PCDAr:48.5] [G12-L1CA:PCDAr:52.3] [G10-L2CM:PCDAr:44.0] [G23-L2CM:PCDAr:45.3] [G24-L2CM:PCDAr:52.5] [G15-L2CM:PCDAr:49.0]
0,74,0x004A,OBS,257,391172.000,Msg 2 of 3 (14) [G14-L2CM:PCDAr:39.8] [G17-L2CM:PCDAr:45.5] [G12-L2CM:PCDAr:46.5] [R1-L1OF:PCDAr:50.8] [R8-L1OF:PCDAr:47.0] [R11-L1OF:PCDAr:56.5] [R10-L1OF:PCDAr:49.3] [R11-L2OF:PCDAr:52.3] [R1-L2OF:PCDAr:44.5] [B7-B1:PCDAr:43.0] [B35-B1:PCDAr:45.8] [B24-B1:PCDAr:53.5] [B33-B1:PCDAr:51.3] [B26-B1:PCDAr:54.5]
9297,258,0x0102,GPS TIME,19,391172.300,Wk: 2293 | TOW ns: 17 | GNSS
9297,259,0x0103,UTC TIME,24,391172.300,2023-12-21 12:39:14.300 (GNSS) | UTC Offset: Decoded
9297,522,0x020A,POS LLA,42,391172.300,RTK Fixed | Lat: 45.5010913 deg | Lon: 9.1560061 deg | Alt: 173.160 m | Used SVs: 15
9297,526,0x020E,VEL NED,30,391172.300,Comp. Doppler | COG: 182.86 deg | SOG: 0.02 m/s | Horiz Vel: 0.02 m/s | Vert Vel: -0.01 m/s | EHVE: 0.09 m/s | EVVE: 0.09 m/s
9297,520,0x0208,DOPS,23,391172.300,HDOP: 0.8 | PDOP: 1.6
9297,524,0x020C,BASELINE NED,30,391172.300,RTK Fixed | N: 45.611 m | E: -200.644 m | D: 13.620 m | Baseline: 206.213 m
9297,528,0x0210,CORR AGE,14,391172.300,2.3 s
9297,65282,0xFF02,DGNSS STATUS,12,,RTK | Signals: 15 | Latency: 2.3 s | ""
9297,30583,0x7777,SBAS RAW,42,,
9297,258,0x0102,GPS TIME,19,391172.400,Wk: 2293 | TOW ns: 18 | GNSS
9297,259,0x0103,UTC TIME,24,391172.400,2023-12-21 12:39:14.400 (GNSS) | UTC Offset: Decoded
9297,522,0x020A,POS LLA,42,391172.400,RTK Fixed | Lat: 45.5010913 deg | Lon: 9.1560061 deg | Alt: 173.156 m | Used SVs: 15
9297,526,0x020E,VEL NED,30,391172.400,Comp. Doppler | COG: 80.54 deg | SOG: 0.01 m/s | Horiz Vel: 0.01 m/s | Vert Vel: -0.01 m/s | EHVE: 0.09 m/s | EVVE: 0.09 m/s
9297,520,0x0208,DOPS,23,391172.400,HDOP: 0.8 | PDOP: 1.6
9297,524,0x020C,BASELINE NED,30,391172.400,RTK Fixed | N: 45.612 m | E: -200.642 m | D: 13.624 m | Baseline: 206.212 m
9297,528,0x0210,CORR AGE,14,391172.400,1.4 s
9297,65282,0xFF02,DGNSS STATUS,12,,RTK | Signals: 15 | Latency: 1.4 s | ""
9297,65535,0xFFFF,HEARTBEAT,12,,ANT OK | NAP OK | IO OK | SYS OK
9297,23,0x0017,THREAD STATE,34,,main | 0.0 % | 65532 B
9297,23,0x0017,THREAD STATE,34,,idle | 1.1 % | 124 B
9297,23,0x0017,THREAD STATE,34,,rpmsg | 0.2 % | 3644 B
9297,23,0x0017,THREAD STATE,34,,rpmsg_imu | 0.0 % | 3660 B
9297,23,0x0017,THREAD STATE,34,,SBP | 0.0 % | 65532 B
9297,23,0x0017,THREAD STATE,34,,NAP | 0.0 % | 32812 B
9297,23,0x0017,THREAD STATE,34,,manage PV | 0.0 % | 1052 B
9297,23,0x0017,THREAD STATE,34,,IMU | 0.0 % | 2044 B
9297,23,0x0017,THREAD STATE,34,,IMU aux | 0.0 % | 2164 B
9297,23,0x0017,THREAD STATE,34,,ndb | 0.0 % | 3176 B
9297,23,0x0017,THREAD STATE,34,,NAP Tracking | 26.3 % | 30476 B
9297,23,0x0017,THREAD STATE,34,,decode | 0.6 % | 1588 B
9297,23,0x0017,THREAD STATE,34,,manage acq | 32.4 % | 30452 B
9297,23,0x0017,THREAD STATE,34,,system monitor | 0.1 % | 1548 B
9297,23,0x0017,THREAD STATE,34,,Watchdog | 0.0 % | 1108 B
9297,23,0x0017,THREAD STATE,34,,starling | 31.7 % | 65532 B
9297,23,0x0017,THREAD STATE,34,,time matched obs | 6.8 % | 65532 B
9297,23,0x0017,THREAD STATE,34,,me_calc_pvt | 0.8 % | 18804 B
9297,23,0x0017,THREAD STATE,34,,PPS | 0.0 % | 1840 B
9297,23,0x0017,THREAD STATE,34,,spectrum analyzer | 0.0 % | 4044 B
9297,117,0x0075,GLO BIASES,17,,L1C: 0.00 m | L1P: 0.00 m | L2C: 0.00 m | L2P: 0.00 m
9297,258,0x0102,GPS TIME,19,391172.500,Wk: 2293 | TOW ns: 18 | GNSS
9297,259,0x0103,UTC TIME,24,391172.500,2023-12-21 12:39:14.500 (GNSS) | UTC Offset: Decoded
9297,522,0x020A,POS LLA,42,391172.500,RTK Fixed | Lat: 45.5010913 deg | Lon: 9.1560061 deg | Alt: 173.156 m | Used SVs: 15
9297,526,0x020E,VEL NED,30,391172.500,Comp. Doppler | COG: 26.57 deg | SOG: 0.01 m/s | Horiz Vel: 0.01 m/s | Vert Vel: -0.00 m/s | EHVE: 0.09 m/s | EVVE: 0.09 m/s
9297,520,0x0208,DOPS,23,391172.500,HDOP: 0.8 | PDOP: 1.6
9297,524,0x020C,BASELINE NED,30,391172.500,RTK Fixed | N: 45.612 m | E: -200.642 m | D: 13.624 m | Baseline: 206.212 m
9297,528,0x0210,CORR AGE,14,391172.500,1.5 s
9297,65282,0xFF02,DGNSS STATUS,12,,RTK | Signals: 15 | Latency: 1.5 s | ""
9297,258,0x0102,GPS TIME,19,391172.600,Wk: 2293 | TOW ns: 19 | GNSS
9297,259,0x0103,UTC TIME,24,391172.600,2023-12-21 12:39:14.600 (GNSS) | UTC Offset: Decoded
9297,522,0x020A,POS LLA,42,391172.600,RTK Fixed | Lat: 45.5010913 deg | Lon: 9.1560061 deg | Alt: 173.160 m | Used SVs: 15
9297,526,0x020E,VEL NED,30,391172.600,Comp. Doppler | COG: 161.57 deg | SOG: 0.04 m/s | Horiz Vel: 0.01 m/s | Vert Vel: 0.04 m/s | EHVE: 0.09 m/s | EVVE: 0.09 m/s
9297,520,0x0208,DOPS,23,391172.600,HDOP: 0.8 | PDOP: 1.6
9297,524,0x020C,BASELINE NED,30,391172.600,RTK Fixed | N: 45.611 m | E: -200.642 m | D: 13.620 m | Baseline: 206.211 m
9297,528,0x0210,CORR AGE,14,391172.600,1.6 s
9297,65282,0xFF02,DGNSS STATUS,12,,RTK | Signals: 15 | Latency: 1.6 s | ""
9297,137,0x0089,EPH BDS,155,,24 | 2293 388814 | 2.0 10800 | 1 0
9297,137,0x0089,EPH BDS,155,,26 | 2293 388814 | 2.0 10800 | 1 0
9297,137,0x0089,EPH BDS,155,,33 | 2293 388814 | 2.0 10800 | 1 0
9297,137,0x0089,EPH BDS,155,,14 | 2293 388814 | 2.0 10800 | 1 0
9297,97,0x0061,MEAS STATE,245,,Total SVs: 23 | L1: 9 | L2: 6 | G1: 5 | G2: 4 | E1: 3 | E2: 3 | B1: 6 | B2: 2 | SBAS: 1
9297,258,0x0102,GPS TIME,19,391172.700,Wk: 2293 | TOW ns: 20 | GNSS
9297,259,0x0103,UTC TIME,24,391172.700,2023-12-21 12:39:14.700 (GNSS) | UTC Offset: Decoded
9297,522,0x020A,POS LLA,42,391172.700,RTK Fixed | Lat: 45.5010913 deg | Lon: 9.1560061 deg | Alt: 173.158 m | Used SVs: 15
9297,526,0x020E,VEL NED,30,391172.700,Comp. Doppler | COG: 219.81 deg | SOG: 0.02 m/s | Horiz Vel: 0.01 m/s | Vert Vel: -0.02 m/s | EHVE: 0.09 m/s | EVVE: 0.09 m/s
9297,520,0x0208,DOPS,23,391172.700,HDOP: 0.8 | PDOP: 1.6
9297,524,0x020C,BASELINE NED,30,391172.700,RTK Fixed | N: 45.611 m | E: -200.643 m | D: 13.622 m | Baseline: 206.212 m
9297,528,0x0210,CORR AGE,14,391172.700,1.7 s
9297,65282,0xFF02,DGNSS STATUS,12,,RTK | Signals: 15 | Latency: 1.7 s | ""
9297,258,0x0102,GPS TIME,19,391172.800,Wk: 2293 | TOW ns: 20 | GNSS
9297,259,0x0103,UTC TIME,24,391172.800,2023-12-21 12:39:14.800 (GNSS) | UTC Offset: Decoded
9297,522,0x020A,POS LLA,42,391172.800,RTK Fixed | Lat: 45.5010913 deg | Lon: 9.1560061 deg | Alt: 173.158 m | Used SVs: 15
9297,526,0x020E,VEL NED,30,391172.800,Comp. Doppler | COG: 230.19 deg | SOG: 0.01 m/s | Horiz Vel: 0.01 m/s | Vert Vel: 0.01 m/s | EHVE: 0.09 m/s | EVVE: 0.09 m/s
9297,520,0x0208,DOPS,23,391172.800,HDOP: 0.8 | PDOP: 1.6
9297,524,0x020C,BASELINE NED,30,391172.800,RTK Fixed | N: 45.611 m | E: -200.644 m | D: 13.621 m | Baseline: 206.213 m
9297,528,0x0210,CORR AGE,14,391172.800,1.8 s
9297,65282,0xFF02,DGNSS STATUS,12,,RTK | Signals: 15 | Latency: 1.8 s | ""
9297,258,0x0102,GPS TIME,19,391172.900,Wk: 2293 | TOW ns: 14 | GNSS
9297,259,0x0103,UTC TIME,24,391172.900,2023-12-21 12:39:14.900 (GNSS) | UTC Offset: Decoded
9297,522,0x020A,POS LLA,42,391172.900,RTK Fixed | Lat: 45.5010913 deg | Lon: 9.1560061 deg | Alt: 173.160 m | Used SVs: 15
9297,526,0x020E,VEL NED,30,391172.900,Comp. Doppler | COG: 125.54 deg | SOG: 0.02 m/s | Horiz Vel: 0.01 m/s | Vert Vel: 0.02 m/s | EHVE: 0.09 m/s | EVVE: 0.09 m/s
9297,520,0x0208,DOPS,23,391172.900,HDOP: 0.8 | PDOP: 1.6
9297,524,0x020C,BASELINE NED,30,391172.900,RTK Fixed | N: 45.610 m | E: -200.643 m | D: 13.620 m | Baseline: 206.212 m
9297,528,0x0210,CORR AGE,14,391172.900,1.9 s
9297,65282,0xFF02,DGNSS STATUS,12,,RTK | Signals: 15 | Latency: 1.9 s | ""
9297,151,0x0097,SV AZ EL,116,,(27) [G10 312 18] [G12 228 36] [G13 148 34] [G14 54 11] [G15 196 57] [G17 62 33] [G19 98 40] [G22 52 30] [G23 272 24] [G24 310 71] [G25 234 3] [R1 294 54] [R2 334 13] [R8 196 43] [R9 62 9] [R11 286 58] [R12 254 7] [R20 94 16] [B10 54 29] [B14 244 47] [B24 274 58] [B26 56 65] [B33 284 42] [B35 108 23] [E4 296 55] [E19 168 54] [E21 54 65]
9297,74,0x004A,OBS,257,391173.000,Msg 1 of 3 (14) [G12-L1CA:PCDAr:51.8] [G10-L1CA:PCDAr:40.0] [G13-L1CA:PCDAr:51.0] [G15-L1CA:PCDAr:53.5] [G17-L1CA:PCDAr:41.0] [G19-L1CA:PCDAr:50.5] [G22-L1CA:PCDAr:43.3] [G24-L1CA:PCDAr:49.5] [G23-L1CA:PCDAr:48.8] [G24-L2CM:PCDAr:47.0] [G15-L2CM:PCDAr:48.0] [G17-L2CM:PCDAr:34.0] [G12-L2CM:PCDAr:48.0] [G23-L2CM:PCDAr:43.8]
9297,74,0x004A,OBS,257,391173.000,Msg 2 of 3 (14) [G10-L2CM:PCDAr:37.5] [R11-L1OF:PCDAr:55.8] [R2-L1OF:PCDAr:41.8] [R1-L1OF:PCDAr:50.5] [R8-L1OF:PCDAr:51.5] [R20-L1OF:PCDar:34.5] [R2-L2OF:PCDAr:39.0] [R11-L2OF:PCDAr:51.0] [R1-L2OF:PCDAr:45.0] [R8-L2OF:PCDAr:51.3] [B24-B1:PCDAr:54.5] [B10-B1:PCDAr:37.0] [B26-B1:PCDAr:51.0] [B33-B1:PCDAr:48.5]
9297,74,0x004A,OBS,172,391173.000,Msg 3 of 3 (9) [B35-B1:PCDAr:40.3] [B14-B1:PCDAr:52.3] [B14-B2:PCDAr:54.3] [E4-E1B:PCDAr:50.8] [E19-E1B:PCDAr:49.0] [E21-E1B:PCDAr:48.0] [E4-E7I:PCDAr:49.3] [E19-E7I:PCDAr:48.8] [E21-E7I:PCDAr:47.8]
9297,117,0x0075,GLO BIASES,17,,L1C: 0.00 m | L1P: 0.00 m | L2C: 0.00 m | L2P: 0.00 m
9297,258,0x0102,GPS TIME,19,391173.000,Wk: 2293 | TOW ns: 15 | GNSS
9297,259,0x0103,UTC TIME,24,391173.000,2023-12-21 12:39:15.000 (GNSS) | UTC Offset: Decoded
9297,522,0x020A,POS LLA,42,391173.000,RTK Fixed | Lat: 45.5010913 deg | Lon: 9.1560061 deg | Alt: 173.161 m | Used SVs: 15
9297,526,0x020E,VEL NED,30,391173.000,Comp. Doppler | COG: 146.31 deg | SOG: 0.02 m/s | Horiz Vel: 0.01 m/s | Vert Vel: 0.01 m/s | EHVE: 0.09 m/s | EVVE: 0.09 m/s
9297,520,0x0208,DOPS,23,391173.000,HDOP: 0.8 | PDOP: 1.6
9297,524,0x020C,BASELINE NED,30,391173.000,RTK Fixed | N: 45.609 m | E: -200.642 m | D: 13.618 m | Baseline: 206.211 m
9297,528,0x0210,CORR AGE,14,391173.000,2.0 s
9297,65282,0xFF02,DGNSS STATUS,12,,RTK | Signals: 15 | Latency: 2.0 s | ""
9297,258,0x0102,GPS TIME,19,391173.100,Wk: 2293 | TOW ns: 15 | GNSS
9297,259,0x0103,UTC TIME,24,391173.100,2023-12-21 12:39:15.100 (GNSS) | UTC Offset: Decoded
9297,522,0x020A,POS LLA,42,391173.100,RTK Fixed | Lat: 45.5010913 deg | Lon: 9.1560061 deg | Alt: 173.159 m | Used SVs: 15
9297,526,0x020E,VEL NED,30,391173.100,Comp. Doppler | COG: 56.31 deg | SOG: 0.01 m/s | Horiz Vel: 0.00 m/s | Vert Vel: -0.01 m/s | EHVE: 0.09 m/s | EVVE: 0.09 m/s
9297,520,0x0208,DOPS,23,391173.100,HDOP: 0.8 | PDOP: 1.6
9297,524,0x020C,BASELINE NED,30,391173.100,RTK Fixed | N: 45.610 m | E: -200.642 m | D: 13.620 m | Baseline: 206.211 m
9297,528,0x0210,CORR AGE,14,391173.100,2.1 s
9297,65282,0xFF02,DGNSS STATUS,12,,RTK | Signals: 15 | Latency: 2.1 s | ""
0,74,0x004A,OBS,257,391172.000,Msg 3 of 3 (14) [B14-B1:PCDAr:49.3] [B10-B1:PCDAr:42.5] [B29-B1:PCDAr:47.3] [B10-B2:PCDAr:45.8] [B7-B2:PCDAr:41.3] [B14-B2:PCDAr:53.3] [E4-E1B:PCDAr:49.8] [E27-E1B:PCDAr:40.5] [E19-E1B:PCDAr:45.8] [E21-E1B:PCDAr:51.3] [E4-E7I:PCDAr:52.8] [E21-E7I:PCDAr:53.0] [E27-E7I:PCDAr:41.3] [E19-E7I:PCDAr:47.8]
0,72,0x0048,BASE POS ECEF,32,,X: 4421114.209 m | Y: 712784.166 m | Z: 4526655.471 m (Lat: 45.5006809 deg | Lon: 9.1585732 deg | Alt: 186.776 m)
9297,97,0x0061,MEAS STATE,245,,Total SVs: 19 | L1: 9 | L2: 6 | G1: 0 | G2: 0 | E1: 3 | E2: 3 | B1: 6 | B2: 2 | SBAS: 1
9297,258,0x0102,GPS TIME,19,391173.200,Wk: 2293 | TOW ns: 16 | GNSS
9297,259,0x0103,UTC TIME,24,391173.200,2023-12-21 12:39:15.200 (GNSS) | UTC Offset: Decoded
9297,522,0x020A,POS LLA,42,391173.200,RTK Fixed | Lat: 45.5010913 deg | Lon: 9.1560061 deg | Alt: 173.157 m | Used SVs: 15
9297,526,0x020E,VEL NED,30,391173.200,Comp. Doppler | COG: 5.19 deg | SOG: 0.02 m/s | Horiz Vel: 0.01 m/s | Vert Vel: -0.02 m/s | EHVE: 0.09 m/s | EVVE: 0.09 m/s
9297,520,0x0208,DOPS,23,391173.200,HDOP: 0.8 | PDOP: 1.6
9297,524,0x020C,BASELINE NED,30,391173.200,RTK Fixed | N: 45.611 m | E: -200.642 m | D: 13.623 m | Baseline: 206.211 m
9297,528,0x0210,CORR AGE,14,391173.200,2.2 s
9297,65282,0xFF02,DGNSS STATUS,12,,RTK | Signals: 15 | Latency: 2.2 s | ""
0,74,0x004A,OBS,257,391173.000,Msg 1 of 3 (14) [G10-L1CA:PCDAr:44.5] [G23-L1CA:PCDAr:47.3] [G15-L1CA:PCDAr:53.8] [G13-L1CA:PCDAr:49.8] [G14-L1CA:PCDAr:44.8] [G19-L1CA:PCDAr:51.3] [G24-L1CA:PCDAr:54.8] [G22-L1CA:PCDAr:49.8] [G17-L1CA:PCDAr:48.8] [G12-L1CA:PCDAr:52.3] [G10-L2CM:PCDAr:44.0] [G23-L2CM:PCDAr:45.0] [G24-L2CM:PCDAr:52.5] [G15-L2CM:PCDAr:48.8]
0,74,0x004A,OBS,257,391173.000,Msg 2 of 3 (14) [G14-L2CM:PCDAr:39.5] [G17-L2CM:PCDAr:45.5] [G12-L2CM:PCDAr:46.5] [R1-L1OF:PCDAr:50.8] [R8-L1OF:PCDAr:47.0] [R11-L1OF:PCDAr:56.5] [R10-L1OF:PCDAr:49.3] [R11-L2OF:PCDAr:52.3] [R1-L2OF:PCDAr:44.8] [B7-B1:PCDAr:43.0] [B35-B1:PCDAr:45.8] [B24-B1:PCDAr:53.5] [B33-B1:PCDAr:51.3] [B26-B1:PCDAr:54.5]
9297,258,0x0102,GPS TIME,19,391173.300,Wk: 2293 | TOW ns: 17 | GNSS
9297,259,0x0103,UTC TIME,24,391173.300,2023-12-21 12:39:15.300 (GNSS) | UTC Offset: Decoded
9297,522,0x020A,POS LLA,42,391173.300,RTK Fixed | Lat: 45.5010913 deg | Lon: 9.1560061 deg | Alt: 173.158 m | Used SVs: 15
9297,526,0x020E,VEL NED,30,391173.300,Comp. Doppler | COG: 178.21 deg | SOG: 0.06 m/s | Horiz Vel: 0.03 m/s | Vert Vel: 0.05 m/s | EHVE: 0.09 m/s | EVVE: 0.09 m/s
9297,520,0x0208,DOPS,23,391173.300,HDOP: 0.8 | PDOP: 1.6
9297,524,0x020C,BASELINE NED,30,391173.300,RTK Fixed | N: 45.610 m | E: -200.643 m | D: 13.622 m | Baseline: 206.212 m
9297,528,0x0210,CORR AGE,14,391173.300,1.3 s
9297,65282,0xFF02,DGNSS STATUS,12,,RTK | Signals: 15 | Latency: 1.3 s | ""
9297,30583,0x7777,SBAS RAW,42,,
9297,258,0x0102,GPS TIME,19,391173.400,Wk: 2293 | TOW ns: 17 | GNSS
9297,259,0x0103,UTC TIME,24,391173.400,2023-12-21 12:39:15.400 (GNSS) | UTC Offset: Decoded
9297,522,0x020A,POS LLA,42,391173.400,RTK Fixed | Lat: 45.5010913 deg | Lon: 9.1560061 deg | Alt: 173.157 m | Used SVs: 15
9297,526,0x020E,VEL NED,30,391173.400,Comp. Doppler | COG: 102.99 deg | SOG: 0.01 m/s | Horiz Vel: 0.01 m/s | Vert Vel: -0.01 m/s | EHVE: 0.09 m/s | EVVE: 0.09 m/s
9297,520,0x0208,DOPS,23,391173.400,HDOP: 0.8 | PDOP: 1.6
9297,524,0x020C,BASELINE NED,30,391173.400,RTK Fixed | N: 45.610 m | E: -200.642 m | D: 13.622 m | Baseline: 206.211 m
9297,528,0x0210,CORR AGE,14,391173.400,1.4 s
9297,65282,0xFF02,DGNSS STATUS,12,,RTK | Signals: 15 | Latency: 1.4 s | ""
9297,65535,0xFFFF,HEARTBEAT,12,,ANT OK | NAP OK | IO OK | SYS OK
9297,117,0x0075,GLO BIASES,17,,L1C: 0.00 m | L1P: 0.00 m | L2C: 0.00 m | L2P: 0.00 m
9297,258,0x0102,GPS TIME,19,391173.500,Wk: 2293 | TOW ns: 18 | GNSS
9297,259,0x0103,UTC TIME,24,391173.500,2023-12-21 12:39:15.500 (GNSS) | UTC Offset: Decoded
9297,522,0x020A,POS LLA,42,391173.500,RTK Fixed | Lat: 45.5010913 deg | Lon: 9.1560061 deg | Alt: 173.158 m | Used SVs: 15
9297,526,0x020E,VEL NED,30,391173.500,Comp. Doppler | COG: 281.31 deg | SOG: 0.01 m/s | Horiz Vel: 0.01 m/s | Vert Vel: 0.01 m/s | EHVE: 0.09 m/s | EVVE: 0.09 m/s
9297,520,0x0208,DOPS,23,391173.500,HDOP: 0.8 | PDOP: 1.6
9297,524,0x020C,BASELINE NED,30,391173.500,RTK Fixed | N: 45.610 m | E: -200.642 m | D: 13.622 m | Baseline: 206.211 m
9297,528,0x0210,CORR AGE,14,391173.500,1.5 s
9297,65282,0xFF02,DGNSS STATUS,12,,RTK | Signals: 15 | Latency: 1.5 s | ""
9297,258,0x0102,GPS TIME,19,391173.600,Wk: 2293 | TOW ns: 19 | GNSS
9297,259,0x0103,UTC TIME,24,391173.600,2023-12-21 12:39:15.600 (GNSS) | UTC Offset: Decoded
9297,522,0x020A,POS LLA,42,391173.600,RTK Fixed | Lat: 45.5010913 deg | Lon: 9.1560061 deg | Alt: 173.155 m | Used SVs: 15
9297,526,0x020E,VEL NED,30,391173.600,Comp. Doppler | COG: 63.43 deg | SOG: 0.02 m/s | Horiz Vel: 0.00 m/s | Vert Vel: -0.02 m/s | EHVE: 0.09 m/s | EVVE: 0.09 m/s
9297,520,0x0208,DOPS,23,391173.600,HDOP: 0.8 | PDOP: 1.6
9297,524,0x020C,BASELINE NED,30,391173.600,RTK Fixed | N: 45.610 m | E: -200.642 m | D: 13.624 m | Baseline: 206.211 m
9297,528,0x0210,CORR AGE,14,391173.600,1.6 s
9297,65282,0xFF02,DGNSS STATUS,12,,RTK | Signals: 15 | Latency: 1.6 s | ""
9297,97,0x0061,MEAS STATE,245,,Total SVs: 23 | L1: 9 | L2: 6 | G1: 5 | G2: 4 | E1: 3 | E2: 3 | B1: 6 | B2: 2 | SBAS: 1
9297,258,0x0102,GPS TIME,19,391173.700,Wk: 2293 | TOW ns: 19 | GNSS
9297,259,0x0103,UTC TIME,24,391173.700,2023-12-21 12:39:15.700 (GNSS) | UTC Offset: Decoded
9297,522,0x020A,POS LLA,42,391173.700,RTK Fixed | Lat: 45.5010913 deg | Lon: 9.1560061 deg | Alt: 173.153 m | Used SVs: 15
9297,526,0x020E,VEL NED,30,391173.700,Comp. Doppler | COG: 119.05 deg | SOG: 0.02 m/s | Horiz Vel: 0.01 m/s | Vert Vel: -0.02 m/s | EHVE: 0.09 m/s | EVVE: 0.09 m/s
9297,520,0x0208,DOPS,23,391173.700,HDOP: 0.8 | PDOP: 1.6
9297,524,0x020C,BASELINE NED,30,391173.700,RTK Fixed | N: 45.610 m | E: -200.641 m | D: 13.627 m | Baseline: 206.211 m
9297,528,0x0210,CORR AGE,14,391173.700,1.7 s
9297,65282,0xFF02,DGNSS STATUS,12,,RTK | Signals: 15 | Latency: 1.7 s | ""
9297,258,0x0102,GPS TIME,19,391173.800,Wk: 2293 | TOW ns: 20 | GNSS
9297,259,0x0103,UTC TIME,24,391173.800,2023-12-21 12:39:15.800 (GNSS) | UTC Offset: Decoded
9297,522,0x020A,POS LLA,42,391173.800,RTK Fixed | Lat: 45.5010913 deg | Lon: 9.1560061 deg | Alt: 173.159 m | Used SVs: 15
9297,526,0x020E,VEL NED,30,391173.800,Comp. Doppler | COG: 241.93 deg | SOG: 0.06 m/s | Horiz Vel: 0.02 m/s | Vert Vel: 0.06 m/s | EHVE: 0.09 m/s | EVVE: 0.09 m/s
9297,520,0x0208,DOPS,23,391173.800,HDOP: 0.8 | PDOP: 1.6
9297,524,0x020C,BASELINE NED,30,391173.800,RTK Fixed | N: 45.609 m | E: -200.643 m | D: 13.621 m | Baseline: 206.212 m
9297,528,0x0210,CORR AGE,14,391173.800,1.8 s
9297,65282,0xFF02,DGNSS STATUS,12,,RTK | Signals: 15 | Latency: 1.8 s | ""
9297,258,0x0102,GPS TIME,19,391173.900,Wk: 2293 | TOW ns: 21 | GNSS
9297,259,0x0103,UTC TIME,24,391173.900,2023-12-21 12:39:15.900 (GNSS) | UTC Offset: Decoded
9297,522,0x020A,POS LLA,42,391173.900,RTK Fixed | Lat: 45.5010913 deg | Lon: 9.1560061 deg | Alt: 173.155 m | Used SVs: 15
9297,526,0x020E,VEL NED,30,391173.900,Comp. Doppler | COG: 51.34 deg | SOG: 0.04 m/s | Horiz Vel: 0.01 m/s | Vert Vel: -0.04 m/s | EHVE: 0.09 m/s | EVVE: 0.09 m/s
9297,520,0x0208,DOPS,23,391173.900,HDOP: 0.8 | PDOP: 1.6
9297,524,0x020C,BASELINE NED,30,391173.900,RTK Fixed | N: 45.609 m | E: -200.642 m | D: 13.624 m | Baseline: 206.211 m
9297,528,0x0210,CORR AGE,14,391173.900,1.9 s
9297,65282,0xFF02,DGNSS STATUS,12,,RTK | Signals: 15 | Latency: 1.9 s | ""
9297,151,0x0097,SV AZ EL,116,,(27) [G10 312 18] [G12 228 36] [G13 148 34] [G14 54 11] [G15 196 57] [G17 62 33] [G19 98 40] [G22 52 30] [G23 272 24] [G24 310 71] [G25 234 3] [R1 294 54] [R2 334 13] [R8 196 43] [R9 62 9] [R11 286 58] [R12 254 7] [R20 94 16] [B10 54 29] [B14 244 47] [B24 274 58] [B26 56 65] [B33 284 42] [B35 108 23] [E4 296 55] [E19 168 54] [E21 54 65]
9297,74,0x004A,OBS,257,391174.000,Msg 1 of 3 (14) [G12-L1CA:PCDAr:51.8] [G10-L1CA:PCDAr:40.3] [G13-L1CA:PCDAr:51.3] [G15-L1CA:PCDAr:53.5] [G17-L1CA:PCDAr:40.5] [G19-L1CA:PCDAr:50.5] [G22-L1CA:PCDAr:43.5] [G24-L1CA:PCDAr:49.5] [G23-L1CA:PCDAr:48.8] [G24-L2CM:PCDAr:47.3] [G15-L2CM:PCDAr:48.3] [G17-L2CM:PCDAr:34.8] [G12-L2CM:PCDAr:48.5] [G23-L2CM:PCDAr:44.0]
9297,74,0x004A,OBS,257,391174.000,Msg 2 of 3 (14) [G10-L2CM:PCDAr:38.0] [R11-L1OF:PCDAr:56.0] [R2-L1OF:PCDAr:41.8] [R1-L1OF:PCDAr:50.8] [R8-L1OF:PCDAr:51.8] [R20-L1OF:PCDAr:34.0] [R2-L2OF:PCDAr:38.8] [R11-L2OF:PCDAr:50.8] [R1-L2OF:PCDAr:44.8] [R8-L2OF:PCDAr:51.3] [B24-B1:PCDAr:54.5] [B10-B1:PCDAr:37.3] [B26-B1:PCDAr:50.8] [B33-B1:PCDAr:48.3]
9297,74,0x004A,OBS,172,391174.000,Msg 3 of 3 (9) [B35-B1:PCDAr:40.5] [B14-B1:PCDAr:52.0] [B14-B2:PCDAr:54.3] [E4-E1B:PCDAr:50.5] [E19-E1B:PCDAr:49.0] [E21-E1B:PCDAr:48.3] [E4-E7I:PCDAr:49.5] [E19-E7I:PCDAr:48.5] [E21-E7I:PCDAr:48.0]
9297,117,0x0075,GLO BIASES,17,,L1C: 0.00 m | L1P: 0.00 m | L2C: 0.00 m | L2P: 0.00 m
9297,258,0x0102,GPS TIME,19,391174.000,Wk: 2293 | TOW ns: 15 | GNSS
9297,259,0x0103,UTC TIME,24,391174.000,2023-12-21 12:39:16.000 (GNSS) | UTC Offset: Decoded
9297,522,0x020A,POS LLA,42,391174.000,RTK Fixed | Lat: 45.5010913 deg | Lon: 9.1560061 deg | Alt: 173.154 m | Used SVs: 15
9297,526,0x020E,VEL NED,30,391174.000,Comp. Doppler | COG: 336.04 deg | SOG: 0.01 m/s | Horiz Vel: 0.01 m/s | Vert Vel: -0.01 m/s | EHVE: 0.09 m/s | EVVE: 0.09 m/s
9297,520,0x0208,DOPS,23,391174.000,HDOP: 0.8 | PDOP: 1.6
9297,524,0x020C,BASELINE NED,30,391174.000,RTK Fixed | N: 45.610 m | E: -200.642 m | D: 13.626 m | Baseline: 206.211 m
9297,528,0x0210,CORR AGE,14,391174.000,2.0 s
9297,65282,0xFF02,DGNSS STATUS,12,,RTK | Signals: 15 | Latency: 2.0 s | ""
9297,258,0x0102,GPS TIME,19,391174.100,Wk: 2293 | TOW ns: 15 | GNSS
9297,259,0x0103,UTC TIME,24,391174.100,2023-12-21 12:39:16.100 (GNSS) | UTC Offset: Decoded
9297,522,0x020A,POS LLA,42,391174.100,RTK Fixed | Lat: 45.5010913 deg | Lon: 9.1560061 deg | Alt: 173.157 m | Used SVs: 15
9297,526,0x020E,VEL NED,30,391174.100,Comp. Doppler | COG: 108.43 deg | SOG: 0.02 m/s | Horiz Vel: 0.00 m/s | Vert Vel: 0.02 m/s | EHVE: 0.09 m/s | EVVE: 0.09 m/s
9297,520,0x0208,DOPS,23,391174.100,HDOP: 0.8 | PDOP: 1.6
9297,524,0x020C,BASELINE NED,30,391174.100,RTK Fixed | N: 45.610 m | E: -200.642 m | D: 13.622 m | Baseline: 206.211 m
9297,528,0x0210,CORR AGE,14,391174.100,2.1 s
9297,65282,0xFF02,DGNSS STATUS,12,,RTK | Signals: 15 | Latency: 2.1 s | ""
0,74,0x004A,OBS,257,391173.000,Msg 3 of 3 (14) [B14-B1:PCDAr:49.3] [B10-B1:PCDAr:42.5] [B29-B1:PCDAr:47.0] [B10-B2:PCDAr:45.8] [B7-B2:PCDAr:41.0] [B14-B2:PCDAr:53.0] [E4-E1B:PCDAr:50.0] [E27-E1B:PCDAr:40.8] [E19-E1B:PCDAr:46.0] [E21-E1B:PCDAr:51.3] [E4-E7I:PCDAr:52.8] [E21-E7I:PCDAr:53.0] [E27-E7I:PCDAr:41.3] [E19-E7I:PCDAr:47.8]
9297,97,0x0061,MEAS STATE,245,,Total SVs: 19 | L1: 9 | L2: 6 | G1: 0 | G2: 0 | E1: 3 | E2: 3 | B1: 6 | B2: 2 | SBAS: 1
9297,258,0x0102,GPS TIME,19,391174.200,Wk: 2293 | TOW ns: 16 | GNSS
9297,259,0x0103,UTC TIME,24,391174.200,2023-12-21 12:39:16.200 (GNSS) | UTC Offset: Decoded
9297,522,0x020A,POS LLA,42,391174.200,RTK Fixed | Lat: 45.5010913 deg | Lon: 9.1560061 deg | Alt: 173.159 m | Used SVs: 15
9297,526,0x020E,VEL NED,30,391174.200,Comp. Doppler | COG: 164.05 deg | SOG: 0.02 m/s | Horiz Vel: 0.01 m/s | Vert Vel: 0.02 m/s | EHVE: 0.09 m/s | EVVE: 0.09 m/s
9297,520,0x0208,DOPS,23,391174.200,HDOP: 0.8 | PDOP: 1.6
9297,524,0x020C,BASELINE NED,30,391174.200,RTK Fixed | N: 45.609 m | E: -200.643 m | D: 13.620 m | Baseline: 206.212 m
9297,528,0x0210,CORR AGE,14,391174.200,2.2 s
9297,65282,0xFF02,DGNSS STATUS,12,,RTK | Signals: 15 | Latency: 2.2 s | ""
0,72,0x0048,BASE POS ECEF,32,,X: 4421114.209 m | Y: 712784.166 m | Z: 4526655.471 m (Lat: 45.5006809 deg | Lon: 9.1585732 deg | Alt: 186.776 m)
0,74,0x004A,OBS,257,391174.000,Msg 1 of 3 (14) [G10-L1CA:PCDAr:44.3] [G23-L1CA:PCDAr:47.0] [G15-L1CA:PCDAr:53.8] [G13-L1CA:PCDAr:49.8] [G14-L1CA:PCDAr:44.8] [G19-L1CA:PCDAr:51.0] [G24-L1CA:PCDAr:54.8] [G22-L1CA:PCDAr:49.8] [G17-L1CA:PCDAr:48.8] [G12-L1CA:PCDAr:52.3] [G10-L2CM:PCDAr:44.0] [G23-L2CM:PCDAr:45.3] [G24-L2CM:PCDAr:52.5] [G15-L2CM:PCDAr:49.0]
0,74,0x004A,OBS,257,391174.000,Msg 2 of 3 (14) [G14-L2CM:PCDAr:40.0] [G17-L2CM:PCDAr:45.5] [G12-L2CM:PCDAr:46.5] [R1-L1OF:PCDAr:50.8] [R8-L1OF:PCDAr:47.0] [R11-L1OF:PCDAr:56.5] [R10-L1OF:PCDAr:49.3] [R11-L2OF:PCDAr:52.0] [R1-L2OF:PCDAr:44.3] [B7-B1:PCDAr:42.8] [B35-B1:PCDAr:45.5] [B24-B1:PCDAr:53.5] [B33-B1:PCDAr:51.0] [B26-B1:PCDAr:54.3]
9297,258,0x0102,GPS TIME,19,391174.300,Wk: 2293 | TOW ns: 17 | GNSS
9297,259,0x0103,UTC TIME,24,391174.300,2023-12-21 12:39:16.300 (GNSS) | UTC Offset: Decoded
9297,522,0x020A,POS LLA,42,391174.300,RTK Fixed | Lat: 45.5010913 deg | Lon: 9.1560061 deg | Alt: 173.154 m | Used SVs: 15
9297,526,0x020E,VEL NED,30,391174.300,Comp. Doppler | COG: 28.30 deg | SOG: 0.05 m/s | Horiz Vel: 0.01 m/s | Vert Vel: -0.04 m/s | EHVE: 0.09 m/s | EVVE: 0.09 m/s
9297,520,0x0208,DOPS,23,391174.300,HDOP: 0.8 | PDOP: 1.6
9297,524,0x020C,BASELINE NED,30,391174.300,RTK Fixed | N: 45.611 m | E: -200.641 m | D: 13.626 m | Baseline: 206.211 m
9297,528,0x0210,CORR AGE,14,391174.300,2.3 s
9297,65282,0xFF02,DGNSS STATUS,12,,RTK | Signals: 15 | Latency: 2.3 s | ""
9297,30583,0x7777,SBAS RAW,42,,
9297,258,0x0102,GPS TIME,19,391174.400,Wk: 2293 | TOW ns: 17 | GNSS
9297,259,0x0103,UTC TIME,24,391174.400,2023-12-21 12:39:16.400 (GNSS) | UTC Offset: Decoded
9297,522,0x020A,POS LLA,42,391174.400,RTK Fixed | Lat: 45.5010913 deg | Lon: 9.1560061 deg | Alt: 173.151 m | Used SVs: 15
9297,526,0x020E,VEL NED,30,391174.400,Comp. Doppler | COG: 214.99 deg | SOG: 0.01 m/s | Horiz Vel: 0.01 m/s | Vert Vel: 0.01 m/s | EHVE: 0.09 m/s | EVVE: 0.09 m/s
9297,520,0x0208,DOPS,23,391174.400,HDOP: 0.8 | PDOP: 1.6
9297,524,0x020C,BASELINE NED,30,391174.400,RTK Fixed | N: 45.612 m | E: -200.643 m | D: 13.629 m | Baseline: 206.213 m
9297,528,0x0210,CORR AGE,14,391174.400,1.4 s
9297,65282,0xFF02,DGNSS STATUS,12,,RTK | Signals: 15 | Latency: 1.4 s | ""
9297,65535,0xFFFF,HEARTBEAT,12,,ANT OK | NAP OK | IO OK | SYS OK
9297,23,0x0017,THREAD STATE,34,,main | 0.0 % | 65532 B
9297,23,0x0017,THREAD STATE,34,,idle | 2.4 % | 124 B
9297,23,0x0017,THREAD STATE,34,,rpmsg | 0.2 % | 3628 B
9297,23,0x0017,THREAD STATE,34,,rpmsg_imu | 0.0 % | 3660 B
9297,23,0x0017,THREAD STATE,34,,SBP | 0.0 % | 65532 B
9297,23,0x0017,THREAD STATE,34,,NAP | 0.0 % | 32812 B
9297,23,0x0017,THREAD STATE,34,,manage PV | 0.0 % | 1052 B
9297,23,0x0017,THREAD STATE,34,,IMU | 0.0 % | 2044 B
9297,23,0x0017,THREAD STATE,34,,IMU aux | 0.0 % | 2164 B
9297,23,0x0017,THREAD STATE,34,,ndb | 0.0 % | 3176 B
9297,23,0x0017,THREAD STATE,34,,NAP Tracking | 25.6 % | 30476 B
9297,23,0x0017,THREAD STATE,34,,decode | 0.7 % | 1588 B
9297,23,0x0017,THREAD STATE,34,,manage acq | 32.2 % | 30452 B
9297,23,0x0017,THREAD STATE,34,,system monitor | 0.1 % | 1548 B
9297,23,0x0017,THREAD STATE,34,,Watchdog | 0.0 % | 1108 B
9297,23,0x0017,THREAD STATE,34,,starling | 31.4 % | 65532 B
9297,23,0x0017,THREAD STATE,34,,time matched obs | 6.6 % | 65532 B
9297,23,0x0017,THREAD STATE,34,,me_calc_pvt | 0.8 % | 18804 B
9297,23,0x0017,THREAD STATE,34,,PPS | 0.0 % | 1840 B
9297,23,0x0017,THREAD STATE,34,,spectrum analyzer | 0.0 % | 4044 B
9297,117,0x0075,GLO BIASES,17,,L1C: 0.00 m | L1P: 0.00 m | L2C: 0.00 m | L2P: 0.00 m
9297,181,0x00B5,DEVICE MONITOR,18,,Vin: 5.91 V | Tcpu: 36.4 C | Trf: 33.9 C
9297,258,0x0102,GPS TIME,19,391174.500,Wk: 2293 | TOW ns: 18 | GNSS
9297,259,0x0103,UTC TIME,24,391174.500,2023-12-21 12:39:16.500 (GNSS) | UTC Offset: Decoded
9297,522,0x020A,POS LLA,42,391174.500,RTK Fixed | Lat: 45.5010913 deg | Lon: 9.1560061 deg | Alt: 173.151 m | Used SVs: 15
9297,526,0x020E,VEL NED,30,391174.500,Comp. Doppler | COG: 158.20 deg | SOG: 0.02 m/s | Horiz Vel: 0.02 m/s | Vert Vel: -0.00 m/s | EHVE: 0.09 m/s | EVVE: 0.09 m/s
9297,520,0x0208,DOPS,23,391174.500,HDOP: 0.8 | PDOP: 1.6
9297,524,0x020C,BASELINE NED,30,391174.500,RTK Fixed | N: 45.611 m | E: -200.643 m | D: 13.629 m | Baseline: 206.213 m
9297,528,0x0210,CORR AGE,14,391174.500,1.5 s
9297,65282,0xFF02,DGNSS STATUS,12,,RTK | Signals: 15 | Latency: 1.5 s | ""
9297,258,0x0102,GPS TIME,19,391174.600,Wk: 2293 | TOW ns: 19 | GNSS
9297,259,0x0103,UTC TIME,24,391174.600,2023-12-21 12:39:16.600 (GNSS) | UTC Offset: Decoded
9297,522,0x020A,POS LLA,42,391174.600,RTK Fixed | Lat: 45.5010913 deg | Lon: 9.1560061 deg | Alt: 173.150 m | Used SVs: 15
9297,526,0x020E,VEL NED,30,391174.600,Comp. Doppler | COG: 0.00 deg | SOG: 0.01 m/s | Horiz Vel: 0.01 m/s | Vert Vel: -0.01 m/s | EHVE: 0.09 m/s | EVVE: 0.09 m/s
9297,520,0x0208,DOPS,23,391174.600,HDOP: 0.8 | PDOP: 1.6
9297,524,0x020C,BASELINE NED,30,391174.600,RTK Fixed | N: 45.612 m | E: -200.643 m | D: 13.629 m | Baseline: 206.213 m
9297,528,0x0210,CORR AGE,14,391174.600,1.6 s
9297,65282,0xFF02,DGNSS STATUS,12,,RTK | Signals: 15 | Latency: 1.6 s | ""
9297,97,0x0061,MEAS STATE,245,,Total SVs: 23 | L1: 9 | L2: 6 | G1: 5 | G2: 4 | E1: 3 | E2: 3 | B1: 6 | B2: 2 | SBAS: 1
9297,258,0x0102,GPS TIME,19,391174.700,Wk: 2293 | TOW ns: 20 | GNSS
9297,259,0x0103,UTC TIME,24,391174.700,2023-12-21 12:39:16.700 (GNSS) | UTC Offset: Decoded
9297,522,0x020A,POS LLA,42,391174.700,RTK Fixed | Lat: 45.5010913 deg | Lon: 9.1560061 deg | Alt: 173.152 m | Used SVs: 15
9297,526,0x020E,VEL NED,30,391174.700,Comp. Doppler | COG: 94.40 deg | SOG: 0.02 m/s | Horiz Vel: 0.01 m/s | Vert Vel: 0.02 m/s | EHVE: 0.09 m/s | EVVE: 0.09 m/s
9297,520,0x0208,DOPS,23,391174.700,HDOP: 0.8 | PDOP: 1.6
9297,524,0x020C,BASELINE NED,30,391174.700,RTK Fixed | N: 45.612 m | E: -200.642 m | D: 13.628 m | Baseline: 206.212 m
9297,528,0x0210,CORR AGE,14,391174.700,1.7 s
9297,65282,0xFF02,DGNSS STATUS,12,,RTK | Signals: 15 | Latency: 1.7 s | ""
9297,258,0x0102,GPS TIME,19,391174.800,Wk: 2293 | TOW ns: 20 | GNSS
9297,259,0x0103,UTC TIME,24,391174.800,2023-12-21 12:39:16.800 (GNSS) | UTC Offset: Decoded
9297,522,0x020A,POS LLA,42,391174.800,RTK Fixed | Lat: 45.5010913 deg | Lon: 9.1560061 deg | Alt: 173.150 m | Used SVs: 15
9297,526,0x020E,VEL NED,30,391174.800,Comp. Doppler | COG: 206.57 deg | SOG: 0.04 m/s | Horiz Vel: 0.01 m/s | Vert Vel: -0.04 m/s | EHVE: 0.09 m/s | EVVE: 0.09 m/s
9297,520,0x0208,DOPS,23,391174.800,HDOP: 0.8 | PDOP: 1.6
9297,524,0x020C,BASELINE NED,30,391174.800,RTK Fixed | N: 45.611 m | E: -200.643 m | D: 13.630 m | Baseline: 206.213 m
9297,528,0x0210,CORR AGE,14,391174.800,1.8 s
9297,65282,0xFF02,DGNSS STATUS,12,,RTK | Signals: 15 | Latency: 1.8 s | ""
9297,258,0x0102,GPS TIME,19,391174.900,Wk: 2293 | TOW ns: 21 | GNSS
9297,259,0x0103,UTC TIME,24,391174.900,2023-12-21 12:39:16.900 (GNSS) | UTC Offset: Decoded
9297,522,0x020A,POS LLA,42,391174.900,RTK Fixed | Lat: 45.5010913 deg | Lon: 9.1560061 deg | Alt: 173.155 m | Used SVs: 15
9297,526,0x020E,VEL NED,30,391174.900,Comp. Doppler | COG: 108.43 deg | SOG: 0.06 m/s | Horiz Vel: 0.00 m/s | Vert Vel: 0.06 m/s | EHVE: 0.09 m/s | EVVE: 0.09 m/s
9297,520,0x0208,DOPS,23,391174.900,HDOP: 0.8 | PDOP: 1.6
9297,524,0x020C,BASELINE NED,30,391174.900,RTK Fixed | N: 45.611 m | E: -200.643 m | D: 13.624 m | Baseline: 206.212 m
9297,528,0x0210,CORR AGE,14,391174.900,1.9 s
9297,65282,0xFF02,DGNSS STATUS,12,,RTK | Signals: 15 | Latency: 1.9 s | ""
9297,151,0x0097,SV AZ EL,116,,(27) [G10 312 18] [G12 228 36] [G13 148 34] [G14 54 11] [G15 196 57] [G17 62 33] [G19 98 40] [G22 52 30] [G23 272 24] [G24 310 71] [G25 234 3] [R1 294 54] [R2 334 13] [R8 196 43] [R9 62 9] [R11 286 58] [R12 254 7] [R20 94 16] [B10 54 29] [B14 244 47] [B24 274 58] [B26 56 65] [B33 284 42] [B35 108 23] [E4 296 55] [E19 168 54] [E21 54 65]
9297,74,0x004A,OBS,257,391175.000,Msg 1 of 3 (14) [G12-L1CA:PCDAr:52.0] [G10-L1CA:PCDAr:40.5] [G13-L1CA:PCDAr:51.8] [G15-L1CA:PCDAr:54.0] [G17-L1CA:PCDAr:42.5] [G19-L1CA:PCDAr:50.5] [G22-L1CA:PCDAr:42.8] [G24-L1CA:PCDAr:49.8] [G23-L1CA:PCDAr:49.3] [G24-L2CM:PCDAr:47.3] [G15-L2CM:PCDAr:48.3] [G17-L2CM:PCDAr:33.3] [G12-L2CM:PCDAr:48.5] [G23-L2CM:PCDAr:44.3]
9297,74,0x004A,OBS,257,391175.000,Msg 2 of 3 (14) [G10-L2CM:PCDAr:38.3] [R11-L1OF:PCDAr:56.0] [R2-L1OF:PCDAr:41.3] [R1-L1OF:PCDAr:50.5] [R8-L1OF:PCDAr:52.0] [R20-L1OF:PCDAr:35.5] [R2-L2OF:PCDAr:38.5] [R11-L2OF:PCDAr:50.5] [R1-L2OF:PCDAr:45.0] [R8-L2OF:PCDAr:51.0] [B24-B1:PCDAr:53.8] [B10-B1:PCDAr:36.0] [B26-B1:PCDAr:50.3] [B33-B1:PCDAr:48.3]
9297,74,0x004A,OBS,172,391175.000,Msg 3 of 3 (9) [B35-B1:PCDAr:38.0] [B14-B1:PCDAr:51.3] [B14-B2:PCDAr:53.8] [E4-E1B:PCDAr:50.8] [E19-E1B:PCDAr:49.0] [E21-E1B:PCDAr:48.0] [E4-E7I:PCDAr:49.8] [E19-E7I:PCDAr:48.8] [E21-E7I:PCDAr:47.0]
9297,117,0x0075,GLO BIASES,17,,L1C: 0.00 m | L1P: 0.00 m | L2C: 0.00 m | L2P: 0.00 m
9297,258,0x0102,GPS TIME,19,391175.000,Wk: 2293 | TOW ns: 22 | GNSS
9297,259,0x0103,UTC TIME,24,391175.000,2023-12-21 12:39:17.000 (GNSS) | UTC Offset: Decoded
9297,522,0x020A,POS LLA,42,391175.000,RTK Fixed | Lat: 45.5010913 deg | Lon: 9.1560061 deg | Alt: 173.158 m | Used SVs: 15
9297,526,0x020E,VEL NED,30,391175.000,Comp. Doppler | COG: 293.63 deg | SOG: 0.03 m/s | Horiz Vel: 0.02 m/s | Vert Vel: 0.02 m/s | EHVE: 0.09 m/s | EVVE: 0.09 m/s
9297,520,0x0208,DOPS,23,391175.000,HDOP: 0.8 | PDOP: 1.6
9297,524,0x020C,BASELINE NED,30,391175.000,RTK Fixed | N: 45.611 m | E: -200.645 m | D: 13.622 m | Baseline: 206.214 m
9297,528,0x0210,CORR AGE,14,391175.000,2.0 s
9297,65282,0xFF02,DGNSS STATUS,12,,RTK | Signals: 15 | Latency: 2.0 s | ""
9297,258,0x0102,GPS TIME,19,391175.100,Wk: 2293 | TOW ns: 15 | GNSS
9297,259,0x0103,UTC TIME,24,391175.100,2023-12-21 12:39:17.100 (GNSS) | UTC Offset: Decoded
9297,522,0x020A,POS LLA,42,391175.100,RTK Fixed | Lat: 45.5010913 deg | Lon: 9.1560061 deg | Alt: 173.157 m | Used SVs: 15
9297,526,0x020E,VEL NED,30,391175.100,Comp. Doppler | COG: 180.00 deg | SOG: 0.01 m/s | Horiz Vel: 0.01 m/s | Vert Vel: -0.00 m/s | EHVE: 0.09 m/s | EVVE: 0.09 m/s
9297,520,0x0208,DOPS,23,391175.100,HDOP: 0.8 | PDOP: 1.6
9297,524,0x020C,BASELINE NED,30,391175.100,RTK Fixed | N: 45.611 m | E: -200.645 m | D: 13.623 m | Baseline: 206.214 m
9297,528,0x0210,CORR AGE,14,391175.100,2.1 s
9297,65282,0xFF02,DGNSS STATUS,12,,RTK | Signals: 15 | Latency: 2.1 s | ""
9297,97,0x0061,MEAS STATE,245,,Total SVs: 19 | L1: 9 | L2: 6 | G1: 0 | G2: 0 | E1: 3 | E2: 3 | B1: 6 | B2: 2 | SBAS: 1
9297,258,0x0102,GPS TIME,19,391175.200,Wk: 2293 | TOW ns: 16 | GNSS
9297,259,0x0103,UTC TIME,24,391175.200,2023-12-21 12:39:17.200 (GNSS) | UTC Offset: Decoded
9297,522,0x020A,POS LLA,42,391175.200,RTK Fixed | Lat: 45.5010913 deg | Lon: 9.1560061 deg | Alt: 173.157 m | Used SVs: 15
9297,526,0x020E,VEL NED,30,391175.200,Comp. Doppler | COG: 29.74 deg | SOG: 0.01 m/s | Horiz Vel: 0.01 m/s | Vert Vel: -0.01 m/s | EHVE: 0.09 m/s | EVVE: 0.09 m/s
9297,520,0x0208,DOPS,23,391175.200,HDOP: 0.8 | PDOP: 1.6
9297,524,0x020C,BASELINE NED,30,391175.200,RTK Fixed | N: 45.611 m | E: -200.645 m | D: 13.623 m | Baseline: 206.214 m
9297,528,0x0210,CORR AGE,14,391175.200,2.2 s
9297,65282,0xFF02,DGNSS STATUS,12,,RTK | Signals: 15 | Latency: 2.2 s | ""
0,74,0x004A,OBS,257,391174.000,Msg 3 of 3 (14) [B14-B1:PCDAr:49.3] [B10-B1:PCDAr:42.3] [B29-B1:PCDAr:46.8] [B10-B2:PCDAr:45.8] [B7-B2:PCDAr:41.0] [B14-B2:PCDAr:53.3] [E4-E1B:PCDAr:50.3] [E27-E1B:PCDAr:40.8] [E19-E1B:PCDAr:46.0] [E21-E1B:PCDAr:51.5] [E4-E7I:PCDAr:52.8] [E21-E7I:PCDAr:52.8] [E27-E7I:PCDAr:41.3] [E19-E7I:PCDAr:47.5]
0,72,0x0048,BASE POS ECEF,32,,X: 4421114.209 m | Y: 712784.166 m | Z: 4526655.471 m (Lat: 45.5006809 deg | Lon: 9.1585732 deg | Alt: 186.776 m)
0,74,0x004A,OBS,257,391175.000,Msg 1 of 3 (14) [G10-L1CA:PCDAr:44.8] [G23-L1CA:PCDAr:47.3] [G15-L1CA:PCDAr:54.0] [G13-L1CA:PCDAr:49.8] [G14-L1CA:PCDAr:45.0] [G19-L1CA:PCDAr:51.3] [G24-L1CA:PCDAr:54.8] [G22-L1CA:PCDAr:49.8] [G17-L1CA:PCDAr:48.8] [G12-L1CA:PCDAr:52.3] [G10-L2CM:PCDAr:43.8] [G23-L2CM:PCDAr:45.3] [G24-L2CM:PCDAr:52.5] [G15-L2CM:PCDAr:49.0]
0,74,0x004A,OBS,257,391175.000,Msg 2 of 3 (14) [G14-L2CM:PCDAr:39.8] [G17-L2CM:PCDAr:45.5] [G12-L2CM:PCDAr:46.5] [R1-L1OF:PCDAr:50.8] [R8-L1OF:PCDAr:47.3] [R11-L1OF:PCDAr:56.5] [R10-L1OF:PCDAr:49.3] [R11-L2OF:PCDAr:52.0] [R1-L2OF:PCDAr:44.5] [B7-B1:PCDAr:43.0] [B35-B1:PCDAr:45.8] [B24-B1:PCDAr:53.5] [B33-B1:PCDAr:51.3] [B26-B1:PCDAr:54.3]
9297,258,0x0102,GPS TIME,19,391175.300,Wk: 2293 | TOW ns: 16 | GNSS
9297,259,0x0103,UTC TIME,24,391175.300,2023-12-21 12:39:17.300 (GNSS) | UTC Offset: Decoded
9297,522,0x020A,POS LLA,42,391175.300,RTK Fixed | Lat: 45.5010913 deg | Lon: 9.1560061 deg | Alt: 173.157 m | Used SVs: 15
9297,526,0x020E,VEL NED,30,391175.300,Comp. Doppler | COG: 104.04 deg | SOG: 0.01 m/s | Horiz Vel: 0.01 m/s | Vert Vel: -0.00 m/s | EHVE: 0.09 m/s | EVVE: 0.09 m/s
9297,520,0x0208,DOPS,23,391175.300,HDOP: 0.8 | PDOP: 1.6
9297,524,0x020C,BASELINE NED,30,391175.300,RTK Fixed | N: 45.611 m | E: -200.644 m | D: 13.623 m | Baseline: 206.213 m
9297,528,0x0210,CORR AGE,14,391175.300,2.3 s
9297,65282,0xFF02,DGNSS STATUS,12,,RTK | Signals: 15 | Latency: 2.3 s | ""
9297,258,0x0102,GPS TIME,19,391175.400,Wk: 2293 | TOW ns: 17 | GNSS
9297,259,0x0103,UTC TIME,24,391175.400,2023-12-21 12:39:17.400 (GNSS) | UTC Offset: Decoded
9297,522,0x020A,POS LLA,42,391175.400,RTK Fixed | Lat: 45.5010913 deg | Lon: 9.1560061 deg | Alt: 173.157 m | Used SVs: 15
9297,526,0x020E,VEL NED,30,391175.400,Comp. Doppler | COG: 329.04 deg | SOG: 0.03 m/s | Horiz Vel: 0.02 m/s | Vert Vel: 0.02 m/s | EHVE: 0.09 m/s | EVVE: 0.09 m/s
9297,520,0x0208,DOPS,23,391175.400,HDOP: 0.8 | PDOP: 1.6
9297,524,0x020C,BASELINE NED,30,391175.400,RTK Fixed | N: 45.614 m | E: -200.646 m | D: 13.623 m | Baseline: 206.216 m
9297,528,0x0210,CORR AGE,14,391175.400,1.4 s
9297,65282,0xFF02,DGNSS STATUS,12,,RTK | Signals: 15 | Latency: 1.4 s | ""
9297,30583,0x7777,SBAS RAW,42,,
9297,65535,0xFFFF,HEARTBEAT,12,,ANT OK | NAP OK | IO OK | SYS OK
9297,117,0x0075,GLO BIASES,17,,L1C: 0.00 m | L1P: 0.00 m | L2C: 0.00 m | L2P: 0.00 m
9297,258,0x0102,GPS TIME,19,391175.500,Wk: 2293 | TOW ns: 18 | GNSS
9297,259,0x0103,UTC TIME,24,391175.500,2023-12-21 12:39:17.500 (GNSS) | UTC Offset: Decoded
9297,522,0x020A,POS LLA,42,391175.500,RTK Fixed | Lat: 45.5010913 deg | Lon: 9.1560061 deg | Alt: 173.158 m | Used SVs: 15
9297,526,0x020E,VEL NED,30,391175.500,Comp. Doppler | COG: 315.00 deg | SOG: 0.01 m/s | Horiz Vel: 0.00 m/s | Vert Vel: 0.01 m/s | EHVE: 0.09 m/s | EVVE: 0.09 m/s
9297,520,0x0208,DOPS,23,391175.500,HDOP: 0.8 | PDOP: 1.6
9297,524,0x020C,BASELINE NED,30,391175.500,RTK Fixed | N: 45.615 m | E: -200.646 m | D: 13.621 m | Baseline: 206.216 m
9297,528,0x0210,CORR AGE,14,391175.500,1.5 s
9297,65282,0xFF02,DGNSS STATUS,12,,RTK | Signals: 15 | Latency: 1.5 s | ""
9297,1025,0x0401,LOG,31,,WARNING: "Target dir unavailable"
9297,258,0x0102,GPS TIME,19,391175.600,Wk: 2293 | TOW ns: 18 | GNSS
9297,259,0x0103,UTC TIME,24,391175.600,2023-12-21 12:39:17.600 (GNSS) | UTC Offset: Decoded
9297,522,0x020A,POS LLA,42,391175.600,RTK Fixed | Lat: 45.5010913 deg | Lon: 9.1560061 deg | Alt: 173.159 m | Used SVs: 15
9297,526,0x020E,VEL NED,30,391175.600,Comp. Doppler | COG: 200.56 deg | SOG: 0.01 m/s | Horiz Vel: 0.01 m/s | Vert Vel: -0.00 m/s | EHVE: 0.09 m/s | EVVE: 0.09 m/s
9297,520,0x0208,DOPS,23,391175.600,HDOP: 0.8 | PDOP: 1.6
9297,524,0x020C,BASELINE NED,30,391175.600,RTK Fixed | N: 45.614 m | E: -200.647 m | D: 13.621 m | Baseline: 206.217 m
9297,528,0x0210,CORR AGE,14,391175.600,1.6 s
9297,65282,0xFF02,DGNSS STATUS,12,,RTK | Signals: 15 | Latency: 1.6 s | ""
9297,97,0x0061,MEAS STATE,245,,Total SVs: 23 | L1: 9 | L2: 6 | G1: 5 | G2: 4 | E1: 3 | E2: 3 | B1: 6 | B2: 2 | SBAS: 1
9297,258,0x0102,GPS TIME,19,391175.700,Wk: 2293 | TOW ns: 19 | GNSS
9297,259,0x0103,UTC TIME,24,391175.700,2023-12-21 12:39:17.700 (GNSS) | UTC Offset: Decoded
9297,522,0x020A,POS LLA,42,391175.700,RTK Fixed | Lat: 45.5010913 deg | Lon: 9.1560061 deg | Alt: 173.155 m | Used SVs: 15
9297,526,0x020E,VEL NED,30,391175.700,Comp. Doppler | COG: 58.39 deg | SOG: 0.05 m/s | Horiz Vel: 0.02 m/s | Vert Vel: -0.04 m/s | EHVE: 0.09 m/s | EVVE: 0.09 m/s
9297,520,0x0208,DOPS,23,391175.700,HDOP: 0.8 | PDOP: 1.6
9297,524,0x020C,BASELINE NED,30,391175.700,RTK Fixed | N: 45.615 m | E: -200.646 m | D: 13.625 m | Baseline: 206.216 m
9297,528,0x0210,CORR AGE,14,391175.700,1.7 s
9297,65282,0xFF02,DGNSS STATUS,12,,RTK | Signals: 15 | Latency: 1.7 s | ""
9297,258,0x0102,GPS TIME,19,391175.800,Wk: 2293 | TOW ns: 20 | GNSS
9297,259,0x0103,UTC TIME,24,391175.800,2023-12-21 12:39:17.800 (GNSS) | UTC Offset: Decoded
9297,522,0x020A,POS LLA,42,391175.800,RTK Fixed | Lat: 45.5010913 deg | Lon: 9.1560061 deg | Alt: 173.159 m | Used SVs: 15
9297,526,0x020E,VEL NED,30,391175.800,Comp. Doppler | COG: 63.43 deg | SOG: 0.04 m/s | Horiz Vel: 0.00 m/s | Vert Vel: 0.04 m/s | EHVE: 0.09 m/s | EVVE: 0.09 m/s
9297,520,0x0208,DOPS,23,391175.800,HDOP: 0.8 | PDOP: 1.6
9297,524,0x020C,BASELINE NED,30,391175.800,RTK Fixed | N: 45.615 m | E: -200.645 m | D: 13.621 m | Baseline: 206.215 m
9297,528,0x0210,CORR AGE,14,391175.800,1.8 s
9297,65282,0xFF02,DGNSS STATUS,12,,RTK | Signals: 15 | Latency: 1.8 s | ""
9297,258,0x0102,GPS TIME,19,391175.900,Wk: 2293 | TOW ns: 20 | GNSS
9297,259,0x0103,UTC TIME,24,391175.900,2023-12-21 12:39:17.900 (GNSS) | UTC Offset: Decoded
9297,522,0x020A,POS LLA,42,391175.900,RTK Fixed | Lat: 45.5010913 deg | Lon: 9.1560061 deg | Alt: 173.161 m | Used SVs: 15
9297,526,0x020E,VEL NED,30,391175.900,Comp. Doppler | COG: 228.81 deg | SOG: 0.02 m/s | Horiz Vel: 0.01 m/s | Vert Vel: 0.01 m/s | EHVE: 0.09 m/s | EVVE: 0.09 m/s
9297,520,0x0208,DOPS,23,391175.900,HDOP: 0.8 | PDOP: 1.6
9297,524,0x020C,BASELINE NED,30,391175.900,RTK Fixed | N: 45.615 m | E: -200.646 m | D: 13.618 m | Baseline: 206.216 m
9297,528,0x0210,CORR AGE,14,391175.900,1.9 s
9297,65282,0xFF02,DGNSS STATUS,12,,RTK | Signals: 15 | Latency: 1.9 s | ""
9297,151,0x0097,SV AZ EL,116,,(27) [G10 312 18] [G12 228 36] [G13 148 34] [G14 54 11] [G15 196 57] [G17 62 33] [G19 98 40] [G22 52 30] [G23 272 24] [G24 310 71] [G25 234 3] [R1 294 54] [R2 334 13] [R8 196 43] [R9 62 9] [R11 286 58] [R12 254 7] [R20 94 16] [B10 54 29] [B14 244 47] [B24 274 58] [B26 56 65] [B33 284 42] [B35 108 23] [E4 296 55] [E19 168 54] [E21 54 65]
9297,74,0x004A,OBS,257,391176.000,Msg 1 of 3 (14) [G12-L1CA:PCDAr:52.0] [G10-L1CA:PCDAr:40.5] [G13-L1CA:PCDAr:51.3] [G15-L1CA:PCDAr:54.0] [G17-L1CA:PCDAr:43.0] [G19-L1CA:PCDAr:50.0] [G22-L1CA:PCDAr:42.3] [G24-L1CA:PCDAr:49.8] [G23-L1CA:PCDAr:48.5] [G24-L2CM:PCDAr:46.5] [G15-L2CM:PCDAr:48.8] [G17-L2CM:PCDAr:33.3] [G12-L2CM:PCDAr:48.8] [G23-L2CM:PCDAr:43.3]
9297,74,0x004A,OBS,257,391176.000,Msg 2 of 3 (14) [G10-L2CM:PCDAr:39.3] [R11-L1OF:PCDAr:56.3] [R2-L1OF:PCDAr:38.3] [R1-L1OF:PCDAr:51.3] [R8-L1OF:PCDAr:51.8] [R20-L1OF:PCDAr:36.0] [R2-L2OF:PCDAr:38.0] [R11-L2OF:PCDAr:50.8] [R1-L2OF:PCDAr:45.0] [R8-L2OF:PCDAr:51.0] [B24-B1:PCDAr:53.3] [B10-B1:PCDAr:35.3] [B26-B1:PCDAr:50.0] [B33-B1:PCDAr:48.5]
9297,74,0x004A,OBS,172,391176.000,Msg 3 of 3 (9) [B35-B1:PCDAr:39.5] [B14-B1:PCDAr:50.8] [B14-B2:PCDAr:54.3] [E4-E1B:PCDAr:51.5] [E19-E1B:PCDAr:48.8] [E21-E1B:PCDAr:48.0] [E4-E7I:PCDAr:49.5] [E19-E7I:PCDAr:48.8] [E21-E7I:PCDAr:47.8]
9297,117,0x0075,GLO BIASES,17,,L1C: 0.00 m | L1P: 0.00 m | L2C: 0.00 m | L2P: 0.00 m
9297,258,0x0102,GPS TIME,19,391176.000,Wk: 2293 | TOW ns: 21 | GNSS
9297,259,0x0103,UTC TIME,24,391176.000,2023-12-21 12:39:18.000 (GNSS) | UTC Offset: Decoded
9297,522,0x020A,POS LLA,42,391176.000,RTK Fixed | Lat: 45.5010913 deg | Lon: 9.1560061 deg | Alt: 173.163 m | Used SVs: 15
9297,526,0x020E,VEL NED,30,391176.000,Comp. Doppler | COG: 138.81 deg | SOG: 0.02 m/s | Horiz Vel: 0.02 m/s | Vert Vel: 0.01 m/s | EHVE: 0.09 m/s | EVVE: 0.09 m/s
9297,520,0x0208,DOPS,23,391176.000,HDOP: 0.8 | PDOP: 1.6
9297,524,0x020C,BASELINE NED,30,391176.000,RTK Fixed | N: 45.613 m | E: -200.646 m | D: 13.617 m | Baseline: 206.215 m
9297,528,0x0210,CORR AGE,14,391176.000,2.0 s
9297,65282,0xFF02,DGNSS STATUS,12,,RTK | Signals: 15 | Latency: 2.0 s | ""
9297,141,0x008D,EPH GAL,161,,19 | 2293 390000 | 3.1 14400 | 1 0
9297,141,0x008D,EPH GAL,161,,21 | 2293 390000 | 3.1 14400 | 1 0
9297,258,0x0102,GPS TIME,19,391176.100,Wk: 2293 | TOW ns: 22 | GNSS
9297,259,0x0103,UTC TIME,24,391176.100,2023-12-21 12:39:18.100 (GNSS) | UTC Offset: Decoded
9297,522,0x020A,POS LLA,42,391176.100,RTK Fixed | Lat: 45.5010913 deg | Lon: 9.1560061 deg | Alt: 173.157 m | Used SVs: 15
9297,526,0x020E,VEL NED,30,391176.100,Comp. Doppler | COG: 66.80 deg | SOG: 0.07 m/s | Horiz Vel: 0.02 m/s | Vert Vel: -0.07 m/s | EHVE: 0.09 m/s | EVVE: 0.09 m/s
9297,520,0x0208,DOPS,23,391176.100,HDOP: 0.8 | PDOP: 1.6
9297,524,0x020C,BASELINE NED,30,391176.100,RTK Fixed | N: 45.613 m | E: -200.644 m | D: 13.622 m | Baseline: 206.214 m
9297,528,0x0210,CORR AGE,14,391176.100,2.1 s
9297,65282,0xFF02,DGNSS STATUS,12,,RTK | Signals: 15 | Latency: 2.1 s | ""
9297,97,0x0061,MEAS STATE,245,,Total SVs: 19 | L1: 9 | L2: 6 | G1: 0 | G2: 0 | E1: 3 | E2: 3 | B1: 6 | B2: 2 | SBAS: 1
9297,258,0x0102,GPS TIME,19,391176.200,Wk: 2293 | TOW ns: 15 | GNSS
9297,259,0x0103,UTC TIME,24,391176.200,2023-12-21 12:39:18.200 (GNSS) | UTC Offset: Decoded
9297,522,0x020A,POS LLA,42,391176.200,RTK Fixed | Lat: 45.5010913 deg | Lon: 9.1560061 deg | Alt: 173.156 m | Used SVs: 15
9297,526,0x020E,VEL NED,30,391176.200,Comp. Doppler | COG: 213.69 deg | SOG: 0.02 m/s | Horiz Vel: 0.01 m/s | Vert Vel: -0.02 m/s | EHVE: 0.09 m/s | EVVE: 0.09 m/s
9297,520,0x0208,DOPS,23,391176.200,HDOP: 0.8 | PDOP: 1.6
9297,524,0x020C,BASELINE NED,30,391176.200,RTK Fixed | N: 45.613 m | E: -200.645 m | D: 13.624 m | Baseline: 206.215 m
9297,528,0x0210,CORR AGE,14,391176.200,2.2 s
9297,65282,0xFF02,DGNSS STATUS,12,,RTK | Signals: 15 | Latency: 2.2 s | ""
9297,258,0x0102,GPS TIME,19,391176.300,Wk: 2293 | TOW ns: 16 | GNSS
9297,259,0x0103,UTC TIME,24,391176.300,2023-12-21 12:39:18.300 (GNSS) | UTC Offset: Decoded
9297,522,0x020A,POS LLA,42,391176.300,RTK Fixed | Lat: 45.5010913 deg | Lon: 9.1560061 deg | Alt: 173.157 m | Used SVs: 15
9297,526,0x020E,VEL NED,30,391176.300,Comp. Doppler | COG: 104.04 deg | SOG: 0.05 m/s | Horiz Vel: 0.01 m/s | Vert Vel: 0.05 m/s | EHVE: 0.09 m/s | EVVE: 0.09 m/s
9297,520,0x0208,DOPS,23,391176.300,HDOP: 0.8 | PDOP: 1.6
9297,524,0x020C,BASELINE NED,30,391176.300,RTK Fixed | N: 45.614 m | E: -200.643 m | D: 13.623 m | Baseline: 206.213 m
9297,528,0x0210,CORR AGE,14,391176.300,2.3 s
9297,65282,0xFF02,DGNSS STATUS,12,,RTK | Signals: 15 | Latency: 2.3 s | ""
9297,30583,0x7777,SBAS RAW,42,,
9297,258,0x0102,GPS TIME,19,391176.400,Wk: 2293 | TOW ns: 16 | GNSS
9297,259,0x0103,UTC TIME,24,391176.400,2023-12-21 12:39:18.400 (GNSS) | UTC Offset: Decoded
9297,522,0x020A,POS LLA,42,391176.400,RTK Fixed | Lat: 45.5010913 deg | Lon: 9.1560061 deg | Alt: 173.159 m | Used SVs: 15
9297,526,0x020E,VEL NED,30,391176.400,Comp. Doppler | COG: 247.38 deg | SOG: 0.03 m/s | Horiz Vel: 0.01 m/s | Vert Vel: 0.02 m/s | EHVE: 0.09 m/s | EVVE: 0.09 m/s
9297,520,0x0208,DOPS,23,391176.400,HDOP: 0.8 | PDOP: 1.6
9297,524,0x020C,BASELINE NED,30,391176.400,RTK Fixed | N: 45.614 m | E: -200.644 m | D: 13.621 m | Baseline: 206.214 m
9297,528,0x0210,CORR AGE,14,391176.400,2.4 s
9297,65282,0xFF02,DGNSS STATUS,12,,RTK | Signals: 15 | Latency: 2.4 s | ""
0,74,0x004A,OBS,257,391175.000,Msg 3 of 3 (14) [B14-B1:PCDAr:49.3] [B10-B1:PCDAr:42.3] [B29-B1:PCDAr:47.0] [B10-B2:PCDAr:46.0] [B7-B2:PCDAr:41.3] [B14-B2:PCDAr:53.3] [E4-E1B:PCDAr:50.5] [E27-E1B:PCDAr:41.5] [E19-E1B:PCDAr:46.5] [E21-E1B:PCDAr:52.0] [E4-E7I:PCDAr:52.8] [E21-E7I:PCDAr:53.0] [E27-E7I:PCDAr:41.5] [E19-E7I:PCDAr:47.8]
0,72,0x0048,BASE POS ECEF,32,,X: 4421114.209 m | Y: 712784.166 m | Z: 4526655.471 m (Lat: 45.5006809 deg | Lon: 9.1585732 deg | Alt: 186.776 m)
0,74,0x004A,OBS,257,391176.000,Msg 1 of 3 (14) [G10-L1CA:PCDAr:44.5] [G23-L1CA:PCDAr:47.3] [G15-L1CA:PCDAr:53.8] [G13-L1CA:PCDAr:49.5] [G14-L1CA:PCDAr:45.0] [G19-L1CA:PCDAr:51.0] [G24-L1CA:PCDAr:54.8] [G22-L1CA:PCDAr:49.8] [G17-L1CA:PCDAr:48.8] [G12-L1CA:PCDAr:52.3] [G10-L2CM:PCDAr:44.0] [G23-L2CM:PCDAr:45.5] [G24-L2CM:PCDAr:52.8] [G15-L2CM:PCDAr:49.0]
0,74,0x004A,OBS,257,391176.000,Msg 2 of 3 (14) [G14-L2CM:PCDAr:40.3] [G17-L2CM:PCDAr:45.5] [G12-L2CM:PCDAr:46.5] [R1-L1OF:PCDAr:50.8] [R8-L1OF:PCDAr:47.5] [R11-L1OF:PCDAr:56.5] [R10-L1OF:PCDAr:49.0] [R11-L2OF:PCDAr:52.0] [R1-L2OF:PCDAr:44.3] [B7-B1:PCDAr:43.0] [B35-B1:PCDAr:45.5] [B24-B1:PCDAr:53.3] [B33-B1:PCDAr:51.3] [B26-B1:PCDAr:54.3]
9297,65535,0xFFFF,HEARTBEAT,12,,ANT OK | NAP OK | IO OK | SYS OK
9297,23,0x0017,THREAD STATE,34,,main | 0.0 % | 65532 B
9297,23,0x0017,THREAD STATE,34,,idle | 1.7 % | 124 B
9297,23,0x0017,THREAD STATE,34,,rpmsg | 0.2 % | 3548 B
9297,23,0x0017,THREAD STATE,34,,rpmsg_imu | 0.0 % | 3660 B
9297,23,0x0017,THREAD STATE,34,,SBP | 0.0 % | 65532 B
9297,23,0x0017,THREAD STATE,34,,NAP | 0.0 % | 32812 B
9297,23,0x0017,THREAD STATE,34,,manage PV | 0.0 % | 1052 B
9297,23,0x0017,THREAD STATE,34,,IMU | 0.0 % | 2044 B
9297,23,0x0017,THREAD STATE,34,,IMU aux | 0.0 % | 2164 B
9297,23,0x0017,THREAD STATE,34,,ndb | 0.0 % | 3176 B
9297,23,0x0017,THREAD STATE,34,,NAP Tracking | 26.2 % | 30476 B
9297,23,0x0017,THREAD STATE,34,,decode | 0.6 % | 1588 B
9297,23,0x0017,THREAD STATE,34,,manage acq | 33.7 % | 30452 B
9297,23,0x0017,THREAD STATE,34,,system monitor | 0.1 % | 1548 B
9297,23,0x0017,THREAD STATE,34,,Watchdog | 0.0 % | 1108 B
9297,23,0x0017,THREAD STATE,34,,starling | 31.5 % | 65532 B
9297,23,0x0017,THREAD STATE,34,,time matched obs | 5.2 % | 65532 B
9297,23,0x0017,THREAD STATE,34,,me_calc_pvt | 0.9 % | 18804 B
9297,23,0x0017,THREAD STATE,34,,PPS | 0.0 % | 1840 B
9297,23,0x0017,THREAD STATE,34,,spectrum analyzer | 0.0 % | 4044 B
9297,117,0x0075,GLO BIASES,17,,L1C: 0.00 m | L1P: 0.00 m | L2C: 0.00 m | L2P: 0.00 m
9297,258,0x0102,GPS TIME,19,391176.500,Wk: 2293 | TOW ns: 17 | GNSS
9297,259,0x0103,UTC TIME,24,391176.500,2023-12-21 12:39:18.500 (GNSS) | UTC Offset: Decoded
9297,522,0x020A,POS LLA,42,391176.500,RTK Fixed | Lat: 45.5010913 deg | Lon: 9.1560061 deg | Alt: 173.157 m | Used SVs: 15
9297,526,0x020E,VEL NED,30,391176.500,Comp. Doppler | COG: 32.01 deg | SOG: 0.02 m/s | Horiz Vel: 0.01 m/s | Vert Vel: -0.01 m/s | EHVE: 0.09 m/s | EVVE: 0.09 m/s
9297,520,0x0208,DOPS,23,391176.500,HDOP: 0.8 | PDOP: 1.6
9297,524,0x020C,BASELINE NED,30,391176.500,RTK Fixed | N: 45.615 m | E: -200.643 m | D: 13.623 m | Baseline: 206.213 m
9297,528,0x0210,CORR AGE,14,391176.500,2.5 s
9297,65282,0xFF02,DGNSS STATUS,12,,RTK | Signals: 15 | Latency: 2.5 s | ""
9297,258,0x0102,GPS TIME,19,391176.600,Wk: 2293 | TOW ns: 18 | GNSS
9297,259,0x0103,UTC TIME,24,391176.600,2023-12-21 12:39:18.600 (GNSS) | UTC Offset: Decoded
9297,522,0x020A,POS LLA,42,391176.600,RTK Fixed | Lat: 45.5010913 deg | Lon: 9.1560061 deg | Alt: 173.155 m | Used SVs: 15
9297,526,0x020E,VEL NED,30,391176.600,Comp. Doppler | COG: 33.69 deg | SOG: 0.01 m/s | Horiz Vel: 0.01 m/s | Vert Vel: 0.00 m/s | EHVE: 0.09 m/s | EVVE: 0.09 m/s
9297,520,0x0208,DOPS,23,391176.600,HDOP: 0.8 | PDOP: 1.6
9297,524,0x020C,BASELINE NED,30,391176.600,RTK Fixed | N: 45.617 m | E: -200.644 m | D: 13.624 m | Baseline: 206.215 m
9297,528,0x0210,CORR AGE,14,391176.600,1.6 s
9297,65282,0xFF02,DGNSS STATUS,12,,RTK | Signals: 15 | Latency: 1.6 s | ""
9297,97,0x0061,MEAS STATE,245,,Total SVs: 23 | L1: 9 | L2: 6 | G1: 5 | G2: 4 | E1: 3 | E2: 3 | B1: 6 | B2: 2 | SBAS: 1
9297,258,0x0102,GPS TIME,19,391176.700,Wk: 2293 | TOW ns: 18 | GNSS
9297,259,0x0103,UTC TIME,24,391176.700,2023-12-21 12:39:18.700 (GNSS) | UTC Offset: Decoded
9297,522,0x020A,POS LLA,42,391176.700,RTK Fixed | Lat: 45.5010913 deg | Lon: 9.1560061 deg | Alt: 173.157 m | Used SVs: 15
9297,526,0x020E,VEL NED,30,391176.700,Comp. Doppler | COG: 183.81 deg | SOG: 0.02 m/s | Horiz Vel: 0.02 m/s | Vert Vel: 0.01 m/s | EHVE: 0.09 m/s | EVVE: 0.09 m/s
9297,520,0x0208,DOPS,23,391176.700,HDOP: 0.8 | PDOP: 1.6
9297,524,0x020C,BASELINE NED,30,391176.700,RTK Fixed | N: 45.615 m | E: -200.643 m | D: 13.623 m | Baseline: 206.213 m
9297,528,0x0210,CORR AGE,14,391176.700,1.7 s
9297,65282,0xFF02,DGNSS STATUS,12,,RTK | Signals: 15 | Latency: 1.7 s | ""
9297,258,0x0102,GPS TIME,19,391176.800,Wk: 2293 | TOW ns: 19 | GNSS
9297,259,0x0103,UTC TIME,24,391176.800,2023-12-21 12:39:18.800 (GNSS) | UTC Offset: Decoded
9297,522,0x020A,POS LLA,42,391176.800,RTK Fixed | Lat: 45.5010913 deg | Lon: 9.1560061 deg | Alt: 173.157 m | Used SVs: 15
9297,526,0x020E,VEL NED,30,391176.800,Comp. Doppler | COG: 180.00 deg | SOG: 0.01 m/s | Horiz Vel: 0.01 m/s | Vert Vel: 0.01 m/s | EHVE: 0.09 m/s | EVVE: 0.09 m/s
9297,520,0x0208,DOPS,23,391176.800,HDOP: 0.8 | PDOP: 1.6
9297,524,0x020C,BASELINE NED,30,391176.800,RTK Fixed | N: 45.615 m | E: -200.644 m | D: 13.623 m | Baseline: 206.214 m
9297,528,0x0210,CORR AGE,14,391176.800,1.8 s
9297,65282,0xFF02,DGNSS STATUS,12,,RTK | Signals: 15 | Latency: 1.8 s | ""
9297,258,0x0102,GPS TIME,19,391176.900,Wk: 2293 | TOW ns: 20 | GNSS
9297,259,0x0103,UTC TIME,24,391176.900,2023-12-21 12:39:18.900 (GNSS) | UTC Offset: Decoded
9297,522,0x020A,POS LLA,42,391176.900,RTK Fixed | Lat: 45.5010913 deg | Lon: 9.1560061 deg | Alt: 173.154 m | Used SVs: 15
9297,526,0x020E,VEL NED,30,391176.900,Comp. Doppler | COG: 38.66 deg | SOG: 0.02 m/s | Horiz Vel: 0.01 m/s | Vert Vel: -0.02 m/s | EHVE: 0.09 m/s | EVVE: 0.09 m/s
9297,520,0x0208,DOPS,23,391176.900,HDOP: 0.8 | PDOP: 1.6
9297,524,0x020C,BASELINE NED,30,391176.900,RTK Fixed | N: 45.616 m | E: -200.643 m | D: 13.625 m | Baseline: 206.214 m
9297,528,0x0210,CORR AGE,14,391176.900,1.9 s
9297,65282,0xFF02,DGNSS STATUS,12,,RTK | Signals: 15 | Latency: 1.9 s | ""
