Sender ID,Msg ID (dec),Msg ID (hex),Msg Name,Msg Length [B],TOW [s],Data
9297,522,0x020A,POS LLA,42,391125.200,RTK Fixed | Lat: 45.5010815 deg | Lon: 9.1560371 deg | Alt: 173.124 m | Used SVs: 15
9297,526,0x020E,VEL NED,30,391125.200,Comp. Doppler | COG: 333.43 deg | SOG: 0.00 m/s | Horiz Vel: 0.00 m/s | Vert Vel: -0.00 m/s | EHVE: 0.09 m/s | EVVE: 0.09 m/s
9297,520,0x0208,DOPS,23,391125.200,HDOP: 0.8 | PDOP: 1.6
9297,524,0x020C,BASELINE NED,30,391125.200,RTK Fixed | N: 44.528 m | E: -198.224 m | D: 13.656 m | Baseline: 203.622 m
9297,528,0x0210,CORR AGE,14,391125.200,2.2 s
9297,65282,0xFF02,DGNSS STATUS,12,,RTK | Signals: 15 | Latency: 2.2 s | ""
9297,167,0x00A7,SETTINGS READ BY IDX RESP,45,,[0] ntrip:enable="False"
0,74,0x004A,OBS,257,391124.000,Msg 3 of 3 (14) [B14-B1:PCDAr:49.3] [B10-B1:PCDAr:42.3] [B29-B1:PCDAr:48.3] [B10-B2:PCDAr:46.0] [B7-B2:PCDAr:41.0] [B14-B2:PCDAr:53.5] [E4-E1B:PCDAr:50.5] [E27-E1B:PCDAr:42.0] [E19-E1B:PCDAr:46.3] [E21-E1B:PCDAr:52.0] [E4-E7I:PCDAr:53.5] [E21-E7I:PCDAr:53.8] [E27-E7I:PCDAr:42.5] [E19-E7I:PCDAr:48.5]
0,72,0x0048,BASE POS ECEF,32,,X: 4421114.209 m | Y: 712784.166 m | Z: 4526655.471 m (Lat: 45.5006809 deg | Lon: 9.1585732 deg | Alt: 186.776 m)
9297,97,0x0061,MEAS STATE,245,,Total SVs: 19 | L1: 9 | L2: 6 | G1: 0 | G2: 0 | E1: 3 | E2: 3 | B1: 6 | B2: 2 | SBAS: 1
0,74,0x004A,OBS,257,391125.000,Msg 1 of 3 (14) [G10-L1CA:PCDAr:46.3] [G23-L1CA:PCDAr:47.0] [G15-L1CA:PCDAr:54.5] [G13-L1CA:PCDAr:52.3] [G14-L1CA:PCDAr:43.8] [G19-L1CA:PCDAr:51.8] [G24-L1CA:PCDAr:55.0] [G22-L1CA:PCDAr:49.5] [G17-L1CA:PCDAr:47.8] [G12-L1CA:PCDAr:52.8] [G10-L2CM:PCDAr:44.5] [G23-L2CM:PCDAr:45.3] [G24-L2CM:PCDAr:52.8] [G15-L2CM:PCDAr:49.0]
9297,167,0x00A7,SETTINGS READ BY IDX RESP,44,,[1] ntrip:debug="False"
9297,167,0x00A7,SETTINGS READ BY IDX RESP,27,,[2] ntrip:username=""
9297,167,0x00A7,SETTINGS READ BY IDX RESP,22,,[4] ntrip:url=""
9297,167,0x00A7,SETTINGS READ BY IDX RESP,27,,[3] ntrip:password=""
9297,167,0x00A7,SETTINGS READ BY IDX RESP,36,,[5] ntrip:gga_out_interval="0"
9297,167,0x00A7,SETTINGS READ BY IDX RESP,51,,[6] ntrip:gga_out_rev1="False"
9297,167,0x00A7,SETTINGS READ BY IDX RESP,45,,[9] ethernet:ip_address="192.168.0.222"
9297,167,0x00A7,SETTINGS READ BY IDX RESP,60,,[7] ethernet:interface_mode="Active"
9297,167,0x00A7,SETTINGS READ BY IDX RESP,58,,[8] ethernet:ip_config_mode="Static"
9297,167,0x00A7,SETTINGS READ BY IDX RESP,42,,[10] ethernet:netmask="255.255.255.0"
9297,167,0x00A7,SETTINGS READ BY IDX RESP,40,,[11] ethernet:gateway="192.168.0.1"
9297,167,0x00A7,SETTINGS READ BY IDX RESP,40,,[12] uart0:enabled_sbp_messages="0"
9297,167,0x00A7,SETTINGS READ BY IDX RESP,73,,[13] uart0:mode="SBP"
9297,167,0x00A7,SETTINGS READ BY IDX RESP,103,,[14] uart0:baudrate="115200"
9297,167,0x00A7,SETTINGS READ BY IDX RESP,52,,[15] uart0:flow_control="None"
9297,167,0x00A7,SETTINGS READ BY IDX RESP,243,,[16] uart1:enabled_sbp_messages="23,65,72,74,81,97,117,134,136,137,138,139,141,144,151,163,165,166,167,171,175,181,185,187,188,189,190,257,258,259,520,522,524,526,527,528,1025,1600,2304/50,2305,2306/50,30583,65280,65282,65283,65283,65535"
9297,167,0x00A7,SETTINGS READ BY IDX RESP,73,,[17] uart1:mode="SBP"
9297,167,0x00A7,SETTINGS READ BY IDX RESP,103,,[18] uart1:baudrate="115200"
9297,167,0x00A7,SETTINGS READ BY IDX RESP,38,,[20] usb0:enabled_sbp_messages=""
9297,167,0x00A7,SETTINGS READ BY IDX RESP,52,,[19] uart1:flow_control="None"
9297,167,0x00A7,SETTINGS READ BY IDX RESP,72,,[21] usb0:mode="SBP"
9297,167,0x00A7,SETTINGS READ BY IDX RESP,248,,[22] tcp_server0:enabled_sbp_messages="23,65,72,74,81,97,117,134,136,137,138,139,141,144,151,163,165,166,167,171,175,181,185,187,188,189,190,257,258,259,520,522,524,526,527,528,1025,1600,2304/50,2305,2306/50,4098,30583,65280,65282,65283,65535"
9297,167,0x00A7,SETTINGS READ BY IDX RESP,34,,[23] tcp_server0:port="55555"
9297,167,0x00A7,SETTINGS READ BY IDX RESP,79,,[24] tcp_server0:mode="SBP"
9297,167,0x00A7,SETTINGS READ BY IDX RESP,248,,[25] tcp_server1:enabled_sbp_messages="23,65,72,74,81,97,117,134,136,137,138,139,141,144,151,163,165,166,167,171,175,181,185,187,188,189,190,257,258,259,520,522,524,526,527,528,1025,1600,2304/50,2305,2306/50,4098,30583,65280,65282,65283,65535"
9297,167,0x00A7,SETTINGS READ BY IDX RESP,34,,[26] tcp_server1:port="55556"
9297,167,0x00A7,SETTINGS READ BY IDX RESP,79,,[27] tcp_server1:mode="SBP"
9297,258,0x0102,GPS TIME,19,391125.300,Wk: 2293 | TOW ns: -53 | GNSS
9297,259,0x0103,UTC TIME,24,391125.300,2023-12-21 12:38:27.299 (GNSS) | UTC Offset: Decoded
9297,522,0x020A,POS LLA,42,391125.300,RTK Fixed | Lat: 45.5010815 deg | Lon: 9.1560371 deg | Alt: 173.123 m | Used SVs: 15
9297,526,0x020E,VEL NED,30,391125.300,Comp. Doppler | COG: 99.46 deg | SOG: 0.01 m/s | Horiz Vel: 0.01 m/s | Vert Vel: -0.00 m/s | EHVE: 0.09 m/s | EVVE: 0.09 m/s
9297,520,0x0208,DOPS,23,391125.300,HDOP: 0.8 | PDOP: 1.6
9297,524,0x020C,BASELINE NED,30,391125.300,RTK Fixed | N: 44.528 m | E: -198.224 m | D: 13.657 m | Baseline: 203.622 m
9297,528,0x0210,CORR AGE,14,391125.300,2.3 s
9297,65282,0xFF02,DGNSS STATUS,12,,RTK | Signals: 15 | Latency: 2.3 s | ""
0,74,0x004A,OBS,257,391125.000,Msg 2 of 3 (14) [G14-L2CM:PCDAr:41.3] [G17-L2CM:PCDAr:43.5] [G12-L2CM:PCDAr:47.0] [R1-L1OF:PCDAr:51.3] [R8-L1OF:PCDAr:46.5] [R11-L1OF:PCDAr:55.5] [R10-L1OF:PCDAr:49.8] [R11-L2OF:PCDAr:52.3] [R1-L2OF:PCDAr:44.8] [B7-B1:PCDAr:43.5] [B35-B1:PCDAr:46.5] [B24-B1:PCDAr:54.5] [B33-B1:PCDAr:51.3] [B26-B1:PCDAr:54.5]
9297,30583,0x7777,SBAS RAW,42,,
9297,167,0x00A7,SETTINGS READ BY IDX RESP,244,,[28] tcp_client0:enabled_sbp_messages="23,65,72,74,81,97,117,134,136,137,138,139,141,144,151,163,165,166,167,171,181,185,187,188,189,190,257,258,259,520,522,524,526,527,528,1025,1600,2304/50,2305,2306/50,4098,30583,65280,65282,65283,65535"
9297,167,0x00A7,SETTINGS READ BY IDX RESP,32,,[29] tcp_client0:address=""
9297,167,0x00A7,SETTINGS READ BY IDX RESP,84,,[30] tcp_client0:mode="Disabled"
9297,167,0x00A7,SETTINGS READ BY IDX RESP,32,,[32] tcp_client1:address=""
9297,167,0x00A7,SETTINGS READ BY IDX RESP,244,,[31] tcp_client1:enabled_sbp_messages="23,65,72,74,81,97,117,134,136,137,138,139,141,144,151,163,165,166,167,171,181,185,187,188,189,190,257,258,259,520,522,524,526,527,528,1025,1600,2304/50,2305,2306/50,4098,30583,65280,65282,65283,65535"
9297,167,0x00A7,SETTINGS READ BY IDX RESP,45,,[34] udp_server0:enabled_sbp_messages=""
9297,167,0x00A7,SETTINGS READ BY IDX RESP,84,,[33] tcp_client1:mode="Disabled"
9297,167,0x00A7,SETTINGS READ BY IDX RESP,34,,[35] udp_server0:port="55557"
9297,167,0x00A7,SETTINGS READ BY IDX RESP,79,,[36] udp_server0:mode="SBP"
9297,167,0x00A7,SETTINGS READ BY IDX RESP,45,,[37] udp_server1:enabled_sbp_messages=""
9297,167,0x00A7,SETTINGS READ BY IDX RESP,34,,[38] udp_server1:port="55558"
9297,167,0x00A7,SETTINGS READ BY IDX RESP,79,,[39] udp_server1:mode="SBP"
9297,167,0x00A7,SETTINGS READ BY IDX RESP,244,,[40] udp_client0:enabled_sbp_messages="23,65,72,74,81,97,117,134,136,137,138,139,141,144,151,163,165,166,167,171,181,185,187,188,189,190,257,258,259,520,522,524,526,527,528,1025,1600,2304/50,2305,2306/50,4098,30583,65280,65282,65283,65535"
9297,167,0x00A7,SETTINGS READ BY IDX RESP,32,,[41] udp_client0:address=""
9297,167,0x00A7,SETTINGS READ BY IDX RESP,84,,[42] udp_client0:mode="Disabled"
9297,167,0x00A7,SETTINGS READ BY IDX RESP,244,,[43] udp_client1:enabled_sbp_messages="23,65,72,74,81,97,117,134,136,137,138,139,141,144,151,163,165,166,167,171,181,185,187,188,189,190,257,258,259,520,522,524,526,527,528,1025,1600,2304/50,2305,2306/50,4098,30583,65280,65282,65283,65535"
9297,167,0x00A7,SETTINGS READ BY IDX RESP,32,,[44] udp_client1:address=""
9297,167,0x00A7,SETTINGS READ BY IDX RESP,84,,[45] udp_client1:mode="Disabled"
9297,167,0x00A7,SETTINGS READ BY IDX RESP,32,,[47] tls_client0:address=""
9297,167,0x00A7,SETTINGS READ BY IDX RESP,244,,[46] tls_client0:enabled_sbp_messages="23,65,72,74,81,97,117,134,136,137,138,139,141,144,151,163,165,166,167,171,181,185,187,188,189,190,257,258,259,520,522,524,526,527,528,1025,1600,2304/50,2305,2306/50,4098,30583,65280,65282,65283,65535"
9297,167,0x00A7,SETTINGS READ BY IDX RESP,84,,[48] tls_client0:mode="Disabled"
9297,167,0x00A7,SETTINGS READ BY IDX RESP,33,,[49] nmea:gpgga_msg_rate="1"
9297,167,0x00A7,SETTINGS READ BY IDX RESP,34,,[50] nmea:gprmc_msg_rate="10"
9297,167,0x00A7,SETTINGS READ BY IDX RESP,33,,[51] nmea:gpvtg_msg_rate="1"
9297,167,0x00A7,SETTINGS READ BY IDX RESP,33,,[52] nmea:gphdt_msg_rate="1"
9297,167,0x00A7,SETTINGS READ BY IDX RESP,34,,[53] nmea:gpgll_msg_rate="10"
9297,167,0x00A7,SETTINGS READ BY IDX RESP,34,,[54] nmea:gpzda_msg_rate="10"
9297,167,0x00A7,SETTINGS READ BY IDX RESP,32,,[55] nmea:gsa_msg_rate="10"
9297,167,0x00A7,SETTINGS READ BY IDX RESP,33,,[56] nmea:gpgst_msg_rate="1"
9297,167,0x00A7,SETTINGS READ BY IDX RESP,34,,[57] nmea:gpgsv_msg_rate="10"
9297,167,0x00A7,SETTINGS READ BY IDX RESP,51,,[58] nmea:cog_output_min_speed="0.10000000149"
9297,167,0x00A7,SETTINGS READ BY IDX RESP,41,,[59] nmea:cog_update_min_speed="0.1"
9297,167,0x00A7,SETTINGS READ BY IDX RESP,58,,[60] system:system_time="GPS+NTP"
9297,167,0x00A7,SETTINGS READ BY IDX RESP,51,,[61] system:connectivity_check_frequency="0.1"
9297,167,0x00A7,SETTINGS READ BY IDX RESP,55,,[62] system:connectivity_check_addresses="8.8.8.8"
9297,167,0x00A7,SETTINGS READ BY IDX RESP,49,,[63] system:connectivity_retry_frequency="1"
9297,167,0x00A7,SETTINGS READ BY IDX RESP,57,,[64] system:log_ping_activity="False"
9297,258,0x0102,GPS TIME,19,391125.400,Wk: 2293 | TOW ns: -53 | GNSS
9297,259,0x0103,UTC TIME,24,391125.400,2023-12-21 12:38:27.399 (GNSS) | UTC Offset: Decoded
9297,522,0x020A,POS LLA,42,391125.400,RTK Fixed | Lat: 45.5010815 deg | Lon: 9.1560371 deg | Alt: 173.121 m | Used SVs: 15
9297,526,0x020E,VEL NED,30,391125.400,Comp. Doppler | COG: 106.70 deg | SOG: 0.02 m/s | Horiz Vel: 0.01 m/s | Vert Vel: -0.01 m/s | EHVE: 0.09 m/s | EVVE: 0.09 m/s
9297,520,0x0208,DOPS,23,391125.400,HDOP: 0.8 | PDOP: 1.6
9297,524,0x020C,BASELINE NED,30,391125.400,RTK Fixed | N: 44.528 m | E: -198.224 m | D: 13.658 m | Baseline: 203.622 m
9297,528,0x0210,CORR AGE,14,391125.400,2.4 s
9297,65282,0xFF02,DGNSS STATUS,12,,RTK | Signals: 15 | Latency: 2.4 s | ""
9297,167,0x00A7,SETTINGS READ BY IDX RESP,58,,[65] system:heading_forwarding="False"
9297,167,0x00A7,SETTINGS READ BY IDX RESP,27,,[66] system:ota_url=""
9297,167,0x00A7,SETTINGS READ BY IDX RESP,51,,[68] system:ota_enabled="False"
9297,167,0x00A7,SETTINGS READ BY IDX RESP,53,,[69] system:resource_monitor_update_interval="0"
9297,167,0x00A7,SETTINGS READ BY IDX RESP,49,,[67] system:ota_debug="False"
9297,167,0x00A7,SETTINGS READ BY IDX RESP,49,,[70] system_info:imageset_build_id="v3.0.17"
9297,167,0x00A7,SETTINGS READ BY IDX RESP,49,,[71] system_info:firmware_build_id="v3.0.17"
9297,167,0x00A7,SETTINGS READ BY IDX RESP,48,,[72] system_info:firmware_version="v3.0.17"
9297,167,0x00A7,SETTINGS READ BY IDX RESP,67,,[73] system_info:firmware_build_date="2023-04-11 22:29:02 UTC"
9297,167,0x00A7,SETTINGS READ BY IDX RESP,72,,[74] system_info:loader_build_id="U-Boot 69b1326504 for zynq board"
9297,1025,0x0401,LOG,62,,ERROR: "Interface uart1 output buffer is full. Dropping data."
9297,167,0x00A7,SETTINGS READ BY IDX RESP,65,,[75] system_info:loader_build_date="2018-08-15 23:29:52 UTC"
9297,167,0x00A7,SETTINGS READ BY IDX RESP,47,,[77] system_info:hw_revision="Piksi Multi"
9297,167,0x00A7,SETTINGS READ BY IDX RESP,40,,[78] system_info:hw_variant="Multi"
9297,167,0x00A7,SETTINGS READ BY IDX RESP,38,,[76] system_info:hw_version="9.4"
9297,65535,0xFFFF,HEARTBEAT,12,,ANT OK | NAP OK | IO OK | SYS OK
9297,167,0x00A7,SETTINGS READ BY IDX RESP,45,,[80] system_info:build_variant="release"
9297,167,0x00A7,SETTINGS READ BY IDX RESP,46,,[79] system_info:product_id="Piksi Multi"
9297,167,0x00A7,SETTINGS READ BY IDX RESP,42,,[81] system_info:sbp_sender_id="2451"
9297,167,0x00A7,SETTINGS READ BY IDX RESP,55,,[82] system_info:serial_number="00108093321100187"
9297,167,0x00A7,SETTINGS READ BY IDX RESP,45,,[83] system_info:pfwp_build_id="v3.0.17"
9297,167,0x00A7,SETTINGS READ BY IDX RESP,60,,[84] system_info:pfwp_build_date="Apr 11 2023 22:03:18"
9297,167,0x00A7,SETTINGS READ BY IDX RESP,60,,[85] system_info:nap_build_id="v2.4.0-0-gb00131d-dirty"
9297,167,0x00A7,SETTINGS READ BY IDX RESP,62,,[86] system_info:nap_build_date="2019-12-14 01:53:48 UTC"
9297,167,0x00A7,SETTINGS READ BY IDX RESP,39,,[87] system_info:nap_channels="79"
9297,167,0x00A7,SETTINGS READ BY IDX RESP,53,,[88] system_info:mac_address="8C-C8-F4-94-18-F3"
9297,167,0x00A7,SETTINGS READ BY IDX RESP,65,,[89] system_info:uuid="09973C7F-8ABF-4B41-8677-CC92FAD42451"
9297,167,0x00A7,SETTINGS READ BY IDX RESP,58,,[90] rtcm_out:output_mode="MSM5"
9297,167,0x00A7,SETTINGS READ BY IDX RESP,37,,[91] rtcm_out:antenna_height="0"
9297,167,0x00A7,SETTINGS READ BY IDX RESP,41,,[93] rtcm_out:rcv_descriptor="PIKSI"
9297,167,0x00A7,SETTINGS READ BY IDX RESP,56,,[92] rtcm_out:ant_descriptor="HXCGPS500       NONE"
9297,167,0x00A7,SETTINGS READ BY IDX RESP,58,,[94] rtcm_out:enable_ephemeris="False"
9297,167,0x00A7,SETTINGS READ BY IDX RESP,54,,[95] sample_daemon:enabled="False"
9297,167,0x00A7,SETTINGS READ BY IDX RESP,63,,[96] sample_daemon:enable_broadcast="False"
9297,167,0x00A7,SETTINGS READ BY IDX RESP,41,,[97] sample_daemon:offset="-32.1597"
9297,167,0x00A7,SETTINGS READ BY IDX RESP,46,,[98] sample_daemon:broadcast_port="56666"
9297,167,0x00A7,SETTINGS READ BY IDX RESP,60,,[99] sample_daemon:broadcast_hostname="255.255.255.255"
9297,167,0x00A7,SETTINGS READ BY IDX RESP,57,,[100] standalone_logging:enable="True"
9297,167,0x00A7,SETTINGS READ BY IDX RESP,59,,[101] standalone_logging:output_directory="C:\swiftnav"
9297,167,0x00A7,SETTINGS READ BY IDX RESP,42,,[102] standalone_logging:max_fill="95"
9297,117,0x0075,GLO BIASES,17,,L1C: 0.00 m | L1P: 0.00 m | L2C: 0.00 m | L2P: 0.00 m
9297,258,0x0102,GPS TIME,19,391125.500,Wk: 2293 | TOW ns: -53 | GNSS
9297,259,0x0103,UTC TIME,24,391125.500,2023-12-21 12:38:27.499 (GNSS) | UTC Offset: Decoded
9297,522,0x020A,POS LLA,42,391125.500,RTK Fixed | Lat: 45.5010815 deg | Lon: 9.1560371 deg | Alt: 173.120 m | Used SVs: 15
9297,526,0x020E,VEL NED,30,391125.500,Comp. Doppler | COG: 213.69 deg | SOG: 0.00 m/s | Horiz Vel: 0.00 m/s | Vert Vel: -0.00 m/s | EHVE: 0.09 m/s | EVVE: 0.09 m/s
9297,520,0x0208,DOPS,23,391125.500,HDOP: 0.8 | PDOP: 1.6
9297,524,0x020C,BASELINE NED,30,391125.500,RTK Fixed | N: 44.528 m | E: -198.224 m | D: 13.659 m | Baseline: 203.622 m
9297,528,0x0210,CORR AGE,14,391125.500,1.5 s
9297,65282,0xFF02,DGNSS STATUS,12,,RTK | Signals: 15 | Latency: 1.5 s | ""
9297,167,0x00A7,SETTINGS READ BY IDX RESP,47,,[103] standalone_logging:file_duration="10"
9297,167,0x00A7,SETTINGS READ BY IDX RESP,72,,[104] standalone_logging:logging_file_system="FAT"
9297,167,0x00A7,SETTINGS READ BY IDX RESP,68,,[105] standalone_logging:copy_system_logs="False"
9297,167,0x00A7,SETTINGS READ BY IDX RESP,65,,[106] standalone_logging:sdcard_enable="False"
9297,167,0x00A7,SETTINGS READ BY IDX RESP,35,,[107] cell_modem:APN="hologram"
9297,167,0x00A7,SETTINGS READ BY IDX RESP,50,,[108] cell_modem:enable="False"
9297,167,0x00A7,SETTINGS READ BY IDX RESP,49,,[109] cell_modem:debug="False"
9297,167,0x00A7,SETTINGS READ BY IDX RESP,46,,[110] cell_modem:device_override="ttyACM0"
9297,167,0x00A7,SETTINGS READ BY IDX RESP,53,,[111] frontend:use_ext_clk="False"
9297,167,0x00A7,SETTINGS READ BY IDX RESP,65,,[112] frontend:activate_clock_steering="False"
9297,167,0x00A7,SETTINGS READ BY IDX RESP,68,,[113] frontend:antenna_selection="Primary"
9297,167,0x00A7,SETTINGS READ BY IDX RESP,53,,[114] frontend:antenna_bias="True"
9297,167,0x00A7,SETTINGS READ BY IDX RESP,66,,[115] metrics_daemon:enable_log_to_file="False"
9297,167,0x00A7,SETTINGS READ BY IDX RESP,52,,[116] metrics_daemon:metrics_update_interval="1"
9297,167,0x00A7,SETTINGS READ BY IDX RESP,51,,[117] imu:imu_raw_output="False"
9297,167,0x00A7,SETTINGS READ BY IDX RESP,46,,[118] imu:imu_rate="100"
9297,167,0x00A7,SETTINGS READ BY IDX RESP,45,,[119] imu:acc_range="8g"
9297,167,0x00A7,SETTINGS READ BY IDX RESP,34,,[123] ndb:valid_alm_acc="5000"
9297,167,0x00A7,SETTINGS READ BY IDX RESP,56,,[120] imu:gyro_range="125"
9297,167,0x00A7,SETTINGS READ BY IDX RESP,46,,[122] imu:mag_rate="12.5"
9297,167,0x00A7,SETTINGS READ BY IDX RESP,51,,[121] imu:mag_raw_output="False"
9297,167,0x00A7,SETTINGS READ BY IDX RESP,33,,[124] ndb:valid_eph_acc="100"
9297,167,0x00A7,SETTINGS READ BY IDX RESP,32,,[125] ndb:valid_alm_days="6"
9297,167,0x00A7,SETTINGS READ BY IDX RESP,50,,[126] ndb:erase_almanac="False"
9297,167,0x00A7,SETTINGS READ BY IDX RESP,53,,[127] ndb:erase_almanac_wn="False"
9297,167,0x00A7,SETTINGS READ BY IDX RESP,52,,[128] ndb:erase_gnss_capb="False"
9297,167,0x00A7,SETTINGS READ BY IDX RESP,47,,[129] ndb:erase_iono="False"
9297,167,0x00A7,SETTINGS READ BY IDX RESP,33,,[130] ndb:lgf_update_s="1800"
9297,167,0x00A7,SETTINGS READ BY IDX RESP,34,,[131] ndb:lgf_update_m="10000"
9297,167,0x00A7,SETTINGS READ BY IDX RESP,53,,[132] ndb:erase_utc_params="False"
9297,167,0x00A7,SETTINGS READ BY IDX RESP,35,,[133] track:elevation_mask="10"
9297,167,0x00A7,SETTINGS READ BY IDX RESP,34,,[134] track:iq_output_mask="0"
9297,167,0x00A7,SETTINGS READ BY IDX RESP,51,,[135] track:mode="rover"
9297,167,0x00A7,SETTINGS READ BY IDX RESP,38,,[136] solution:elevation_mask="10"
9297,258,0x0102,GPS TIME,19,391125.600,Wk: 2293 | TOW ns: -50 | GNSS
9297,259,0x0103,UTC TIME,24,391125.600,2023-12-21 12:38:27.599 (GNSS) | UTC Offset: Decoded
9297,522,0x020A,POS LLA,42,391125.600,RTK Fixed | Lat: 45.5010815 deg | Lon: 9.1560371 deg | Alt: 173.121 m | Used SVs: 15
9297,526,0x020E,VEL NED,30,391125.600,Comp. Doppler | COG: 251.57 deg | SOG: 0.01 m/s | Horiz Vel: 0.00 m/s | Vert Vel: 0.01 m/s | EHVE: 0.09 m/s | EVVE: 0.09 m/s
9297,520,0x0208,DOPS,23,391125.600,HDOP: 0.8 | PDOP: 1.6
9297,524,0x020C,BASELINE NED,30,391125.600,RTK Fixed | N: 44.528 m | E: -198.225 m | D: 13.658 m | Baseline: 203.623 m
9297,528,0x0210,CORR AGE,14,391125.600,1.6 s
9297,65282,0xFF02,DGNSS STATUS,12,,RTK | Signals: 15 | Latency: 1.6 s | ""
9297,167,0x00A7,SETTINGS READ BY IDX RESP,55,,[137] solution:dgnss_filter="Fixed"
9297,167,0x00A7,SETTINGS READ BY IDX RESP,111,,[138] solution:dynamic_motion_model="High Dynamics"
9297,167,0x00A7,SETTINGS READ BY IDX RESP,42,,[139] solution:correction_age_max="30"
9297,167,0x00A7,SETTINGS READ BY IDX RESP,55,,[140] solution:enable_glonass="True"
9297,167,0x00A7,SETTINGS READ BY IDX RESP,54,,[142] solution:enable_beidou="True"
9297,167,0x00A7,SETTINGS READ BY IDX RESP,64,,[143] solution:glonass_measurement_std_downweight_factor="4"
9297,167,0x00A7,SETTINGS READ BY IDX RESP,55,,[141] solution:enable_galileo="True"
9297,167,0x00A7,SETTINGS READ BY IDX RESP,90,,[144] solution:dgnss_solution_mode="Low Latency"
9297,167,0x00A7,SETTINGS READ BY IDX RESP,37,,[145] solution:heading_offset="0"
9297,167,0x00A7,SETTINGS READ BY IDX RESP,54,,[146] solution:send_heading="False"
9297,167,0x00A7,SETTINGS READ BY IDX RESP,54,,[147] solution:disable_raim="False"
9297,167,0x00A7,SETTINGS READ BY IDX RESP,33,,[148] solution:soln_freq="10"
9297,167,0x00A7,SETTINGS READ BY IDX RESP,42,,[149] solution:output_every_n_obs="10"
9297,167,0x00A7,SETTINGS READ BY IDX RESP,51,,[150] solution:min_modelled_baseline_len_km="0"
9297,167,0x00A7,SETTINGS READ BY IDX RESP,70,,[151] ext_event_a:edge_trigger="None"
9297,167,0x00A7,SETTINGS READ BY IDX RESP,37,,[152] ext_event_a:sensitivity="0"
9297,167,0x00A7,SETTINGS READ BY IDX RESP,70,,[153] ext_event_b:edge_trigger="None"
9297,167,0x00A7,SETTINGS READ BY IDX RESP,37,,[154] ext_event_b:sensitivity="0"
9297,167,0x00A7,SETTINGS READ BY IDX RESP,70,,[155] ext_event_c:edge_trigger="None"
9297,167,0x00A7,SETTINGS READ BY IDX RESP,37,,[156] ext_event_c:sensitivity="0"
9297,167,0x00A7,SETTINGS READ BY IDX RESP,61,,[157] acquisition:almanacs_enabled="False"
9297,167,0x00A7,SETTINGS READ BY IDX RESP,71,,[158] acquisition:glonass_acquisition_enabled="True"
9297,167,0x00A7,SETTINGS READ BY IDX RESP,68,,[159] acquisition:sbas_acquisition_enabled="True"
9297,167,0x00A7,SETTINGS READ BY IDX RESP,68,,[160] acquisition:bds2_acquisition_enabled="True"
9297,167,0x00A7,SETTINGS READ BY IDX RESP,68,,[161] acquisition:qzss_acquisition_enabled="True"
9297,167,0x00A7,SETTINGS READ BY IDX RESP,71,,[162] acquisition:galileo_acquisition_enabled="True"
9297,167,0x00A7,SETTINGS READ BY IDX RESP,61,,[163] system_monitor:heartbeat_period_milliseconds="1000"
9297,167,0x00A7,SETTINGS READ BY IDX RESP,55,,[164] system_monitor:watchdog="True"
9297,167,0x00A7,SETTINGS READ BY IDX RESP,65,,[165] system_monitor:spectrum_analyzer="False"
9297,167,0x00A7,SETTINGS READ BY IDX RESP,60,,[166] surveyed_position:broadcast="False"
9297,167,0x00A7,SETTINGS READ BY IDX RESP,44,,[167] surveyed_position:surveyed_lat="0"
9297,167,0x00A7,SETTINGS READ BY IDX RESP,44,,[168] surveyed_position:surveyed_lon="0"
9297,167,0x00A7,SETTINGS READ BY IDX RESP,44,,[169] surveyed_position:surveyed_alt="0"
9297,167,0x00A7,SETTINGS READ BY IDX RESP,36,,[170] sbp:obs_msg_max_size="255"
9297,167,0x00A7,SETTINGS READ BY IDX RESP,50,,[171] simulator:enabled="False"
9297,167,0x00A7,SETTINGS READ BY IDX RESP,46,,[172] simulator:base_ecef_x="-2706098.845"
9297,167,0x00A7,SETTINGS READ BY IDX RESP,46,,[173] simulator:base_ecef_y="-4261216.475"
9297,167,0x00A7,SETTINGS READ BY IDX RESP,29,,[175] simulator:speed="4"
9297,167,0x00A7,SETTINGS READ BY IDX RESP,45,,[174] simulator:base_ecef_z="3885597.912"
9297,258,0x0102,GPS TIME,19,391125.700,Wk: 2293 | TOW ns: -51 | GNSS
9297,259,0x0103,UTC TIME,24,391125.700,2023-12-21 12:38:27.699 (GNSS) | UTC Offset: Decoded
9297,522,0x020A,POS LLA,42,391125.700,RTK Fixed | Lat: 45.5010815 deg | Lon: 9.1560371 deg | Alt: 173.122 m | Used SVs: 15
9297,526,0x020E,VEL NED,30,391125.700,Comp. Doppler | COG: 123.69 deg | SOG: 0.01 m/s | Horiz Vel: 0.01 m/s | Vert Vel: 0.01 m/s | EHVE: 0.09 m/s | EVVE: 0.09 m/s
9297,520,0x0208,DOPS,23,391125.700,HDOP: 0.8 | PDOP: 1.6
9297,524,0x020C,BASELINE NED,30,391125.700,RTK Fixed | N: 44.528 m | E: -198.225 m | D: 13.658 m | Baseline: 203.623 m
9297,528,0x0210,CORR AGE,14,391125.700,1.7 s
9297,65282,0xFF02,DGNSS STATUS,12,,RTK | Signals: 15 | Latency: 1.7 s | ""
9297,167,0x00A7,SETTINGS READ BY IDX RESP,32,,[176] simulator:radius="100"
9297,167,0x00A7,SETTINGS READ BY IDX RESP,35,,[177] simulator:pos_sigma="1.5"
9297,167,0x00A7,SETTINGS READ BY IDX RESP,47,,[178] simulator:speed_sigma="0.15000000596"
9297,167,0x00A7,SETTINGS READ BY IDX RESP,46,,[179] simulator:cn0_sigma="0.300000011921"
9297,167,0x00A7,SETTINGS READ BY IDX RESP,41,,[180] simulator:pseudorange_sigma="4"
9297,167,0x00A7,SETTINGS READ BY IDX RESP,49,,[181] simulator:phase_sigma="0.0299999993294"
9297,167,0x00A7,SETTINGS READ BY IDX RESP,32,,[182] simulator:num_sats="9"
9297,167,0x00A7,SETTINGS READ BY IDX RESP,34,,[183] simulator:mode_mask="15"
9297,167,0x00A7,SETTINGS READ BY IDX RESP,84,,[184] pps:propagation_mode="Time Limited"
9297,167,0x00A7,SETTINGS READ BY IDX RESP,26,,[185] pps:width="2000"
9297,167,0x00A7,SETTINGS READ BY IDX RESP,26,,[186] pps:polarity="1"
9297,167,0x00A7,SETTINGS READ BY IDX RESP,24,,[187] pps:offset="0"
9297,167,0x00A7,SETTINGS READ BY IDX RESP,27,,[188] pps:frequency="1"
9297,97,0x0061,MEAS STATE,245,,Total SVs: 23 | L1: 9 | L2: 6 | G1: 5 | G2: 4 | E1: 3 | E2: 3 | B1: 6 | B2: 2 | SBAS: 1
9297,167,0x00A7,SETTINGS READ BY IDX RESP,37,,[189] pps:propagation_timeout="5"
9297,258,0x0102,GPS TIME,19,391125.800,Wk: 2293 | TOW ns: -51 | GNSS
9297,259,0x0103,UTC TIME,24,391125.800,2023-12-21 12:38:27.799 (GNSS) | UTC Offset: Decoded
9297,522,0x020A,POS LLA,42,391125.800,RTK Fixed | Lat: 45.5010815 deg | Lon: 9.1560371 deg | Alt: 173.121 m | Used SVs: 15
9297,526,0x020E,VEL NED,30,391125.800,Comp. Doppler | COG: 79.70 deg | SOG: 0.01 m/s | Horiz Vel: 0.01 m/s | Vert Vel: -0.01 m/s | EHVE: 0.09 m/s | EVVE: 0.09 m/s
9297,520,0x0208,DOPS,23,391125.800,HDOP: 0.8 | PDOP: 1.6
9297,524,0x020C,BASELINE NED,30,391125.800,RTK Fixed | N: 44.529 m | E: -198.224 m | D: 13.659 m | Baseline: 203.623 m
9297,528,0x0210,CORR AGE,14,391125.800,1.8 s
9297,65282,0xFF02,DGNSS STATUS,12,,RTK | Signals: 15 | Latency: 1.8 s | ""
9297,258,0x0102,GPS TIME,19,391125.900,Wk: 2293 | TOW ns: -51 | GNSS
9297,259,0x0103,UTC TIME,24,391125.900,2023-12-21 12:38:27.899 (GNSS) | UTC Offset: Decoded
9297,522,0x020A,POS LLA,42,391125.900,RTK Fixed | Lat: 45.5010815 deg | Lon: 9.1560371 deg | Alt: 173.121 m | Used SVs: 15
9297,526,0x020E,VEL NED,30,391125.900,Comp. Doppler | COG: 71.57 deg | SOG: 0.00 m/s | Horiz Vel: 0.00 m/s | Vert Vel: -0.00 m/s | EHVE: 0.09 m/s | EVVE: 0.09 m/s
9297,520,0x0208,DOPS,23,391125.900,HDOP: 0.8 | PDOP: 1.6
9297,524,0x020C,BASELINE NED,30,391125.900,RTK Fixed | N: 44.529 m | E: -198.224 m | D: 13.659 m | Baseline: 203.623 m
9297,528,0x0210,CORR AGE,14,391125.900,1.9 s
9297,65282,0xFF02,DGNSS STATUS,12,,RTK | Signals: 15 | Latency: 1.9 s | ""
9297,74,0x004A,OBS,257,391126.000,Msg 1 of 3 (14) [G12-L1CA:PCDAr:51.8] [G10-L1CA:PCDar:36.5] [G13-L1CA:PCDAr:52.3] [G15-L1CA:PCDAr:53.5] [G17-L1CA:PCDAr:47.3] [G19-L1CA:PCDAr:51.5] [G22-L1CA:PCDAr:46.0] [G24-L1CA:PCDAr:51.0] [G23-L1CA:PCDAr:45.5] [G24-L2CM:PCDAr:50.5] [G15-L2CM:PCDAr:49.8] [G17-L2CM:PCDAr:44.3] [G12-L2CM:PCDAr:47.3] [G23-L2CM:PCDAr:45.8]
9297,74,0x004A,OBS,257,391126.000,Msg 2 of 3 (14) [R11-L1OF:PCDAr:53.5] [R2-L1OF:PCDAr:42.0] [R1-L1OF:PCDAr:47.0] [R8-L1OF:PCDAr:52.0] [R20-L1OF:PCDAr:42.8] [R11-L2OF:PCDAr:49.0] [R1-L2OF:PCDAr:42.3] [R8-L2OF:PCDAr:51.5] [B24-B1:PCDAr:50.5] [B10-B1:PCDAr:42.8] [B26-B1:PCDAr:52.3] [B33-B1:PCDAr:47.0] [B35-B1:PCDAr:49.5] [B14-B1:PCDAr:47.5]
9297,74,0x004A,OBS,155,391126.000,Msg 3 of 3 (8) [B10-B2:PCDAr:44.8] [B14-B2:PCDAr:52.3] [E4-E1B:PCDAr:47.0] [E19-E1B:PCDAr:49.8] [E21-E1B:PCDAr:51.0] [E4-E7I:PCDAr:48.0] [E19-E7I:PCDAr:49.3] [E21-E7I:PCDAr:51.0]
9297,117,0x0075,GLO BIASES,17,,L1C: 0.00 m | L1P: 0.00 m | L2C: 0.00 m | L2P: 0.00 m
9297,258,0x0102,GPS TIME,19,391126.000,Wk: 2293 | TOW ns: -51 | GNSS
9297,259,0x0103,UTC TIME,24,391126.000,2023-12-21 12:38:27.999 (GNSS) | UTC Offset: Decoded
9297,522,0x020A,POS LLA,42,391126.000,RTK Fixed | Lat: 45.5010815 deg | Lon: 9.1560371 deg | Alt: 173.121 m | Used SVs: 15
9297,526,0x020E,VEL NED,30,391126.000,Comp. Doppler | COG: 195.95 deg | SOG: 0.02 m/s | Horiz Vel: 0.01 m/s | Vert Vel: -0.01 m/s | EHVE: 0.09 m/s | EVVE: 0.09 m/s
9297,520,0x0208,DOPS,23,391126.000,HDOP: 0.8 | PDOP: 1.6
9297,524,0x020C,BASELINE NED,30,391126.000,RTK Fixed | N: 44.527 m | E: -198.224 m | D: 13.658 m | Baseline: 203.622 m
9297,528,0x0210,CORR AGE,14,391126.000,2.0 s
9297,65282,0xFF02,DGNSS STATUS,12,,RTK | Signals: 15 | Latency: 2.0 s | ""
0,74,0x004A,OBS,257,391125.000,Msg 3 of 3 (14) [B14-B1:PCDAr:49.3] [B10-B1:PCDAr:42.5] [B29-B1:PCDAr:48.0] [B10-B2:PCDAr:46.3] [B7-B2:PCDAr:41.3] [B14-B2:PCDAr:53.5] [E4-E1B:PCDAr:50.3] [E27-E1B:PCDAr:41.8] [E19-E1B:PCDAr:46.0] [E21-E1B:PCDAr:51.8] [E4-E7I:PCDAr:53.5] [E21-E7I:PCDAr:53.5] [E27-E7I:PCDAr:42.5] [E19-E7I:PCDAr:48.5]
9297,151,0x0097,SV AZ EL,116,,(27) [G10 312 17] [G12 226 36] [G13 148 35] [G14 54 11] [G15 196 57] [G17 62 33] [G19 98 40] [G22 52 31] [G23 272 24] [G24 310 71] [G25 234 2] [R1 294 54] [R2 334 12] [R8 196 43] [R9 62 10] [R11 286 58] [R12 254 7] [R20 94 15] [B10 54 29] [B14 244 47] [B24 274 57] [B26 56 65] [B33 284 42] [B35 108 23] [E4 296 55] [E19 168 54] [E21 56 65]
9297,258,0x0102,GPS TIME,19,391126.100,Wk: 2293 | TOW ns: -52 | GNSS
9297,259,0x0103,UTC TIME,24,391126.100,2023-12-21 12:38:28.099 (GNSS) | UTC Offset: Decoded
9297,522,0x020A,POS LLA,42,391126.100,RTK Fixed | Lat: 45.5010815 deg | Lon: 9.1560371 deg | Alt: 173.119 m | Used SVs: 15
9297,526,0x020E,VEL NED,30,391126.100,Comp. Doppler | COG: 11.31 deg | SOG: 0.02 m/s | Horiz Vel: 0.01 m/s | Vert Vel: -0.02 m/s | EHVE: 0.09 m/s | EVVE: 0.09 m/s
9297,520,0x0208,DOPS,23,391126.100,HDOP: 0.8 | PDOP: 1.6
9297,524,0x020C,BASELINE NED,30,391126.100,RTK Fixed | N: 44.528 m | E: -198.224 m | D: 13.661 m | Baseline: 203.622 m
9297,528,0x0210,CORR AGE,14,391126.100,2.1 s
9297,65282,0xFF02,DGNSS STATUS,12,,RTK | Signals: 15 | Latency: 2.1 s | ""
0,72,0x0048,BASE POS ECEF,32,,X: 4421114.209 m | Y: 712784.166 m | Z: 4526655.471 m (Lat: 45.5006809 deg | Lon: 9.1585732 deg | Alt: 186.776 m)
0,74,0x004A,OBS,257,391126.000,Msg 1 of 3 (14) [G10-L1CA:PCDAr:46.0] [G23-L1CA:PCDAr:46.8] [G15-L1CA:PCDAr:54.3] [G13-L1CA:PCDAr:52.3] [G14-L1CA:PCDAr:43.8] [G19-L1CA:PCDAr:51.5] [G24-L1CA:PCDAr:54.8] [G22-L1CA:PCDAr:49.3] [G17-L1CA:PCDAr:47.8] [G12-L1CA:PCDAr:52.5] [G10-L2CM:PCDAr:44.5] [G23-L2CM:PCDAr:45.3] [G24-L2CM:PCDAr:52.8] [G15-L2CM:PCDAr:49.0]
0,74,0x004A,OBS,257,391126.000,Msg 2 of 3 (14) [G14-L2CM:PCDAr:41.3] [G17-L2CM:PCDAr:43.5] [G12-L2CM:PCDAr:47.0] [R1-L1OF:PCDAr:51.3] [R8-L1OF:PCDAr:46.5] [R11-L1OF:PCDAr:55.8] [R10-L1OF:PCDAr:49.8] [R11-L2OF:PCDAr:52.0] [R1-L2OF:PCDAr:44.5] [B7-B1:PCDAr:43.0] [B35-B1:PCDAr:46.0] [B24-B1:PCDAr:54.0] [B33-B1:PCDAr:50.8] [B26-B1:PCDAr:54.0]
9297,258,0x0102,GPS TIME,19,391126.200,Wk: 2293 | TOW ns: -52 | GNSS
9297,259,0x0103,UTC TIME,24,391126.200,2023-12-21 12:38:28.199 (GNSS) | UTC Offset: Decoded
9297,522,0x020A,POS LLA,42,391126.200,RTK Fixed | Lat: 45.5010815 deg | Lon: 9.1560371 deg | Alt: 173.121 m | Used SVs: 15
9297,526,0x020E,VEL NED,30,391126.200,Comp. Doppler | COG: 149.04 deg | SOG: 0.03 m/s | Horiz Vel: 0.01 m/s | Vert Vel: 0.03 m/s | EHVE: 0.09 m/s | EVVE: 0.09 m/s
9297,520,0x0208,DOPS,23,391126.200,HDOP: 0.8 | PDOP: 1.6
9297,524,0x020C,BASELINE NED,30,391126.200,RTK Fixed | N: 44.527 m | E: -198.224 m | D: 13.659 m | Baseline: 203.622 m
9297,528,0x0210,CORR AGE,14,391126.200,2.2 s
9297,65282,0xFF02,DGNSS STATUS,12,,RTK | Signals: 15 | Latency: 2.2 s | ""
9297,97,0x0061,MEAS STATE,245,,Total SVs: 19 | L1: 9 | L2: 6 | G1: 0 | G2: 0 | E1: 3 | E2: 3 | B1: 6 | B2: 2 | SBAS: 1
9297,258,0x0102,GPS TIME,19,391126.300,Wk: 2293 | TOW ns: -52 | GNSS
9297,259,0x0103,UTC TIME,24,391126.300,2023-12-21 12:38:28.299 (GNSS) | UTC Offset: Decoded
9297,522,0x020A,POS LLA,42,391126.300,RTK Fixed | Lat: 45.5010815 deg | Lon: 9.1560371 deg | Alt: 173.122 m | Used SVs: 15
9297,526,0x020E,VEL NED,30,391126.300,Comp. Doppler | COG: 150.26 deg | SOG: 0.01 m/s | Horiz Vel: 0.01 m/s | Vert Vel: -0.00 m/s | EHVE: 0.09 m/s | EVVE: 0.09 m/s
9297,520,0x0208,DOPS,23,391126.300,HDOP: 0.8 | PDOP: 1.6
9297,524,0x020C,BASELINE NED,30,391126.300,RTK Fixed | N: 44.526 m | E: -198.223 m | D: 13.658 m | Baseline: 203.621 m
9297,528,0x0210,CORR AGE,14,391126.300,1.3 s
9297,65282,0xFF02,DGNSS STATUS,12,,RTK | Signals: 15 | Latency: 1.3 s | ""
9297,30583,0x7777,SBAS RAW,42,,
9297,258,0x0102,GPS TIME,19,391126.400,Wk: 2293 | TOW ns: -52 | GNSS
9297,259,0x0103,UTC TIME,24,391126.400,2023-12-21 12:38:28.399 (GNSS) | UTC Offset: Decoded
9297,522,0x020A,POS LLA,42,391126.400,RTK Fixed | Lat: 45.5010815 deg | Lon: 9.1560371 deg | Alt: 173.122 m | Used SVs: 15
9297,526,0x020E,VEL NED,30,391126.400,Comp. Doppler | COG: 126.87 deg | SOG: 0.01 m/s | Horiz Vel: 0.01 m/s | Vert Vel: 0.00 m/s | EHVE: 0.09 m/s | EVVE: 0.09 m/s
9297,520,0x0208,DOPS,23,391126.400,HDOP: 0.8 | PDOP: 1.6
9297,524,0x020C,BASELINE NED,30,391126.400,RTK Fixed | N: 44.526 m | E: -198.223 m | D: 13.658 m | Baseline: 203.621 m
9297,528,0x0210,CORR AGE,14,391126.400,1.4 s
9297,65282,0xFF02,DGNSS STATUS,12,,RTK | Signals: 15 | Latency: 1.4 s | ""
9297,65535,0xFFFF,HEARTBEAT,12,,ANT OK | NAP OK | IO OK | SYS OK
9297,23,0x0017,THREAD STATE,34,,main | 0.0 % | 65532 B
9297,23,0x0017,THREAD STATE,34,,idle | 1.7 % | 124 B
9297,23,0x0017,THREAD STATE,34,,rpmsg | 0.2 % | 3628 B
9297,23,0x0017,THREAD STATE,34,,rpmsg_imu | 0.0 % | 3660 B
9297,23,0x0017,THREAD STATE,34,,SBP | 0.1 % | 65532 B
9297,23,0x0017,THREAD STATE,34,,NAP | 0.0 % | 32812 B
9297,23,0x0017,THREAD STATE,34,,manage PV | 0.0 % | 1036 B
9297,23,0x0017,THREAD STATE,34,,IMU | 0.0 % | 2044 B
9297,23,0x0017,THREAD STATE,34,,IMU aux | 0.0 % | 2164 B
9297,23,0x0017,THREAD STATE,34,,ndb | 0.0 % | 3176 B
9297,23,0x0017,THREAD STATE,34,,NAP Tracking | 26.7 % | 30476 B
9297,23,0x0017,THREAD STATE,34,,decode | 0.6 % | 1588 B
9297,23,0x0017,THREAD STATE,34,,manage acq | 29.1 % | 30452 B
9297,23,0x0017,THREAD STATE,34,,system monitor | 0.1 % | 1548 B
9297,23,0x0017,THREAD STATE,34,,Watchdog | 0.0 % | 1108 B
9297,23,0x0017,THREAD STATE,34,,starling | 32.1 % | 65532 B
9297,23,0x0017,THREAD STATE,34,,time matched obs | 8.7 % | 65532 B
9297,23,0x0017,THREAD STATE,34,,me_calc_pvt | 0.7 % | 18804 B
9297,23,0x0017,THREAD STATE,34,,PPS | 0.0 % | 1840 B
9297,23,0x0017,THREAD STATE,34,,spectrum analyzer | 0.0 % | 4044 B
9297,117,0x0075,GLO BIASES,17,,L1C: 0.00 m | L1P: 0.00 m | L2C: 0.00 m | L2P: 0.00 m
9297,181,0x00B5,DEVICE MONITOR,18,,Vin: 5.91 V | Tcpu: 37.2 C | Trf: 34.8 C
9297,258,0x0102,GPS TIME,19,391126.500,Wk: 2293 | TOW ns: -53 | GNSS
9297,259,0x0103,UTC TIME,24,391126.500,2023-12-21 12:38:28.499 (GNSS) | UTC Offset: Decoded
9297,522,0x020A,POS LLA,42,391126.500,RTK Fixed | Lat: 45.5010815 deg | Lon: 9.1560371 deg | Alt: 173.119 m | Used SVs: 15
9297,526,0x020E,VEL NED,30,391126.500,Comp. Doppler | COG: 158.20 deg | SOG: 0.03 m/s | Horiz Vel: 0.01 m/s | Vert Vel: -0.03 m/s | EHVE: 0.09 m/s | EVVE: 0.09 m/s
9297,520,0x0208,DOPS,23,391126.500,HDOP: 0.8 | PDOP: 1.6
9297,524,0x020C,BASELINE NED,30,391126.500,RTK Fixed | N: 44.525 m | E: -198.223 m | D: 13.660 m | Baseline: 203.621 m
9297,528,0x0210,CORR AGE,14,391126.500,1.5 s
9297,65282,0xFF02,DGNSS STATUS,12,,RTK | Signals: 15 | Latency: 1.5 s | ""
9297,258,0x0102,GPS TIME,19,391126.600,Wk: 2293 | TOW ns: -53 | GNSS
9297,259,0x0103,UTC TIME,24,391126.600,2023-12-21 12:38:28.599 (GNSS) | UTC Offset: Decoded
9297,522,0x020A,POS LLA,42,391126.600,RTK Fixed | Lat: 45.5010815 deg | Lon: 9.1560371 deg | Alt: 173.120 m | Used SVs: 15
9297,526,0x020E,VEL NED,30,391126.600,Comp. Doppler | COG: 329.74 deg | SOG: 0.01 m/s | Horiz Vel: 0.01 m/s | Vert Vel: 0.01 m/s | EHVE: 0.09 m/s | EVVE: 0.09 m/s
9297,520,0x0208,DOPS,23,391126.600,HDOP: 0.8 | PDOP: 1.6
9297,524,0x020C,BASELINE NED,30,391126.600,RTK Fixed | N: 44.527 m | E: -198.223 m | D: 13.660 m | Baseline: 203.621 m
9297,528,0x0210,CORR AGE,14,391126.600,1.6 s
9297,65282,0xFF02,DGNSS STATUS,12,,RTK | Signals: 15 | Latency: 1.6 s | ""
9297,258,0x0102,GPS TIME,19,391126.700,Wk: 2293 | TOW ns: -50 | GNSS
9297,259,0x0103,UTC TIME,24,391126.700,2023-12-21 12:38:28.699 (GNSS) | UTC Offset: Decoded
9297,522,0x020A,POS LLA,42,391126.700,RTK Fixed | Lat: 45.5010815 deg | Lon: 9.1560371 deg | Alt: 173.121 m | Used SVs: 15
9297,526,0x020E,VEL NED,30,391126.700,Comp. Doppler | COG: 131.99 deg | SOG: 0.01 m/s | Horiz Vel: 0.01 m/s | Vert Vel: 0.01 m/s | EHVE: 0.09 m/s | EVVE: 0.09 m/s
9297,520,0x0208,DOPS,23,391126.700,HDOP: 0.8 | PDOP: 1.6
9297,524,0x020C,BASELINE NED,30,391126.700,RTK Fixed | N: 44.526 m | E: -198.222 m | D: 13.659 m | Baseline: 203.620 m
9297,528,0x0210,CORR AGE,14,391126.700,1.7 s
9297,65282,0xFF02,DGNSS STATUS,12,,RTK | Signals: 15 | Latency: 1.7 s | ""
9297,97,0x0061,MEAS STATE,245,,Total SVs: 23 | L1: 9 | L2: 6 | G1: 5 | G2: 4 | E1: 3 | E2: 3 | B1: 6 | B2: 2 | SBAS: 1
9297,258,0x0102,GPS TIME,19,391126.800,Wk: 2293 | TOW ns: -50 | GNSS
9297,259,0x0103,UTC TIME,24,391126.800,2023-12-21 12:38:28.799 (GNSS) | UTC Offset: Decoded
9297,522,0x020A,POS LLA,42,391126.800,RTK Fixed | Lat: 45.5010815 deg | Lon: 9.1560371 deg | Alt: 173.121 m | Used SVs: 15
9297,526,0x020E,VEL NED,30,391126.800,Comp. Doppler | COG: 126.03 deg | SOG: 0.02 m/s | Horiz Vel: 0.01 m/s | Vert Vel: 0.02 m/s | EHVE: 0.09 m/s | EVVE: 0.09 m/s
9297,520,0x0208,DOPS,23,391126.800,HDOP: 0.8 | PDOP: 1.6
9297,524,0x020C,BASELINE NED,30,391126.800,RTK Fixed | N: 44.525 m | E: -198.222 m | D: 13.658 m | Baseline: 203.620 m
9297,528,0x0210,CORR AGE,14,391126.800,1.8 s
9297,65282,0xFF02,DGNSS STATUS,12,,RTK | Signals: 15 | Latency: 1.8 s | ""
9297,258,0x0102,GPS TIME,19,391126.900,Wk: 2293 | TOW ns: -50 | GNSS
9297,259,0x0103,UTC TIME,24,391126.900,2023-12-21 12:38:28.899 (GNSS) | UTC Offset: Decoded
9297,522,0x020A,POS LLA,42,391126.900,RTK Fixed | Lat: 45.5010815 deg | Lon: 9.1560371 deg | Alt: 173.118 m | Used SVs: 15
9297,526,0x020E,VEL NED,30,391126.900,Comp. Doppler | COG: 321.34 deg | SOG: 0.05 m/s | Horiz Vel: 0.01 m/s | Vert Vel: -0.05 m/s | EHVE: 0.09 m/s | EVVE: 0.09 m/s
9297,520,0x0208,DOPS,23,391126.900,HDOP: 0.8 | PDOP: 1.6
9297,524,0x020C,BASELINE NED,30,391126.900,RTK Fixed | N: 44.526 m | E: -198.222 m | D: 13.662 m | Baseline: 203.620 m
9297,528,0x0210,CORR AGE,14,391126.900,1.9 s
9297,65282,0xFF02,DGNSS STATUS,12,,RTK | Signals: 15 | Latency: 1.9 s | ""
9297,74,0x004A,OBS,257,391127.000,Msg 1 of 3 (14) [G12-L1CA:PCDAr:51.5] [G10-L1CA:PCDar:36.3] [G13-L1CA:PCDAr:52.0] [G15-L1CA:PCDAr:53.0] [G17-L1CA:PCDAr:47.0] [G19-L1CA:PCDAr:51.0] [G22-L1CA:PCDAr:45.8] [G24-L1CA:PCDAr:50.8] [G23-L1CA:PCDAr:45.5] [G24-L2CM:PCDAr:50.5] [G15-L2CM:PCDAr:50.0] [G17-L2CM:PCDAr:44.3] [G12-L2CM:PCDAr:47.5] [G23-L2CM:PCDAr:46.0]
9297,74,0x004A,OBS,257,391127.000,Msg 2 of 3 (14) [G10-L2CM:PCDAr:33.5] [R11-L1OF:PCDAr:53.5] [R2-L1OF:PCDAr:41.5] [R1-L1OF:PCDAr:47.0] [R8-L1OF:PCDAr:52.0] [R20-L1OF:PCDAr:42.8] [R11-L2OF:PCDAr:49.0] [R1-L2OF:PCDAr:42.0] [R8-L2OF:PCDAr:51.5] [B24-B1:PCDAr:51.0] [B10-B1:PCDAr:43.3] [B26-B1:PCDAr:52.5] [B33-B1:PCDAr:47.3] [B35-B1:PCDAr:49.8]
9297,74,0x004A,OBS,172,391127.000,Msg 3 of 3 (9) [B14-B1:PCDAr:47.8] [B10-B2:PCDAr:45.0] [B14-B2:PCDAr:52.3] [E4-E1B:PCDAr:47.0] [E19-E1B:PCDAr:49.8] [E21-E1B:PCDAr:51.0] [E4-E7I:PCDAr:48.0] [E19-E7I:PCDAr:49.3] [E21-E7I:PCDAr:51.0]
9297,117,0x0075,GLO BIASES,17,,L1C: 0.00 m | L1P: 0.00 m | L2C: 0.00 m | L2P: 0.00 m
9297,258,0x0102,GPS TIME,19,391127.000,Wk: 2293 | TOW ns: -51 | GNSS
9297,259,0x0103,UTC TIME,24,391127.000,2023-12-21 12:38:28.999 (GNSS) | UTC Offset: Decoded
9297,522,0x020A,POS LLA,42,391127.000,RTK Fixed | Lat: 45.5010815 deg | Lon: 9.1560371 deg | Alt: 173.121 m | Used SVs: 15
9297,526,0x020E,VEL NED,30,391127.000,Comp. Doppler | COG: 71.57 deg | SOG: 0.03 m/s | Horiz Vel: 0.00 m/s | Vert Vel: 0.03 m/s | EHVE: 0.09 m/s | EVVE: 0.09 m/s
9297,520,0x0208,DOPS,23,391127.000,HDOP: 0.8 | PDOP: 1.6
9297,524,0x020C,BASELINE NED,30,391127.000,RTK Fixed | N: 44.527 m | E: -198.222 m | D: 13.659 m | Baseline: 203.620 m
9297,528,0x0210,CORR AGE,14,391127.000,2.0 s
9297,65282,0xFF02,DGNSS STATUS,12,,RTK | Signals: 15 | Latency: 2.0 s | ""
0,74,0x004A,OBS,257,391126.000,Msg 3 of 3 (14) [B14-B1:PCDAr:48.8] [B10-B1:PCDAr:42.0] [B29-B1:PCDAr:47.8] [B10-B2:PCDAr:46.0] [B7-B2:PCDAr:41.0] [B14-B2:PCDAr:53.5] [E4-E1B:PCDAr:50.3] [E27-E1B:PCDAr:41.8] [E19-E1B:PCDAr:46.0] [E21-E1B:PCDAr:51.8] [E4-E7I:PCDAr:53.3] [E21-E7I:PCDAr:53.5] [E27-E7I:PCDAr:42.5] [E19-E7I:PCDAr:48.5]
9297,258,0x0102,GPS TIME,19,391127.100,Wk: 2293 | TOW ns: -51 | GNSS
9297,259,0x0103,UTC TIME,24,391127.100,2023-12-21 12:38:29.099 (GNSS) | UTC Offset: Decoded
9297,522,0x020A,POS LLA,42,391127.100,RTK Fixed | Lat: 45.5010815 deg | Lon: 9.1560371 deg | Alt: 173.120 m | Used SVs: 15
9297,526,0x020E,VEL NED,30,391127.100,Comp. Doppler | COG: 277.13 deg | SOG: 0.01 m/s | Horiz Vel: 0.01 m/s | Vert Vel: -0.00 m/s | EHVE: 0.09 m/s | EVVE: 0.09 m/s
9297,520,0x0208,DOPS,23,391127.100,HDOP: 0.8 | PDOP: 1.6
9297,524,0x020C,BASELINE NED,30,391127.100,RTK Fixed | N: 44.527 m | E: -198.223 m | D: 13.660 m | Baseline: 203.621 m
9297,528,0x0210,CORR AGE,14,391127.100,2.1 s
9297,65282,0xFF02,DGNSS STATUS,12,,RTK | Signals: 15 | Latency: 2.1 s | ""
0,72,0x0048,BASE POS ECEF,32,,X: 4421114.209 m | Y: 712784.166 m | Z: 4526655.471 m (Lat: 45.5006809 deg | Lon: 9.1585732 deg | Alt: 186.776 m)
0,74,0x004A,OBS,257,391127.000,Msg 1 of 3 (14) [G10-L1CA:PCDAr:46.0] [G23-L1CA:PCDAr:46.5] [G15-L1CA:PCDAr:54.0] [G13-L1CA:PCDAr:52.0] [G14-L1CA:PCDAr:43.5] [G19-L1CA:PCDAr:51.3] [G24-L1CA:PCDAr:54.5] [G22-L1CA:PCDAr:49.3] [G17-L1CA:PCDAr:47.5] [G12-L1CA:PCDAr:52.5] [G10-L2CM:PCDAr:44.5] [G23-L2CM:PCDAr:45.3] [G24-L2CM:PCDAr:52.8] [G15-L2CM:PCDAr:49.0]
0,74,0x004A,OBS,257,391127.000,Msg 2 of 3 (14) [G14-L2CM:PCDAr:41.3] [G17-L2CM:PCDAr:43.5] [G12-L2CM:PCDAr:46.8] [R1-L1OF:PCDAr:51.3] [R8-L1OF:PCDAr:46.5] [R11-L1OF:PCDAr:55.5] [R10-L1OF:PCDAr:49.5] [R11-L2OF:PCDAr:52.0] [R1-L2OF:PCDAr:44.8] [B7-B1:PCDAr:43.0] [B35-B1:PCDAr:46.0] [B24-B1:PCDAr:53.8] [B33-B1:PCDAr:50.5] [B26-B1:PCDAr:53.8]
9297,151,0x0097,SV AZ EL,116,,(27) [G10 312 17] [G12 226 36] [G13 148 35] [G14 54 11] [G15 196 57] [G17 62 33] [G19 98 40] [G22 52 31] [G23 272 24] [G24 310 71] [G25 234 2] [R1 294 54] [R2 334 12] [R8 196 43] [R9 62 10] [R11 286 58] [R12 254 7] [R20 94 15] [B10 54 29] [B14 244 47] [B24 274 57] [B26 56 65] [B33 284 42] [B35 108 23] [E4 296 55] [E19 168 54] [E21 56 65]
9297,258,0x0102,GPS TIME,19,391127.200,Wk: 2293 | TOW ns: -51 | GNSS
9297,259,0x0103,UTC TIME,24,391127.200,2023-12-21 12:38:29.199 (GNSS) | UTC Offset: Decoded
9297,522,0x020A,POS LLA,42,391127.200,RTK Fixed | Lat: 45.5010815 deg | Lon: 9.1560371 deg | Alt: 173.119 m | Used SVs: 15
9297,526,0x020E,VEL NED,30,391127.200,Comp. Doppler | COG: 107.10 deg | SOG: 0.02 m/s | Horiz Vel: 0.01 m/s | Vert Vel: -0.01 m/s | EHVE: 0.09 m/s | EVVE: 0.09 m/s
9297,520,0x0208,DOPS,23,391127.200,HDOP: 0.8 | PDOP: 1.6
9297,524,0x020C,BASELINE NED,30,391127.200,RTK Fixed | N: 44.527 m | E: -198.221 m | D: 13.661 m | Baseline: 203.619 m
9297,528,0x0210,CORR AGE,14,391127.200,2.2 s
9297,65282,0xFF02,DGNSS STATUS,12,,RTK | Signals: 15 | Latency: 2.2 s | ""
9297,97,0x0061,MEAS STATE,245,,Total SVs: 19 | L1: 9 | L2: 6 | G1: 0 | G2: 0 | E1: 3 | E2: 3 | B1: 6 | B2: 2 | SBAS: 1
9297,258,0x0102,GPS TIME,19,391127.300,Wk: 2293 | TOW ns: -51 | GNSS
9297,259,0x0103,UTC TIME,24,391127.300,2023-12-21 12:38:29.299 (GNSS) | UTC Offset: Decoded
9297,522,0x020A,POS LLA,42,391127.300,RTK Fixed | Lat: 45.5010815 deg | Lon: 9.1560371 deg | Alt: 173.123 m | Used SVs: 15
9297,526,0x020E,VEL NED,30,391127.300,Comp. Doppler | COG: 302.01 deg | SOG: 0.01 m/s | Horiz Vel: 0.01 m/s | Vert Vel: -0.00 m/s | EHVE: 0.09 m/s | EVVE: 0.09 m/s
9297,520,0x0208,DOPS,23,391127.300,HDOP: 0.8 | PDOP: 1.6
9297,524,0x020C,BASELINE NED,30,391127.300,RTK Fixed | N: 44.526 m | E: -198.223 m | D: 13.656 m | Baseline: 203.621 m
9297,528,0x0210,CORR AGE,14,391127.300,1.3 s
9297,65282,0xFF02,DGNSS STATUS,12,,RTK | Signals: 15 | Latency: 1.3 s | ""
9297,258,0x0102,GPS TIME,19,391127.400,Wk: 2293 | TOW ns: -52 | GNSS
9297,259,0x0103,UTC TIME,24,391127.400,2023-12-21 12:38:29.399 (GNSS) | UTC Offset: Decoded
9297,522,0x020A,POS LLA,42,391127.400,RTK Fixed | Lat: 45.5010815 deg | Lon: 9.1560371 deg | Alt: 173.124 m | Used SVs: 15
9297,526,0x020E,VEL NED,30,391127.400,Comp. Doppler | COG: 74.05 deg | SOG: 0.02 m/s | Horiz Vel: 0.01 m/s | Vert Vel: 0.02 m/s | EHVE: 0.09 m/s | EVVE: 0.09 m/s
9297,520,0x0208,DOPS,23,391127.400,HDOP: 0.8 | PDOP: 1.6
9297,524,0x020C,BASELINE NED,30,391127.400,RTK Fixed | N: 44.527 m | E: -198.223 m | D: 13.656 m | Baseline: 203.621 m
9297,528,0x0210,CORR AGE,14,391127.400,1.4 s
9297,65282,0xFF02,DGNSS STATUS,12,,RTK | Signals: 15 | Latency: 1.4 s | ""
9297,30583,0x7777,SBAS RAW,42,,
9297,65535,0xFFFF,HEARTBEAT,12,,ANT OK | NAP OK | IO OK | SYS OK
9297,117,0x0075,GLO BIASES,17,,L1C: 0.00 m | L1P: 0.00 m | L2C: 0.00 m | L2P: 0.00 m
9297,258,0x0102,GPS TIME,19,391127.500,Wk: 2293 | TOW ns: -52 | GNSS
9297,259,0x0103,UTC TIME,24,391127.500,2023-12-21 12:38:29.499 (GNSS) | UTC Offset: Decoded
9297,522,0x020A,POS LLA,42,391127.500,RTK Fixed | Lat: 45.5010815 deg | Lon: 9.1560371 deg | Alt: 173.123 m | Used SVs: 15
9297,526,0x020E,VEL NED,30,391127.500,Comp. Doppler | COG: 116.57 deg | SOG: 0.00 m/s | Horiz Vel: 0.00 m/s | Vert Vel: -0.00 m/s | EHVE: 0.09 m/s | EVVE: 0.09 m/s
9297,520,0x0208,DOPS,23,391127.500,HDOP: 0.8 | PDOP: 1.6
9297,524,0x020C,BASELINE NED,30,391127.500,RTK Fixed | N: 44.527 m | E: -198.223 m | D: 13.656 m | Baseline: 203.621 m
9297,528,0x0210,CORR AGE,14,391127.500,1.5 s
9297,65282,0xFF02,DGNSS STATUS,12,,RTK | Signals: 15 | Latency: 1.5 s | ""
9297,258,0x0102,GPS TIME,19,391127.600,Wk: 2293 | TOW ns: -52 | GNSS
9297,259,0x0103,UTC TIME,24,391127.600,2023-12-21 12:38:29.599 (GNSS) | UTC Offset: Decoded
9297,522,0x020A,POS LLA,42,391127.600,RTK Fixed | Lat: 45.5010815 deg | Lon: 9.1560371 deg | Alt: 173.121 m | Used SVs: 15
9297,526,0x020E,VEL NED,30,391127.600,Comp. Doppler | COG: 184.76 deg | SOG: 0.03 m/s | Horiz Vel: 0.01 m/s | Vert Vel: -0.02 m/s | EHVE: 0.09 m/s | EVVE: 0.09 m/s
9297,520,0x0208,DOPS,23,391127.600,HDOP: 0.8 | PDOP: 1.6
9297,524,0x020C,BASELINE NED,30,391127.600,RTK Fixed | N: 44.526 m | E: -198.223 m | D: 13.659 m | Baseline: 203.621 m
9297,528,0x0210,CORR AGE,14,391127.600,1.6 s
9297,65282,0xFF02,DGNSS STATUS,12,,RTK | Signals: 15 | Latency: 1.6 s | ""
9297,258,0x0102,GPS TIME,19,391127.700,Wk: 2293 | TOW ns: -52 | GNSS
9297,259,0x0103,UTC TIME,24,391127.700,2023-12-21 12:38:29.699 (GNSS) | UTC Offset: Decoded
9297,522,0x020A,POS LLA,42,391127.700,RTK Fixed | Lat: 45.5010815 deg | Lon: 9.1560371 deg | Alt: 173.121 m | Used SVs: 15
9297,526,0x020E,VEL NED,30,391127.700,Comp. Doppler | COG: 341.57 deg | SOG: 0.01 m/s | Horiz Vel: 0.00 m/s | Vert Vel: -0.01 m/s | EHVE: 0.09 m/s | EVVE: 0.09 m/s
9297,520,0x0208,DOPS,23,391127.700,HDOP: 0.8 | PDOP: 1.6
9297,524,0x020C,BASELINE NED,30,391127.700,RTK Fixed | N: 44.527 m | E: -198.223 m | D: 13.659 m | Baseline: 203.621 m
9297,528,0x0210,CORR AGE,14,391127.700,1.7 s
9297,65282,0xFF02,DGNSS STATUS,12,,RTK | Signals: 15 | Latency: 1.7 s | ""
9297,97,0x0061,MEAS STATE,245,,Total SVs: 23 | L1: 9 | L2: 6 | G1: 5 | G2: 4 | E1: 3 | E2: 3 | B1: 6 | B2: 2 | SBAS: 1
9297,258,0x0102,GPS TIME,19,391127.800,Wk: 2293 | TOW ns: -49 | GNSS
9297,259,0x0103,UTC TIME,24,391127.800,2023-12-21 12:38:29.799 (GNSS) | UTC Offset: Decoded
9297,522,0x020A,POS LLA,42,391127.800,RTK Fixed | Lat: 45.5010815 deg | Lon: 9.1560371 deg | Alt: 173.123 m | Used SVs: 15
9297,526,0x020E,VEL NED,30,391127.800,Comp. Doppler | COG: 338.20 deg | SOG: 0.01 m/s | Horiz Vel: 0.01 m/s | Vert Vel: 0.00 m/s | EHVE: 0.09 m/s | EVVE: 0.09 m/s
9297,520,0x0208,DOPS,23,391127.800,HDOP: 0.8 | PDOP: 1.6
9297,524,0x020C,BASELINE NED,30,391127.800,RTK Fixed | N: 44.527 m | E: -198.223 m | D: 13.656 m | Baseline: 203.621 m
9297,528,0x0210,CORR AGE,14,391127.800,1.8 s
9297,65282,0xFF02,DGNSS STATUS,12,,RTK | Signals: 15 | Latency: 1.8 s | ""
9297,258,0x0102,GPS TIME,19,391127.900,Wk: 2293 | TOW ns: -50 | GNSS
9297,259,0x0103,UTC TIME,24,391127.900,2023-12-21 12:38:29.899 (GNSS) | UTC Offset: Decoded
9297,522,0x020A,POS LLA,42,391127.900,RTK Fixed | Lat: 45.5010815 deg | Lon: 9.1560371 deg | Alt: 173.120 m | Used SVs: 15
9297,526,0x020E,VEL NED,30,391127.900,Comp. Doppler | COG: 153.43 deg | SOG: 0.02 m/s | Horiz Vel: 0.01 m/s | Vert Vel: -0.02 m/s | EHVE: 0.09 m/s | EVVE: 0.09 m/s
9297,520,0x0208,DOPS,23,391127.900,HDOP: 0.8 | PDOP: 1.6
9297,524,0x020C,BASELINE NED,30,391127.900,RTK Fixed | N: 44.526 m | E: -198.223 m | D: 13.659 m | Baseline: 203.621 m
9297,528,0x0210,CORR AGE,14,391127.900,1.9 s
9297,65282,0xFF02,DGNSS STATUS,12,,RTK | Signals: 15 | Latency: 1.9 s | ""
9297,74,0x004A,OBS,257,391128.000,Msg 1 of 3 (14) [G12-L1CA:PCDAr:51.5] [G10-L1CA:PCDar:35.8] [G13-L1CA:PCDAr:51.8] [G15-L1CA:PCDAr:53.0] [G17-L1CA:PCDAr:47.0] [G19-L1CA:PCDAr:51.0] [G22-L1CA:PCDAr:45.8] [G24-L1CA:PCDAr:50.5] [G23-L1CA:PCDAr:45.3] [G24-L2CM:PCDAr:50.5] [G15-L2CM:PCDAr:50.0] [G17-L2CM:PCDAr:44.3] [G12-L2CM:PCDAr:47.5] [G23-L2CM:PCDAr:46.0]
9297,74,0x004A,OBS,257,391128.000,Msg 2 of 3 (14) [G10-L2CM:PCDAr:33.5] [R11-L1OF:PCDAr:53.5] [R2-L1OF:PCDAr:41.3] [R1-L1OF:PCDAr:47.0] [R8-L1OF:PCDAr:52.0] [R20-L1OF:PCDAr:42.8] [R11-L2OF:PCDAr:49.0] [R1-L2OF:PCDAr:42.0] [R8-L2OF:PCDAr:51.5] [B24-B1:PCDAr:51.3] [B10-B1:PCDAr:43.3] [B26-B1:PCDAr:52.8] [B33-B1:PCDAr:47.5] [B35-B1:PCDAr:50.3]
9297,74,0x004A,OBS,172,391128.000,Msg 3 of 3 (9) [B14-B1:PCDAr:48.0] [B10-B2:PCDAr:45.0] [B14-B2:PCDAr:52.3] [E4-E1B:PCDAr:47.0] [E19-E1B:PCDAr:49.8] [E21-E1B:PCDAr:51.0] [E4-E7I:PCDAr:48.0] [E19-E7I:PCDAr:49.3] [E21-E7I:PCDAr:51.0]
9297,117,0x0075,GLO BIASES,17,,L1C: 0.00 m | L1P: 0.00 m | L2C: 0.00 m | L2P: 0.00 m
9297,258,0x0102,GPS TIME,19,391128.000,Wk: 2293 | TOW ns: -50 | GNSS
9297,259,0x0103,UTC TIME,24,391128.000,2023-12-21 12:38:29.999 (GNSS) | UTC Offset: Decoded
9297,522,0x020A,POS LLA,42,391128.000,RTK Fixed | Lat: 45.5010815 deg | Lon: 9.1560371 deg | Alt: 173.120 m | Used SVs: 15
9297,526,0x020E,VEL NED,30,391128.000,Comp. Doppler | COG: 11.31 deg | SOG: 0.01 m/s | Horiz Vel: 0.01 m/s | Vert Vel: -0.01 m/s | EHVE: 0.09 m/s | EVVE: 0.09 m/s
9297,520,0x0208,DOPS,23,391128.000,HDOP: 0.8 | PDOP: 1.6
9297,524,0x020C,BASELINE NED,30,391128.000,RTK Fixed | N: 44.527 m | E: -198.223 m | D: 13.660 m | Baseline: 203.621 m
9297,528,0x0210,CORR AGE,14,391128.000,2.0 s
9297,65282,0xFF02,DGNSS STATUS,12,,RTK | Signals: 15 | Latency: 2.0 s | ""
9297,258,0x0102,GPS TIME,19,391128.100,Wk: 2293 | TOW ns: -50 | GNSS
9297,259,0x0103,UTC TIME,24,391128.100,2023-12-21 12:38:30.099 (GNSS) | UTC Offset: Decoded
9297,522,0x020A,POS LLA,42,391128.100,RTK Fixed | Lat: 45.5010815 deg | Lon: 9.1560371 deg | Alt: 173.118 m | Used SVs: 15
9297,526,0x020E,VEL NED,30,391128.100,Comp. Doppler | COG: 101.31 deg | SOG: 0.02 m/s | Horiz Vel: 0.01 m/s | Vert Vel: -0.02 m/s | EHVE: 0.09 m/s | EVVE: 0.09 m/s
9297,520,0x0208,DOPS,23,391128.100,HDOP: 0.8 | PDOP: 1.6
9297,524,0x020C,BASELINE NED,30,391128.100,RTK Fixed | N: 44.527 m | E: -198.222 m | D: 13.661 m | Baseline: 203.620 m
9297,528,0x0210,CORR AGE,14,391128.100,2.1 s
9297,65282,0xFF02,DGNSS STATUS,12,,RTK | Signals: 15 | Latency: 2.1 s | ""
0,74,0x004A,OBS,257,391127.000,Msg 3 of 3 (14) [B14-B1:PCDAr:48.8] [B10-B1:PCDAr:41.8] [B29-B1:PCDAr:47.5] [B10-B2:PCDAr:46.5] [B7-B2:PCDAr:41.3] [B14-B2:PCDAr:54.0] [E4-E1B:PCDAr:50.0] [E27-E1B:PCDAr:41.5] [E19-E1B:PCDAr:46.0] [E21-E1B:PCDAr:51.8] [E4-E7I:PCDAr:53.3] [E21-E7I:PCDAr:53.5] [E27-E7I:PCDAr:42.3] [E19-E7I:PCDAr:48.5]
0,72,0x0048,BASE POS ECEF,32,,X: 4421114.209 m | Y: 712784.166 m | Z: 4526655.471 m (Lat: 45.5006809 deg | Lon: 9.1585732 deg | Alt: 186.776 m)
0,74,0x004A,OBS,257,391128.000,Msg 1 of 3 (14) [G10-L1CA:PCDAr:45.8] [G23-L1CA:PCDAr:46.5] [G15-L1CA:PCDAr:54.0] [G13-L1CA:PCDAr:52.0] [G14-L1CA:PCDAr:43.5] [G19-L1CA:PCDAr:51.3] [G24-L1CA:PCDAr:54.5] [G22-L1CA:PCDAr:49.3] [G17-L1CA:PCDAr:47.5] [G12-L1CA:PCDAr:52.5] [G10-L2CM:PCDAr:44.8] [G23-L2CM:PCDAr:45.5] [G24-L2CM:PCDAr:52.8] [G15-L2CM:PCDAr:49.0]
0,74,0x004A,OBS,257,391128.000,Msg 2 of 3 (14) [G14-L2CM:PCDAr:41.3] [G17-L2CM:PCDAr:43.8] [G12-L2CM:PCDAr:47.0] [R1-L1OF:PCDAr:51.3] [R8-L1OF:PCDAr:46.5] [R11-L1OF:PCDAr:55.8] [R10-L1OF:PCDAr:49.5] [R11-L2OF:PCDAr:52.0] [R1-L2OF:PCDAr:44.8] [B7-B1:PCDAr:42.8] [B35-B1:PCDAr:45.8] [B24-B1:PCDAr:53.8] [B33-B1:PCDAr:50.5] [B26-B1:PCDAr:53.8]
9297,151,0x0097,SV AZ EL,116,,(27) [G10 312 17] [G12 226 36] [G13 148 35] [G14 54 11] [G15 196 57] [G17 62 33] [G19 98 40] [G22 52 31] [G23 272 24] [G24 310 71] [G25 234 2] [R1 294 54] [R2 334 12] [R8 196 43] [R9 62 10] [R11 286 58] [R12 254 7] [R20 94 15] [B10 54 29] [B14 244 47] [B24 274 57] [B26 56 65] [B33 284 42] [B35 108 23] [E4 296 55] [E19 168 54] [E21 56 65]
9297,258,0x0102,GPS TIME,19,391128.200,Wk: 2293 | TOW ns: -50 | GNSS
9297,259,0x0103,UTC TIME,24,391128.200,2023-12-21 12:38:30.199 (GNSS) | UTC Offset: Decoded
9297,522,0x020A,POS LLA,42,391128.200,RTK Fixed | Lat: 45.5010815 deg | Lon: 9.1560371 deg | Alt: 173.119 m | Used SVs: 15
9297,526,0x020E,VEL NED,30,391128.200,Comp. Doppler | COG: 33.69 deg | SOG: 0.02 m/s | Horiz Vel: 0.00 m/s | Vert Vel: 0.02 m/s | EHVE: 0.09 m/s | EVVE: 0.09 m/s
9297,520,0x0208,DOPS,23,391128.200,HDOP: 0.8 | PDOP: 1.6
9297,524,0x020C,BASELINE NED,30,391128.200,RTK Fixed | N: 44.527 m | E: -198.222 m | D: 13.660 m | Baseline: 203.620 m
9297,528,0x0210,CORR AGE,14,391128.200,2.2 s
9297,65282,0xFF02,DGNSS STATUS,12,,RTK | Signals: 15 | Latency: 2.2 s | ""
9297,97,0x0061,MEAS STATE,245,,Total SVs: 19 | L1: 9 | L2: 6 | G1: 0 | G2: 0 | E1: 3 | E2: 3 | B1: 6 | B2: 2 | SBAS: 1
9297,30583,0x7777,SBAS RAW,42,,
9297,258,0x0102,GPS TIME,19,391128.300,Wk: 2293 | TOW ns: -50 | GNSS
9297,259,0x0103,UTC TIME,24,391128.300,2023-12-21 12:38:30.299 (GNSS) | UTC Offset: Decoded
9297,522,0x020A,POS LLA,42,391128.300,RTK Fixed | Lat: 45.5010815 deg | Lon: 9.1560371 deg | Alt: 173.119 m | Used SVs: 15
9297,526,0x020E,VEL NED,30,391128.300,Comp. Doppler | COG: 167.47 deg | SOG: 0.02 m/s | Horiz Vel: 0.01 m/s | Vert Vel: -0.01 m/s | EHVE: 0.09 m/s | EVVE: 0.09 m/s
9297,520,0x0208,DOPS,23,391128.300,HDOP: 0.8 | PDOP: 1.6
9297,524,0x020C,BASELINE NED,30,391128.300,RTK Fixed | N: 44.527 m | E: -198.222 m | D: 13.661 m | Baseline: 203.620 m
9297,528,0x0210,CORR AGE,14,391128.300,2.3 s
9297,65282,0xFF02,DGNSS STATUS,12,,RTK | Signals: 15 | Latency: 2.3 s | ""
9297,258,0x0102,GPS TIME,19,391128.400,Wk: 2293 | TOW ns: -51 | GNSS
9297,259,0x0103,UTC TIME,24,391128.400,2023-12-21 12:38:30.399 (GNSS) | UTC Offset: Decoded
9297,522,0x020A,POS LLA,42,391128.400,RTK Fixed | Lat: 45.5010815 deg | Lon: 9.1560371 deg | Alt: 173.120 m | Used SVs: 15
9297,526,0x020E,VEL NED,30,391128.400,Comp. Doppler | COG: 203.20 deg | SOG: 0.02 m/s | Horiz Vel: 0.01 m/s | Vert Vel: 0.02 m/s | EHVE: 0.09 m/s | EVVE: 0.09 m/s
9297,520,0x0208,DOPS,23,391128.400,HDOP: 0.8 | PDOP: 1.6
9297,524,0x020C,BASELINE NED,30,391128.400,RTK Fixed | N: 44.527 m | E: -198.224 m | D: 13.660 m | Baseline: 203.622 m
9297,528,0x0210,CORR AGE,14,391128.400,1.4 s
9297,65282,0xFF02,DGNSS STATUS,12,,RTK | Signals: 15 | Latency: 1.4 s | ""
9297,65535,0xFFFF,HEARTBEAT,12,,ANT OK | NAP OK | IO OK | SYS OK
9297,23,0x0017,THREAD STATE,34,,main | 0.0 % | 65532 B
9297,23,0x0017,THREAD STATE,34,,idle | 2.1 % | 124 B
9297,23,0x0017,THREAD STATE,34,,rpmsg | 0.2 % | 3548 B
9297,23,0x0017,THREAD STATE,34,,rpmsg_imu | 0.0 % | 3660 B
9297,23,0x0017,THREAD STATE,34,,SBP | 0.0 % | 65532 B
9297,23,0x0017,THREAD STATE,34,,NAP | 0.0 % | 32812 B
9297,23,0x0017,THREAD STATE,34,,manage PV | 0.0 % | 1020 B
9297,23,0x0017,THREAD STATE,34,,IMU | 0.0 % | 2044 B
9297,23,0x0017,THREAD STATE,34,,IMU aux | 0.0 % | 2164 B
9297,23,0x0017,THREAD STATE,34,,ndb | 0.0 % | 3176 B
9297,23,0x0017,THREAD STATE,34,,NAP Tracking | 26.7 % | 30476 B
9297,23,0x0017,THREAD STATE,34,,decode | 0.6 % | 1588 B
9297,23,0x0017,THREAD STATE,34,,manage acq | 29.1 % | 30452 B
9297,23,0x0017,THREAD STATE,34,,system monitor | 0.1 % | 1548 B
9297,23,0x0017,THREAD STATE,34,,Watchdog | 0.0 % | 1108 B
9297,23,0x0017,THREAD STATE,34,,starling | 32.4 % | 65532 B
9297,23,0x0017,THREAD STATE,34,,time matched obs | 8.0 % | 65532 B
9297,23,0x0017,THREAD STATE,34,,me_calc_pvt | 0.8 % | 18804 B
9297,23,0x0017,THREAD STATE,34,,PPS | 0.0 % | 1840 B
9297,23,0x0017,THREAD STATE,34,,spectrum analyzer | 0.0 % | 4044 B
9297,117,0x0075,GLO BIASES,17,,L1C: 0.00 m | L1P: 0.00 m | L2C: 0.00 m | L2P: 0.00 m
9297,258,0x0102,GPS TIME,19,391128.500,Wk: 2293 | TOW ns: -51 | GNSS
9297,259,0x0103,UTC TIME,24,391128.500,2023-12-21 12:38:30.499 (GNSS) | UTC Offset: Decoded
9297,522,0x020A,POS LLA,42,391128.500,RTK Fixed | Lat: 45.5010815 deg | Lon: 9.1560371 deg | Alt: 173.120 m | Used SVs: 15
9297,526,0x020E,VEL NED,30,391128.500,Comp. Doppler | COG: 63.43 deg | SOG: 0.00 m/s | Horiz Vel: 0.00 m/s | Vert Vel: -0.00 m/s | EHVE: 0.09 m/s | EVVE: 0.09 m/s
9297,520,0x0208,DOPS,23,391128.500,HDOP: 0.8 | PDOP: 1.6
9297,524,0x020C,BASELINE NED,30,391128.500,RTK Fixed | N: 44.527 m | E: -198.224 m | D: 13.660 m | Baseline: 203.622 m
9297,528,0x0210,CORR AGE,14,391128.500,1.5 s
9297,65282,0xFF02,DGNSS STATUS,12,,RTK | Signals: 15 | Latency: 1.5 s | ""
9297,258,0x0102,GPS TIME,19,391128.600,Wk: 2293 | TOW ns: -51 | GNSS
9297,259,0x0103,UTC TIME,24,391128.600,2023-12-21 12:38:30.599 (GNSS) | UTC Offset: Decoded
9297,522,0x020A,POS LLA,42,391128.600,RTK Fixed | Lat: 45.5010815 deg | Lon: 9.1560371 deg | Alt: 173.118 m | Used SVs: 15
9297,526,0x020E,VEL NED,30,391128.600,Comp. Doppler | COG: 14.04 deg | SOG: 0.02 m/s | Horiz Vel: 0.01 m/s | Vert Vel: -0.02 m/s | EHVE: 0.09 m/s | EVVE: 0.09 m/s
9297,520,0x0208,DOPS,23,391128.600,HDOP: 0.8 | PDOP: 1.6
9297,524,0x020C,BASELINE NED,30,391128.600,RTK Fixed | N: 44.528 m | E: -198.224 m | D: 13.662 m | Baseline: 203.623 m
9297,528,0x0210,CORR AGE,14,391128.600,1.6 s
9297,65282,0xFF02,DGNSS STATUS,12,,RTK | Signals: 15 | Latency: 1.6 s | ""
9297,258,0x0102,GPS TIME,19,391128.700,Wk: 2293 | TOW ns: -51 | GNSS
9297,259,0x0103,UTC TIME,24,391128.700,2023-12-21 12:38:30.699 (GNSS) | UTC Offset: Decoded
9297,522,0x020A,POS LLA,42,391128.700,RTK Fixed | Lat: 45.5010815 deg | Lon: 9.1560371 deg | Alt: 173.117 m | Used SVs: 15
9297,526,0x020E,VEL NED,30,391128.700,Comp. Doppler | COG: 180.00 deg | SOG: 0.01 m/s | Horiz Vel: 0.01 m/s | Vert Vel: -0.00 m/s | EHVE: 0.09 m/s | EVVE: 0.09 m/s
9297,520,0x0208,DOPS,23,391128.700,HDOP: 0.8 | PDOP: 1.6
9297,524,0x020C,BASELINE NED,30,391128.700,RTK Fixed | N: 44.527 m | E: -198.224 m | D: 13.663 m | Baseline: 203.622 m
9297,528,0x0210,CORR AGE,14,391128.700,1.7 s
9297,65282,0xFF02,DGNSS STATUS,12,,RTK | Signals: 15 | Latency: 1.7 s | ""
9297,97,0x0061,MEAS STATE,245,,Total SVs: 23 | L1: 9 | L2: 6 | G1: 5 | G2: 4 | E1: 3 | E2: 3 | B1: 6 | B2: 2 | SBAS: 1
9297,258,0x0102,GPS TIME,19,391128.800,Wk: 2293 | TOW ns: -51 | GNSS
9297,259,0x0103,UTC TIME,24,391128.800,2023-12-21 12:38:30.799 (GNSS) | UTC Offset: Decoded
9297,522,0x020A,POS LLA,42,391128.800,RTK Fixed | Lat: 45.5010815 deg | Lon: 9.1560371 deg | Alt: 173.118 m | Used SVs: 15
9297,526,0x020E,VEL NED,30,391128.800,Comp. Doppler | COG: 167.91 deg | SOG: 0.02 m/s | Horiz Vel: 0.01 m/s | Vert Vel: 0.01 m/s | EHVE: 0.09 m/s | EVVE: 0.09 m/s
9297,520,0x0208,DOPS,23,391128.800,HDOP: 0.8 | PDOP: 1.6
9297,524,0x020C,BASELINE NED,30,391128.800,RTK Fixed | N: 44.526 m | E: -198.224 m | D: 13.661 m | Baseline: 203.622 m
9297,528,0x0210,CORR AGE,14,391128.800,1.8 s
9297,65282,0xFF02,DGNSS STATUS,12,,RTK | Signals: 15 | Latency: 1.8 s | ""
9297,258,0x0102,GPS TIME,19,391128.900,Wk: 2293 | TOW ns: -49 | GNSS
9297,259,0x0103,UTC TIME,24,391128.900,2023-12-21 12:38:30.899 (GNSS) | UTC Offset: Decoded
9297,522,0x020A,POS LLA,42,391128.900,RTK Fixed | Lat: 45.5010815 deg | Lon: 9.1560371 deg | Alt: 173.118 m | Used SVs: 15
9297,526,0x020E,VEL NED,30,391128.900,Comp. Doppler | COG: 38.16 deg | SOG: 0.02 m/s | Horiz Vel: 0.02 m/s | Vert Vel: -0.00 m/s | EHVE: 0.09 m/s | EVVE: 0.09 m/s
9297,520,0x0208,DOPS,23,391128.900,HDOP: 0.8 | PDOP: 1.6
9297,524,0x020C,BASELINE NED,30,391128.900,RTK Fixed | N: 44.528 m | E: -198.223 m | D: 13.662 m | Baseline: 203.622 m
9297,528,0x0210,CORR AGE,14,391128.900,1.9 s
9297,65282,0xFF02,DGNSS STATUS,12,,RTK | Signals: 15 | Latency: 1.9 s | ""
9297,74,0x004A,OBS,257,391129.000,Msg 1 of 3 (14) [G12-L1CA:PCDAr:51.0] [G10-L1CA:PCDar:34.5] [G13-L1CA:PCDAr:51.5] [G15-L1CA:PCDAr:52.8] [G17-L1CA:PCDAr:46.8] [G19-L1CA:PCDAr:51.0] [G22-L1CA:PCDAr:45.5] [G24-L1CA:PCDAr:50.5] [G23-L1CA:PCDAr:44.8] [G24-L2CM:PCDAr:50.5] [G15-L2CM:PCDAr:50.0] [G17-L2CM:PCDAr:44.3] [G12-L2CM:PCDAr:47.5] [G23-L2CM:PCDAr:46.0]
9297,74,0x004A,OBS,257,391129.000,Msg 2 of 3 (14) [G10-L2CM:PCDAr:33.5] [R11-L1OF:PCDAr:53.3] [R2-L1OF:PCDAr:41.5] [R1-L1OF:PCDAr:47.0] [R8-L1OF:PCDAr:51.8] [R20-L1OF:PCDAr:42.8] [R11-L2OF:PCDAr:49.0] [R1-L2OF:PCDAr:42.0] [R8-L2OF:PCDAr:51.5] [B24-B1:PCDAr:51.0] [B10-B1:PCDAr:43.3] [B26-B1:PCDAr:52.8] [B33-B1:PCDAr:47.5] [B35-B1:PCDAr:50.0]
9297,74,0x004A,OBS,172,391129.000,Msg 3 of 3 (9) [B14-B1:PCDAr:48.3] [B10-B2:PCDAr:45.0] [B14-B2:PCDAr:52.3] [E4-E1B:PCDAr:47.0] [E19-E1B:PCDAr:49.8] [E21-E1B:PCDAr:51.0] [E4-E7I:PCDAr:48.0] [E19-E7I:PCDAr:49.3] [E21-E7I:PCDAr:51.0]
9297,117,0x0075,GLO BIASES,17,,L1C: 0.00 m | L1P: 0.00 m | L2C: 0.00 m | L2P: 0.00 m
9297,258,0x0102,GPS TIME,19,391129.000,Wk: 2293 | TOW ns: -49 | GNSS
9297,259,0x0103,UTC TIME,24,391129.000,2023-12-21 12:38:30.999 (GNSS) | UTC Offset: Decoded
9297,522,0x020A,POS LLA,42,391129.000,RTK Fixed | Lat: 45.5010815 deg | Lon: 9.1560371 deg | Alt: 173.121 m | Used SVs: 15
9297,526,0x020E,VEL NED,30,391129.000,Comp. Doppler | COG: 196.39 deg | SOG: 0.03 m/s | Horiz Vel: 0.02 m/s | Vert Vel: 0.02 m/s | EHVE: 0.09 m/s | EVVE: 0.09 m/s
9297,520,0x0208,DOPS,23,391129.000,HDOP: 0.8 | PDOP: 1.6
9297,524,0x020C,BASELINE NED,30,391129.000,RTK Fixed | N: 44.526 m | E: -198.223 m | D: 13.658 m | Baseline: 203.621 m
9297,528,0x0210,CORR AGE,14,391129.000,2.0 s
9297,65282,0xFF02,DGNSS STATUS,12,,RTK | Signals: 15 | Latency: 2.0 s | ""
9297,258,0x0102,GPS TIME,19,391129.100,Wk: 2293 | TOW ns: -49 | GNSS
9297,259,0x0103,UTC TIME,24,391129.100,2023-12-21 12:38:31.099 (GNSS) | UTC Offset: Decoded
9297,522,0x020A,POS LLA,42,391129.100,RTK Fixed | Lat: 45.5010815 deg | Lon: 9.1560371 deg | Alt: 173.117 m | Used SVs: 15
9297,526,0x020E,VEL NED,30,391129.100,Comp. Doppler | COG: 126.87 deg | SOG: 0.03 m/s | Horiz Vel: 0.01 m/s | Vert Vel: -0.03 m/s | EHVE: 0.09 m/s | EVVE: 0.09 m/s
9297,520,0x0208,DOPS,23,391129.100,HDOP: 0.8 | PDOP: 1.6
9297,524,0x020C,BASELINE NED,30,391129.100,RTK Fixed | N: 44.526 m | E: -198.223 m | D: 13.662 m | Baseline: 203.621 m
9297,528,0x0210,CORR AGE,14,391129.100,2.1 s
9297,65282,0xFF02,DGNSS STATUS,12,,RTK | Signals: 15 | Latency: 2.1 s | ""
0,74,0x004A,OBS,257,391128.000,Msg 3 of 3 (14) [B14-B1:PCDAr:48.5] [B10-B1:PCDAr:41.8] [B29-B1:PCDAr:47.5] [B10-B2:PCDAr:46.8] [B7-B2:PCDAr:41.5] [B14-B2:PCDAr:54.0] [E4-E1B:PCDAr:50.0] [E27-E1B:PCDAr:41.5] [E19-E1B:PCDAr:46.0] [E21-E1B:PCDAr:51.8] [E4-E7I:PCDAr:53.3] [E21-E7I:PCDAr:53.5] [E27-E7I:PCDAr:42.5] [E19-E7I:PCDAr:48.5]
0,72,0x0048,BASE POS ECEF,32,,X: 4421114.209 m | Y: 712784.166 m | Z: 4526655.471 m (Lat: 45.5006809 deg | Lon: 9.1585732 deg | Alt: 186.776 m)
0,74,0x004A,OBS,257,391129.000,Msg 1 of 3 (14) [G10-L1CA:PCDAr:45.8] [G23-L1CA:PCDAr:46.5] [G15-L1CA:PCDAr:54.0] [G13-L1CA:PCDAr:51.8] [G14-L1CA:PCDAr:43.5] [G19-L1CA:PCDAr:51.3] [G24-L1CA:PCDAr:54.5] [G22-L1CA:PCDAr:49.0] [G17-L1CA:PCDAr:47.5] [G12-L1CA:PCDAr:52.5] [G10-L2CM:PCDAr:44.8] [G23-L2CM:PCDAr:45.5] [G24-L2CM:PCDAr:53.0] [G15-L2CM:PCDAr:49.0]
9297,151,0x0097,SV AZ EL,116,,(27) [G10 312 17] [G12 226 36] [G13 148 35] [G14 54 11] [G15 196 57] [G17 62 33] [G19 98 40] [G22 52 31] [G23 272 24] [G24 310 71] [G25 234 2] [R1 294 54] [R2 334 12] [R8 196 43] [R9 62 10] [R11 286 58] [R12 254 7] [R20 94 15] [B10 54 29] [B14 244 47] [B24 274 57] [B26 56 65] [B33 284 42] [B35 108 23] [E4 296 55] [E19 168 54] [E21 56 65]
9297,258,0x0102,GPS TIME,19,391129.200,Wk: 2293 | TOW ns: -49 | GNSS
9297,259,0x0103,UTC TIME,24,391129.200,2023-12-21 12:38:31.199 (GNSS) | UTC Offset: Decoded
9297,522,0x020A,POS LLA,42,391129.200,RTK Fixed | Lat: 45.5010815 deg | Lon: 9.1560371 deg | Alt: 173.118 m | Used SVs: 15
9297,526,0x020E,VEL NED,30,391129.200,Comp. Doppler | COG: 150.26 deg | SOG: 0.01 m/s | Horiz Vel: 0.01 m/s | Vert Vel: 0.00 m/s | EHVE: 0.09 m/s | EVVE: 0.09 m/s
9297,520,0x0208,DOPS,23,391129.200,HDOP: 0.8 | PDOP: 1.6
9297,524,0x020C,BASELINE NED,30,391129.200,RTK Fixed | N: 44.525 m | E: -198.222 m | D: 13.661 m | Baseline: 203.620 m
9297,528,0x0210,CORR AGE,14,391129.200,2.2 s
9297,65282,0xFF02,DGNSS STATUS,12,,RTK | Signals: 15 | Latency: 2.2 s | ""
0,74,0x004A,OBS,257,391129.000,Msg 2 of 3 (14) [G14-L2CM:PCDAr:41.3] [G17-L2CM:PCDAr:44.0] [G12-L2CM:PCDAr:47.0] [R1-L1OF:PCDAr:51.3] [R8-L1OF:PCDAr:46.5] [R11-L1OF:PCDAr:55.8] [R10-L1OF:PCDAr:49.5] [R11-L2OF:PCDAr:52.0] [R1-L2OF:PCDAr:44.8] [B7-B1:PCDAr:43.0] [B35-B1:PCDAr:46.0] [B24-B1:PCDAr:53.8] [B33-B1:PCDAr:50.8] [B26-B1:PCDAr:54.0]
9297,138,0x008A,EPH GPS,147,,15 | 2293 396000 | 2.0 14400 | 1 0
9297,97,0x0061,MEAS STATE,245,,Total SVs: 19 | L1: 9 | L2: 6 | G1: 0 | G2: 0 | E1: 3 | E2: 3 | B1: 6 | B2: 2 | SBAS: 1
9297,138,0x008A,EPH GPS,147,,17 | 2293 396000 | 2.0 14400 | 1 0
9297,138,0x008A,EPH GPS,147,,22 | 2293 396000 | 2.0 14400 | 1 0
9297,258,0x0102,GPS TIME,19,391129.300,Wk: 2293 | TOW ns: -49 | GNSS
9297,259,0x0103,UTC TIME,24,391129.300,2023-12-21 12:38:31.299 (GNSS) | UTC Offset: Decoded
9297,522,0x020A,POS LLA,42,391129.300,RTK Fixed | Lat: 45.5010815 deg | Lon: 9.1560371 deg | Alt: 173.118 m | Used SVs: 15
9297,526,0x020E,VEL NED,30,391129.300,Comp. Doppler | COG: 135.00 deg | SOG: 0.02 m/s | Horiz Vel: 0.01 m/s | Vert Vel: 0.02 m/s | EHVE: 0.10 m/s | EVVE: 0.10 m/s
9297,520,0x0208,DOPS,23,391129.300,HDOP: 0.8 | PDOP: 1.6
9297,524,0x020C,BASELINE NED,30,391129.300,RTK Fixed | N: 44.525 m | E: -198.222 m | D: 13.662 m | Baseline: 203.620 m
9297,528,0x0210,CORR AGE,14,391129.300,2.3 s
9297,65282,0xFF02,DGNSS STATUS,12,,RTK | Signals: 15 | Latency: 2.3 s | ""
9297,30583,0x7777,SBAS RAW,42,,
9297,258,0x0102,GPS TIME,19,391129.400,Wk: 2293 | TOW ns: -49 | GNSS
9297,259,0x0103,UTC TIME,24,391129.400,2023-12-21 12:38:31.399 (GNSS) | UTC Offset: Decoded
9297,522,0x020A,POS LLA,42,391129.400,RTK Fixed | Lat: 45.5010815 deg | Lon: 9.1560371 deg | Alt: 173.118 m | Used SVs: 15
9297,526,0x020E,VEL NED,30,391129.400,Comp. Doppler | COG: 333.43 deg | SOG: 0.02 m/s | Horiz Vel: 0.01 m/s | Vert Vel: -0.02 m/s | EHVE: 0.09 m/s | EVVE: 0.09 m/s
9297,520,0x0208,DOPS,23,391129.400,HDOP: 0.8 | PDOP: 1.6
9297,524,0x020C,BASELINE NED,30,391129.400,RTK Fixed | N: 44.526 m | E: -198.224 m | D: 13.662 m | Baseline: 203.622 m
9297,528,0x0210,CORR AGE,14,391129.400,1.4 s
9297,65282,0xFF02,DGNSS STATUS,12,,RTK | Signals: 15 | Latency: 1.4 s | ""
9297,65535,0xFFFF,HEARTBEAT,12,,ANT OK | NAP OK | IO OK | SYS OK
9297,117,0x0075,GLO BIASES,17,,L1C: 0.00 m | L1P: 0.00 m | L2C: 0.00 m | L2P: 0.00 m
9297,181,0x00B5,DEVICE MONITOR,18,,Vin: 5.91 V | Tcpu: 37.3 C | Trf: 34.8 C
9297,258,0x0102,GPS TIME,19,391129.500,Wk: 2293 | TOW ns: -50 | GNSS
9297,259,0x0103,UTC TIME,24,391129.500,2023-12-21 12:38:31.499 (GNSS) | UTC Offset: Decoded
9297,522,0x020A,POS LLA,42,391129.500,RTK Fixed | Lat: 45.5010815 deg | Lon: 9.1560371 deg | Alt: 173.118 m | Used SVs: 15
9297,526,0x020E,VEL NED,30,391129.500,Comp. Doppler | COG: 270.00 deg | SOG: 0.00 m/s | Horiz Vel: 0.00 m/s | Vert Vel: 0.00 m/s | EHVE: 0.09 m/s | EVVE: 0.09 m/s
9297,520,0x0208,DOPS,23,391129.500,HDOP: 0.8 | PDOP: 1.6
9297,524,0x020C,BASELINE NED,30,391129.500,RTK Fixed | N: 44.526 m | E: -198.224 m | D: 13.662 m | Baseline: 203.622 m
9297,528,0x0210,CORR AGE,14,391129.500,1.5 s
9297,65282,0xFF02,DGNSS STATUS,12,,RTK | Signals: 15 | Latency: 1.5 s | ""
9297,258,0x0102,GPS TIME,19,391129.600,Wk: 2293 | TOW ns: -49 | GNSS
9297,259,0x0103,UTC TIME,24,391129.600,2023-12-21 12:38:31.599 (GNSS) | UTC Offset: Decoded
9297,522,0x020A,POS LLA,42,391129.600,RTK Fixed | Lat: 45.5010815 deg | Lon: 9.1560371 deg | Alt: 173.118 m | Used SVs: 15
9297,526,0x020E,VEL NED,30,391129.600,Comp. Doppler | COG: 123.69 deg | SOG: 0.01 m/s | Horiz Vel: 0.01 m/s | Vert Vel: -0.01 m/s | EHVE: 0.09 m/s | EVVE: 0.09 m/s
9297,520,0x0208,DOPS,23,391129.600,HDOP: 0.8 | PDOP: 1.8
9297,524,0x020C,BASELINE NED,30,391129.600,RTK Fixed | N: 44.526 m | E: -198.223 m | D: 13.662 m | Baseline: 203.621 m
9297,528,0x0210,CORR AGE,14,391129.600,1.6 s
9297,65282,0xFF02,DGNSS STATUS,12,,RTK | Signals: 15 | Latency: 1.6 s | ""
9297,258,0x0102,GPS TIME,19,391129.700,Wk: 2293 | TOW ns: -50 | GNSS
9297,259,0x0103,UTC TIME,24,391129.700,2023-12-21 12:38:31.699 (GNSS) | UTC Offset: Decoded
9297,522,0x020A,POS LLA,42,391129.700,RTK Fixed | Lat: 45.5010815 deg | Lon: 9.1560371 deg | Alt: 173.117 m | Used SVs: 15
9297,526,0x020E,VEL NED,30,391129.700,Comp. Doppler | COG: 270.00 deg | SOG: 0.01 m/s | Horiz Vel: 0.00 m/s | Vert Vel: -0.01 m/s | EHVE: 0.09 m/s | EVVE: 0.09 m/s
9297,520,0x0208,DOPS,23,391129.700,HDOP: 0.8 | PDOP: 1.8
9297,524,0x020C,BASELINE NED,30,391129.700,RTK Fixed | N: 44.526 m | E: -198.223 m | D: 13.662 m | Baseline: 203.621 m
9297,528,0x0210,CORR AGE,14,391129.700,1.7 s
9297,65282,0xFF02,DGNSS STATUS,12,,RTK | Signals: 15 | Latency: 1.7 s | ""
9297,97,0x0061,MEAS STATE,245,,Total SVs: 23 | L1: 9 | L2: 6 | G1: 5 | G2: 4 | E1: 3 | E2: 3 | B1: 6 | B2: 2 | SBAS: 1
9297,258,0x0102,GPS TIME,19,391129.800,Wk: 2293 | TOW ns: -50 | GNSS
9297,259,0x0103,UTC TIME,24,391129.800,2023-12-21 12:38:31.799 (GNSS) | UTC Offset: Decoded
9297,522,0x020A,POS LLA,42,391129.800,RTK Fixed | Lat: 45.5010815 deg | Lon: 9.1560371 deg | Alt: 173.117 m | Used SVs: 15
9297,526,0x020E,VEL NED,30,391129.800,Comp. Doppler | COG: 296.57 deg | SOG: 0.01 m/s | Horiz Vel: 0.00 m/s | Vert Vel: -0.01 m/s | EHVE: 0.09 m/s | EVVE: 0.09 m/s
9297,520,0x0208,DOPS,23,391129.800,HDOP: 0.8 | PDOP: 1.8
9297,524,0x020C,BASELINE NED,30,391129.800,RTK Fixed | N: 44.526 m | E: -198.223 m | D: 13.663 m | Baseline: 203.621 m
9297,528,0x0210,CORR AGE,14,391129.800,1.8 s
9297,65282,0xFF02,DGNSS STATUS,12,,RTK | Signals: 15 | Latency: 1.8 s | ""
9297,258,0x0102,GPS TIME,19,391129.900,Wk: 2293 | TOW ns: -50 | GNSS
9297,259,0x0103,UTC TIME,24,391129.900,2023-12-21 12:38:31.899 (GNSS) | UTC Offset: Decoded
9297,522,0x020A,POS LLA,42,391129.900,RTK Fixed | Lat: 45.5010815 deg | Lon: 9.1560371 deg | Alt: 173.114 m | Used SVs: 15
9297,526,0x020E,VEL NED,30,391129.900,Comp. Doppler | COG: 14.04 deg | SOG: 0.03 m/s | Horiz Vel: 0.01 m/s | Vert Vel: -0.03 m/s | EHVE: 0.09 m/s | EVVE: 0.09 m/s
9297,520,0x0208,DOPS,23,391129.900,HDOP: 0.8 | PDOP: 1.8
9297,524,0x020C,BASELINE NED,30,391129.900,RTK Fixed | N: 44.527 m | E: -198.223 m | D: 13.665 m | Baseline: 203.622 m
9297,528,0x0210,CORR AGE,14,391129.900,1.9 s
9297,65282,0xFF02,DGNSS STATUS,12,,RTK | Signals: 15 | Latency: 1.9 s | ""
9297,74,0x004A,OBS,257,391130.000,Msg 1 of 3 (14) [G12-L1CA:PCDAr:51.0] [G13-L1CA:PCDAr:51.5] [G15-L1CA:PCDAr:52.8] [G17-L1CA:PCDAr:46.5] [G19-L1CA:PCDAr:50.8] [G22-L1CA:PCDAr:45.5] [G24-L1CA:PCDAr:50.5] [G23-L1CA:PCDAr:44.8] [G24-L2CM:PCDAr:50.8] [G15-L2CM:PCDAr:50.0] [G17-L2CM:PCDAr:44.3] [G12-L2CM:PCDAr:47.5] [G23-L2CM:PCDAr:46.0] [R11-L1OF:PCDAr:53.3]
9297,74,0x004A,OBS,257,391130.000,Msg 2 of 3 (14) [R2-L1OF:PCDAr:43.0] [R1-L1OF:PCDAr:47.0] [R8-L1OF:PCDAr:51.8] [R20-L1OF:PCDAr:42.8] [R11-L2OF:PCDAr:49.0] [R1-L2OF:PCDAr:41.5] [R8-L2OF:PCDAr:51.5] [B24-B1:PCDAr:51.3] [B10-B1:PCDAr:43.5] [B26-B1:PCDAr:52.8] [B33-B1:PCDAr:47.3] [B35-B1:PCDAr:50.3] [B14-B1:PCDAr:48.0] [B10-B2:PCDAr:45.0]
9297,74,0x004A,OBS,138,391130.000,Msg 3 of 3 (7) [B14-B2:PCDAr:52.3] [E4-E1B:PCDAr:46.8] [E19-E1B:PCDAr:49.8] [E21-E1B:PCDAr:51.0] [E4-E7I:PCDAr:48.0] [E19-E7I:PCDAr:49.3] [E21-E7I:PCDAr:51.0]
9297,117,0x0075,GLO BIASES,17,,L1C: 0.00 m | L1P: 0.00 m | L2C: 0.00 m | L2P: 0.00 m
9297,258,0x0102,GPS TIME,19,391130.000,Wk: 2293 | TOW ns: -48 | GNSS
9297,259,0x0103,UTC TIME,24,391130.000,2023-12-21 12:38:31.999 (GNSS) | UTC Offset: Decoded
9297,522,0x020A,POS LLA,42,391130.000,RTK Fixed | Lat: 45.5010815 deg | Lon: 9.1560371 deg | Alt: 173.116 m | Used SVs: 15
9297,526,0x020E,VEL NED,30,391130.000,Comp. Doppler | COG: 194.04 deg | SOG: 0.01 m/s | Horiz Vel: 0.01 m/s | Vert Vel: 0.01 m/s | EHVE: 0.09 m/s | EVVE: 0.09 m/s
9297,520,0x0208,DOPS,23,391130.000,HDOP: 0.8 | PDOP: 1.8
9297,524,0x020C,BASELINE NED,30,391130.000,RTK Fixed | N: 44.526 m | E: -198.223 m | D: 13.664 m | Baseline: 203.621 m
9297,528,0x0210,CORR AGE,14,391130.000,2.0 s
9297,65282,0xFF02,DGNSS STATUS,12,,RTK | Signals: 15 | Latency: 2.0 s | ""
9297,258,0x0102,GPS TIME,19,391130.100,Wk: 2293 | TOW ns: -48 | GNSS
9297,259,0x0103,UTC TIME,24,391130.100,2023-12-21 12:38:32.099 (GNSS) | UTC Offset: Decoded
9297,522,0x020A,POS LLA,42,391130.100,RTK Fixed | Lat: 45.5010815 deg | Lon: 9.1560371 deg | Alt: 173.115 m | Used SVs: 15
9297,526,0x020E,VEL NED,30,391130.100,Comp. Doppler | COG: 135.00 deg | SOG: 0.02 m/s | Horiz Vel: 0.00 m/s | Vert Vel: -0.02 m/s | EHVE: 0.09 m/s | EVVE: 0.09 m/s
9297,520,0x0208,DOPS,23,391130.100,HDOP: 0.8 | PDOP: 1.8
9297,524,0x020C,BASELINE NED,30,391130.100,RTK Fixed | N: 44.526 m | E: -198.223 m | D: 13.665 m | Baseline: 203.621 m
9297,528,0x0210,CORR AGE,14,391130.100,2.1 s
9297,65282,0xFF02,DGNSS STATUS,12,,RTK | Signals: 15 | Latency: 2.1 s | ""
0,74,0x004A,OBS,257,391129.000,Msg 3 of 3 (14) [B14-B1:PCDAr:48.8] [B10-B1:PCDAr:41.8] [B29-B1:PCDAr:47.8] [B10-B2:PCDAr:46.5] [B7-B2:PCDAr:41.5] [B14-B2:PCDAr:54.0] [E4-E1B:PCDAr:50.0] [E27-E1B:PCDAr:41.3] [E19-E1B:PCDAr:45.8] [E21-E1B:PCDAr:51.5] [E4-E7I:PCDAr:53.3] [E21-E7I:PCDAr:53.5] [E27-E7I:PCDAr:42.3] [E19-E7I:PCDAr:48.3]
0,72,0x0048,BASE POS ECEF,32,,X: 4421114.209 m | Y: 712784.166 m | Z: 4526655.471 m (Lat: 45.5006809 deg | Lon: 9.1585732 deg | Alt: 186.776 m)
0,74,0x004A,OBS,257,391130.000,Msg 1 of 3 (14) [G10-L1CA:PCDAr:45.8] [G23-L1CA:PCDAr:46.8] [G15-L1CA:PCDAr:54.0] [G13-L1CA:PCDAr:52.0] [G14-L1CA:PCDAr:43.5] [G19-L1CA:PCDAr:51.3] [G24-L1CA:PCDAr:54.5] [G22-L1CA:PCDAr:49.0] [G17-L1CA:PCDAr:47.8] [G12-L1CA:PCDAr:52.5] [G10-L2CM:PCDAr:45.0] [G23-L2CM:PCDAr:45.5] [G24-L2CM:PCDAr:53.0] [G15-L2CM:PCDAr:49.0]
9297,258,0x0102,GPS TIME,19,391130.200,Wk: 2293 | TOW ns: -48 | GNSS
9297,259,0x0103,UTC TIME,24,391130.200,2023-12-21 12:38:32.199 (GNSS) | UTC Offset: Decoded
9297,522,0x020A,POS LLA,42,391130.200,RTK Fixed | Lat: 45.5010815 deg | Lon: 9.1560371 deg | Alt: 173.114 m | Used SVs: 15
9297,526,0x020E,VEL NED,30,391130.200,Comp. Doppler | COG: 104.04 deg | SOG: 0.01 m/s | Horiz Vel: 0.00 m/s | Vert Vel: -0.01 m/s | EHVE: 0.09 m/s | EVVE: 0.09 m/s
9297,520,0x0208,DOPS,23,391130.200,HDOP: 0.8 | PDOP: 1.8
9297,524,0x020C,BASELINE NED,30,391130.200,RTK Fixed | N: 44.526 m | E: -198.223 m | D: 13.666 m | Baseline: 203.621 m
9297,528,0x0210,CORR AGE,14,391130.200,2.2 s
9297,65282,0xFF02,DGNSS STATUS,12,,RTK | Signals: 15 | Latency: 2.2 s | ""
0,74,0x004A,OBS,257,391130.000,Msg 2 of 3 (14) [G14-L2CM:PCDAr:41.3] [G17-L2CM:PCDAr:43.8] [G12-L2CM:PCDAr:47.0] [R1-L1OF:PCDAr:51.3] [R8-L1OF:PCDAr:46.5] [R11-L1OF:PCDAr:55.8] [R10-L1OF:PCDAr:49.5] [R11-L2OF:PCDAr:52.0] [R1-L2OF:PCDAr:45.0] [B7-B1:PCDAr:43.0] [B35-B1:PCDAr:46.3] [B24-B1:PCDAr:54.0] [B33-B1:PCDAr:50.8] [B26-B1:PCDAr:54.0]
9297,97,0x0061,MEAS STATE,245,,Total SVs: 19 | L1: 9 | L2: 6 | G1: 0 | G2: 0 | E1: 3 | E2: 3 | B1: 6 | B2: 2 | SBAS: 1
9297,151,0x0097,SV AZ EL,116,,(27) [G10 312 17] [G12 226 36] [G13 148 35] [G14 54 11] [G15 196 57] [G17 62 33] [G19 98 40] [G22 52 31] [G23 272 24] [G24 310 71] [G25 234 2] [R1 294 54] [R2 334 12] [R8 196 43] [R9 62 10] [R11 286 58] [R12 254 7] [R20 94 15] [B10 54 29] [B14 244 47] [B24 274 57] [B26 56 65] [B33 284 42] [B35 108 23] [E4 296 55] [E19 168 54] [E21 56 65]
9297,258,0x0102,GPS TIME,19,391130.300,Wk: 2293 | TOW ns: -48 | GNSS
9297,259,0x0103,UTC TIME,24,391130.300,2023-12-21 12:38:32.299 (GNSS) | UTC Offset: Decoded
9297,522,0x020A,POS LLA,42,391130.300,RTK Fixed | Lat: 45.5010815 deg | Lon: 9.1560370 deg | Alt: 173.114 m | Used SVs: 15
9297,526,0x020E,VEL NED,30,391130.300,Comp. Doppler | COG: 315.00 deg | SOG: 0.01 m/s | Horiz Vel: 0.01 m/s | Vert Vel: -0.00 m/s | EHVE: 0.09 m/s | EVVE: 0.09 m/s
9297,520,0x0208,DOPS,23,391130.300,HDOP: 0.8 | PDOP: 1.8
9297,524,0x020C,BASELINE NED,30,391130.300,RTK Fixed | N: 44.529 m | E: -198.225 m | D: 13.666 m | Baseline: 203.624 m
9297,528,0x0210,CORR AGE,14,391130.300,1.3 s
9297,65282,0xFF02,DGNSS STATUS,12,,RTK | Signals: 15 | Latency: 1.3 s | ""
9297,30583,0x7777,SBAS RAW,42,,
9297,258,0x0102,GPS TIME,19,391130.400,Wk: 2293 | TOW ns: -48 | GNSS
9297,259,0x0103,UTC TIME,24,391130.400,2023-12-21 12:38:32.399 (GNSS) | UTC Offset: Decoded
9297,522,0x020A,POS LLA,42,391130.400,RTK Fixed | Lat: 45.5010815 deg | Lon: 9.1560371 deg | Alt: 173.114 m | Used SVs: 15
9297,526,0x020E,VEL NED,30,391130.400,Comp. Doppler | COG: 145.01 deg | SOG: 0.01 m/s | Horiz Vel: 0.01 m/s | Vert Vel: -0.01 m/s | EHVE: 0.09 m/s | EVVE: 0.09 m/s
9297,520,0x0208,DOPS,23,391130.400,HDOP: 0.8 | PDOP: 1.8
9297,524,0x020C,BASELINE NED,30,391130.400,RTK Fixed | N: 44.528 m | E: -198.224 m | D: 13.666 m | Baseline: 203.623 m
9297,528,0x0210,CORR AGE,14,391130.400,1.4 s
9297,65282,0xFF02,DGNSS STATUS,12,,RTK | Signals: 15 | Latency: 1.4 s | ""
9297,65535,0xFFFF,HEARTBEAT,12,,ANT OK | NAP OK | IO OK | SYS OK
9297,23,0x0017,THREAD STATE,34,,main | 0.0 % | 65532 B
9297,23,0x0017,THREAD STATE,34,,idle | 1.6 % | 124 B
9297,23,0x0017,THREAD STATE,34,,rpmsg | 0.2 % | 3556 B
9297,23,0x0017,THREAD STATE,34,,rpmsg_imu | 0.0 % | 3660 B
9297,23,0x0017,THREAD STATE,34,,SBP | 0.0 % | 65532 B
9297,23,0x0017,THREAD STATE,34,,NAP | 0.0 % | 32812 B
9297,23,0x0017,THREAD STATE,34,,manage PV | 0.0 % | 1068 B
9297,23,0x0017,THREAD STATE,34,,IMU | 0.0 % | 2044 B
9297,23,0x0017,THREAD STATE,34,,IMU aux | 0.0 % | 2164 B
9297,23,0x0017,THREAD STATE,34,,ndb | 0.0 % | 3176 B
9297,23,0x0017,THREAD STATE,34,,NAP Tracking | 25.4 % | 30476 B
9297,23,0x0017,THREAD STATE,34,,decode | 0.7 % | 1588 B
9297,23,0x0017,THREAD STATE,34,,manage acq | 32.4 % | 30452 B
9297,23,0x0017,THREAD STATE,34,,system monitor | 0.1 % | 1548 B
9297,23,0x0017,THREAD STATE,34,,Watchdog | 0.0 % | 1108 B
9297,23,0x0017,THREAD STATE,34,,starling | 31.6 % | 65532 B
9297,23,0x0017,THREAD STATE,34,,time matched obs | 7.3 % | 65532 B
9297,23,0x0017,THREAD STATE,34,,me_calc_pvt | 0.8 % | 18804 B
9297,23,0x0017,THREAD STATE,34,,PPS | 0.0 % | 1840 B
9297,23,0x0017,THREAD STATE,34,,spectrum analyzer | 0.0 % | 4044 B
9297,117,0x0075,GLO BIASES,17,,L1C: 0.00 m | L1P: 0.00 m | L2C: 0.00 m | L2P: 0.00 m
9297,258,0x0102,GPS TIME,19,391130.500,Wk: 2293 | TOW ns: -48 | GNSS
9297,259,0x0103,UTC TIME,24,391130.500,2023-12-21 12:38:32.499 (GNSS) | UTC Offset: Decoded
9297,522,0x020A,POS LLA,42,391130.500,RTK Fixed | Lat: 45.5010815 deg | Lon: 9.1560371 deg | Alt: 173.114 m | Used SVs: 15
9297,526,0x020E,VEL NED,30,391130.500,Comp. Doppler | COG: 90.00 deg | SOG: 0.01 m/s | Horiz Vel: 0.00 m/s | Vert Vel: -0.01 m/s | EHVE: 0.09 m/s | EVVE: 0.09 m/s
9297,520,0x0208,DOPS,23,391130.500,HDOP: 0.8 | PDOP: 1.8
9297,524,0x020C,BASELINE NED,30,391130.500,RTK Fixed | N: 44.527 m | E: -198.224 m | D: 13.666 m | Baseline: 203.623 m
9297,528,0x0210,CORR AGE,14,391130.500,1.5 s
9297,65282,0xFF02,DGNSS STATUS,12,,RTK | Signals: 15 | Latency: 1.5 s | ""
9297,258,0x0102,GPS TIME,19,391130.600,Wk: 2293 | TOW ns: -48 | GNSS
9297,259,0x0103,UTC TIME,24,391130.600,2023-12-21 12:38:32.599 (GNSS) | UTC Offset: Decoded
9297,522,0x020A,POS LLA,42,391130.600,RTK Fixed | Lat: 45.5010815 deg | Lon: 9.1560371 deg | Alt: 173.114 m | Used SVs: 15
9297,526,0x020E,VEL NED,30,391130.600,Comp. Doppler | COG: 291.80 deg | SOG: 0.01 m/s | Horiz Vel: 0.01 m/s | Vert Vel: -0.01 m/s | EHVE: 0.09 m/s | EVVE: 0.09 m/s
9297,520,0x0208,DOPS,23,391130.600,HDOP: 0.8 | PDOP: 1.8
9297,524,0x020C,BASELINE NED,30,391130.600,RTK Fixed | N: 44.527 m | E: -198.224 m | D: 13.666 m | Baseline: 203.623 m
9297,528,0x0210,CORR AGE,14,391130.600,1.6 s
9297,65282,0xFF02,DGNSS STATUS,12,,RTK | Signals: 15 | Latency: 1.6 s | ""
9297,258,0x0102,GPS TIME,19,391130.700,Wk: 2293 | TOW ns: -48 | GNSS
9297,259,0x0103,UTC TIME,24,391130.700,2023-12-21 12:38:32.699 (GNSS) | UTC Offset: Decoded
9297,522,0x020A,POS LLA,42,391130.700,RTK Fixed | Lat: 45.5010815 deg | Lon: 9.1560371 deg | Alt: 173.115 m | Used SVs: 15
9297,526,0x020E,VEL NED,30,391130.700,Comp. Doppler | COG: 109.98 deg | SOG: 0.01 m/s | Horiz Vel: 0.01 m/s | Vert Vel: 0.01 m/s | EHVE: 0.09 m/s | EVVE: 0.09 m/s
9297,520,0x0208,DOPS,23,391130.700,HDOP: 0.8 | PDOP: 1.8
9297,524,0x020C,BASELINE NED,30,391130.700,RTK Fixed | N: 44.527 m | E: -198.223 m | D: 13.665 m | Baseline: 203.622 m
9297,528,0x0210,CORR AGE,14,391130.700,1.7 s
9297,65282,0xFF02,DGNSS STATUS,12,,RTK | Signals: 15 | Latency: 1.7 s | ""
9297,97,0x0061,MEAS STATE,245,,Total SVs: 23 | L1: 9 | L2: 6 | G1: 5 | G2: 4 | E1: 3 | E2: 3 | B1: 6 | B2: 2 | SBAS: 1
9297,258,0x0102,GPS TIME,19,391130.800,Wk: 2293 | TOW ns: -48 | GNSS
9297,259,0x0103,UTC TIME,24,391130.800,2023-12-21 12:38:32.799 (GNSS) | UTC Offset: Decoded
9297,522,0x020A,POS LLA,42,391130.800,RTK Fixed | Lat: 45.5010815 deg | Lon: 9.1560371 deg | Alt: 173.117 m | Used SVs: 15
9297,526,0x020E,VEL NED,30,391130.800,Comp. Doppler | COG: 192.53 deg | SOG: 0.02 m/s | Horiz Vel: 0.01 m/s | Vert Vel: 0.01 m/s | EHVE: 0.09 m/s | EVVE: 0.09 m/s
9297,520,0x0208,DOPS,23,391130.800,HDOP: 0.8 | PDOP: 1.8
9297,524,0x020C,BASELINE NED,30,391130.800,RTK Fixed | N: 44.526 m | E: -198.223 m | D: 13.663 m | Baseline: 203.621 m
9297,528,0x0210,CORR AGE,14,391130.800,1.8 s
9297,65282,0xFF02,DGNSS STATUS,12,,RTK | Signals: 15 | Latency: 1.8 s | ""
9297,258,0x0102,GPS TIME,19,391130.900,Wk: 2293 | TOW ns: -49 | GNSS
9297,259,0x0103,UTC TIME,24,391130.900,2023-12-21 12:38:32.899 (GNSS) | UTC Offset: Decoded
9297,522,0x020A,POS LLA,42,391130.900,RTK Fixed | Lat: 45.5010815 deg | Lon: 9.1560371 deg | Alt: 173.114 m | Used SVs: 15
9297,526,0x020E,VEL NED,30,391130.900,Comp. Doppler | COG: 11.31 deg | SOG: 0.03 m/s | Horiz Vel: 0.01 m/s | Vert Vel: -0.03 m/s | EHVE: 0.09 m/s | EVVE: 0.09 m/s
9297,520,0x0208,DOPS,23,391130.900,HDOP: 0.8 | PDOP: 1.8
9297,524,0x020C,BASELINE NED,30,391130.900,RTK Fixed | N: 44.527 m | E: -198.223 m | D: 13.665 m | Baseline: 203.622 m
9297,528,0x0210,CORR AGE,14,391130.900,1.9 s
9297,65282,0xFF02,DGNSS STATUS,12,,RTK | Signals: 15 | Latency: 1.9 s | ""
9297,74,0x004A,OBS,257,391131.000,Msg 1 of 3 (14) [G12-L1CA:PCDAr:51.0] [G10-L1CA:PCDar:34.8] [G13-L1CA:PCDAr:51.5] [G15-L1CA:PCDAr:52.8] [G17-L1CA:PCDAr:46.5] [G19-L1CA:PCDAr:50.8] [G22-L1CA:PCDAr:45.3] [G24-L1CA:PCDAr:50.3] [G23-L1CA:PCDAr:44.5] [G24-L2CM:PCDAr:50.3] [G15-L2CM:PCDAr:49.8] [G17-L2CM:PCDAr:44.3] [G12-L2CM:PCDAr:47.3] [G23-L2CM:PCDAr:45.5]
9297,74,0x004A,OBS,257,391131.000,Msg 2 of 3 (14) [G10-L2CM:PCDAr:33.0] [R11-L1OF:PCDAr:53.0] [R2-L1OF:PCDAr:41.5] [R1-L1OF:PCDAr:46.8] [R8-L1OF:PCDAr:51.5] [R20-L1OF:PCDAr:42.5] [R11-L2OF:PCDAr:49.3] [R1-L2OF:PCDAr:41.8] [R8-L2OF:PCDAr:51.8] [B24-B1:PCDAr:51.0] [B10-B1:PCDAr:43.3] [B26-B1:PCDAr:52.8] [B33-B1:PCDAr:47.3] [B35-B1:PCDAr:50.3]
9297,74,0x004A,OBS,172,391131.000,Msg 3 of 3 (9) [B14-B1:PCDAr:48.0] [B10-B2:PCDAr:45.0] [B14-B2:PCDAr:52.3] [E4-E1B:PCDAr:47.3] [E19-E1B:PCDAr:50.0] [E21-E1B:PCDAr:51.3] [E4-E7I:PCDAr:48.3] [E19-E7I:PCDAr:49.3] [E21-E7I:PCDAr:51.0]
9297,117,0x0075,GLO BIASES,17,,L1C: 0.00 m | L1P: 0.00 m | L2C: 0.00 m | L2P: 0.00 m
9297,258,0x0102,GPS TIME,19,391131.000,Wk: 2293 | TOW ns: -49 | GNSS
9297,259,0x0103,UTC TIME,24,391131.000,2023-12-21 12:38:32.999 (GNSS) | UTC Offset: Decoded
9297,522,0x020A,POS LLA,42,391131.000,RTK Fixed | Lat: 45.5010815 deg | Lon: 9.1560371 deg | Alt: 173.114 m | Used SVs: 15
9297,526,0x020E,VEL NED,30,391131.000,Comp. Doppler | COG: 143.13 deg | SOG: 0.01 m/s | Horiz Vel: 0.01 m/s | Vert Vel: 0.00 m/s | EHVE: 0.10 m/s | EVVE: 0.10 m/s
9297,520,0x0208,DOPS,23,391131.000,HDOP: 0.8 | PDOP: 1.6
9297,524,0x020C,BASELINE NED,30,391131.000,RTK Fixed | N: 44.526 m | E: -198.223 m | D: 13.665 m | Baseline: 203.621 m
9297,528,0x0210,CORR AGE,14,391131.000,2.0 s
9297,65282,0xFF02,DGNSS STATUS,12,,RTK | Signals: 15 | Latency: 2.0 s | ""
9297,258,0x0102,GPS TIME,19,391131.100,Wk: 2293 | TOW ns: -47 | GNSS
9297,259,0x0103,UTC TIME,24,391131.100,2023-12-21 12:38:33.099 (GNSS) | UTC Offset: Decoded
9297,522,0x020A,POS LLA,42,391131.100,RTK Fixed | Lat: 45.5010815 deg | Lon: 9.1560371 deg | Alt: 173.113 m | Used SVs: 15
9297,526,0x020E,VEL NED,30,391131.100,Comp. Doppler | COG: 225.00 deg | SOG: 0.02 m/s | Horiz Vel: 0.00 m/s | Vert Vel: -0.01 m/s | EHVE: 0.10 m/s | EVVE: 0.10 m/s
9297,520,0x0208,DOPS,23,391131.100,HDOP: 0.8 | PDOP: 1.6
9297,524,0x020C,BASELINE NED,30,391131.100,RTK Fixed | N: 44.526 m | E: -198.223 m | D: 13.667 m | Baseline: 203.621 m
9297,528,0x0210,CORR AGE,14,391131.100,2.1 s
9297,65282,0xFF02,DGNSS STATUS,12,,RTK | Signals: 15 | Latency: 2.1 s | ""
9297,258,0x0102,GPS TIME,19,391131.200,Wk: 2293 | TOW ns: -47 | GNSS
9297,259,0x0103,UTC TIME,24,391131.200,2023-12-21 12:38:33.199 (GNSS) | UTC Offset: Decoded
9297,522,0x020A,POS LLA,42,391131.200,RTK Fixed | Lat: 45.5010815 deg | Lon: 9.1560371 deg | Alt: 173.114 m | Used SVs: 15
9297,526,0x020E,VEL NED,30,391131.200,Comp. Doppler | COG: 323.13 deg | SOG: 0.02 m/s | Horiz Vel: 0.01 m/s | Vert Vel: 0.02 m/s | EHVE: 0.09 m/s | EVVE: 0.09 m/s
9297,520,0x0208,DOPS,23,391131.200,HDOP: 0.8 | PDOP: 1.6
9297,524,0x020C,BASELINE NED,30,391131.200,RTK Fixed | N: 44.527 m | E: -198.223 m | D: 13.665 m | Baseline: 203.622 m
9297,528,0x0210,CORR AGE,14,391131.200,2.2 s
9297,65282,0xFF02,DGNSS STATUS,12,,RTK | Signals: 15 | Latency: 2.2 s | ""
9297,97,0x0061,MEAS STATE,245,,Total SVs: 19 | L1: 9 | L2: 6 | G1: 0 | G2: 0 | E1: 3 | E2: 3 | B1: 6 | B2: 2 | SBAS: 1
9297,151,0x0097,SV AZ EL,116,,(27) [G10 312 17] [G12 226 36] [G13 148 35] [G14 54 11] [G15 196 57] [G17 62 33] [G19 98 40] [G22 52 31] [G23 272 24] [G24 310 71] [G25 234 2] [R1 294 54] [R2 334 12] [R8 196 43] [R9 62 10] [R11 286 58] [R12 254 7] [R20 94 15] [B10 54 29] [B14 244 47] [B24 274 57] [B26 56 65] [B33 284 42] [B35 108 23] [E4 296 55] [E19 168 54] [E21 56 65]
9297,258,0x0102,GPS TIME,19,391131.300,Wk: 2293 | TOW ns: -47 | GNSS
9297,259,0x0103,UTC TIME,24,391131.300,2023-12-21 12:38:33.299 (GNSS) | UTC Offset: Decoded
9297,522,0x020A,POS LLA,42,391131.300,RTK Fixed | Lat: 45.5010815 deg | Lon: 9.1560371 deg | Alt: 173.116 m | Used SVs: 15
9297,526,0x020E,VEL NED,30,391131.300,Comp. Doppler | COG: 165.96 deg | SOG: 0.01 m/s | Horiz Vel: 0.01 m/s | Vert Vel: 0.01 m/s | EHVE: 0.09 m/s | EVVE: 0.09 m/s
9297,520,0x0208,DOPS,23,391131.300,HDOP: 0.8 | PDOP: 1.6
9297,524,0x020C,BASELINE NED,30,391131.300,RTK Fixed | N: 44.526 m | E: -198.223 m | D: 13.663 m | Baseline: 203.621 m
9297,528,0x0210,CORR AGE,14,391131.300,2.3 s
9297,65282,0xFF02,DGNSS STATUS,12,,RTK | Signals: 15 | Latency: 2.3 s | ""
9297,30583,0x7777,SBAS RAW,42,,
0,74,0x004A,OBS,257,391130.000,Msg 3 of 3 (14) [B14-B1:PCDAr:48.8] [B10-B1:PCDAr:42.0] [B29-B1:PCDAr:47.8] [B10-B2:PCDAr:46.8] [B7-B2:PCDAr:41.5] [B14-B2:PCDAr:54.0] [E4-E1B:PCDAr:50.0] [E27-E1B:PCDAr:41.5] [E19-E1B:PCDAr:45.8] [E21-E1B:PCDAr:51.5] [E4-E7I:PCDAr:53.0] [E21-E7I:PCDAr:53.3] [E27-E7I:PCDAr:42.0] [E19-E7I:PCDAr:48.3]
0,72,0x0048,BASE POS ECEF,32,,X: 4421114.209 m | Y: 712784.166 m | Z: 4526655.471 m (Lat: 45.5006809 deg | Lon: 9.1585732 deg | Alt: 186.776 m)
9297,258,0x0102,GPS TIME,19,391131.400,Wk: 2293 | TOW ns: -47 | GNSS
9297,259,0x0103,UTC TIME,24,391131.400,2023-12-21 12:38:33.399 (GNSS) | UTC Offset: Decoded
9297,522,0x020A,POS LLA,42,391131.400,RTK Fixed | Lat: 45.5010815 deg | Lon: 9.1560371 deg | Alt: 173.115 m | Used SVs: 15
9297,526,0x020E,VEL NED,30,391131.400,Comp. Doppler | COG: 18.43 deg | SOG: 0.02 m/s | Horiz Vel: 0.00 m/s | Vert Vel: -0.02 m/s | EHVE: 0.09 m/s | EVVE: 0.09 m/s
9297,520,0x0208,DOPS,23,391131.400,HDOP: 0.8 | PDOP: 1.6
9297,524,0x020C,BASELINE NED,30,391131.400,RTK Fixed | N: 44.526 m | E: -198.223 m | D: 13.665 m | Baseline: 203.621 m
9297,528,0x0210,CORR AGE,14,391131.400,2.4 s
9297,65282,0xFF02,DGNSS STATUS,12,,RTK | Signals: 15 | Latency: 2.4 s | ""
0,74,0x004A,OBS,257,391131.000,Msg 1 of 3 (14) [G10-L1CA:PCDAr:45.8] [G23-L1CA:PCDAr:47.0] [G15-L1CA:PCDAr:54.3] [G13-L1CA:PCDAr:52.0] [G14-L1CA:PCDAr:44.0] [G19-L1CA:PCDAr:51.3] [G24-L1CA:PCDAr:54.8] [G22-L1CA:PCDAr:49.3] [G17-L1CA:PCDAr:48.0] [G12-L1CA:PCDAr:52.8] [G10-L2CM:PCDAr:44.8] [G23-L2CM:PCDAr:45.3] [G24-L2CM:PCDAr:53.0] [G15-L2CM:PCDAr:49.0]
0,74,0x004A,OBS,257,391131.000,Msg 2 of 3 (14) [G14-L2CM:PCDAr:41.3] [G17-L2CM:PCDAr:43.8] [G12-L2CM:PCDAr:47.0] [R1-L1OF:PCDAr:51.3] [R8-L1OF:PCDAr:46.5] [R11-L1OF:PCDAr:55.8] [R10-L1OF:PCDAr:49.3] [R11-L2OF:PCDAr:52.0] [R1-L2OF:PCDAr:45.0] [B7-B1:PCDAr:43.0] [B35-B1:PCDAr:46.0] [B24-B1:PCDAr:54.0] [B33-B1:PCDAr:50.8] [B26-B1:PCDAr:54.0]
9297,65535,0xFFFF,HEARTBEAT,12,,ANT OK | NAP OK | IO OK | SYS OK
9297,117,0x0075,GLO BIASES,17,,L1C: 0.00 m | L1P: 0.00 m | L2C: 0.00 m | L2P: 0.00 m
9297,258,0x0102,GPS TIME,19,391131.500,Wk: 2293 | TOW ns: -48 | GNSS
9297,259,0x0103,UTC TIME,24,391131.500,2023-12-21 12:38:33.499 (GNSS) | UTC Offset: Decoded
9297,522,0x020A,POS LLA,42,391131.500,RTK Fixed | Lat: 45.5010815 deg | Lon: 9.1560371 deg | Alt: 173.115 m | Used SVs: 15
9297,526,0x020E,VEL NED,30,391131.500,Comp. Doppler | COG: 135.00 deg | SOG: 0.01 m/s | Horiz Vel: 0.00 m/s | Vert Vel: 0.01 m/s | EHVE: 0.09 m/s | EVVE: 0.09 m/s
9297,520,0x0208,DOPS,23,391131.500,HDOP: 0.8 | PDOP: 1.6
9297,524,0x020C,BASELINE NED,30,391131.500,RTK Fixed | N: 44.526 m | E: -198.223 m | D: 13.665 m | Baseline: 203.621 m
9297,528,0x0210,CORR AGE,14,391131.500,2.5 s
9297,65282,0xFF02,DGNSS STATUS,12,,RTK | Signals: 15 | Latency: 2.5 s | ""
9297,258,0x0102,GPS TIME,19,391131.600,Wk: 2293 | TOW ns: -48 | GNSS
9297,259,0x0103,UTC TIME,24,391131.600,2023-12-21 12:38:33.599 (GNSS) | UTC Offset: Decoded
9297,522,0x020A,POS LLA,42,391131.600,RTK Fixed | Lat: 45.5010815 deg | Lon: 9.1560371 deg | Alt: 173.116 m | Used SVs: 15
9297,526,0x020E,VEL NED,30,391131.600,Comp. Doppler | COG: 80.54 deg | SOG: 0.01 m/s | Horiz Vel: 0.01 m/s | Vert Vel: 0.01 m/s | EHVE: 0.09 m/s | EVVE: 0.09 m/s
9297,520,0x0208,DOPS,23,391131.600,HDOP: 0.8 | PDOP: 1.6
9297,524,0x020C,BASELINE NED,30,391131.600,RTK Fixed | N: 44.527 m | E: -198.223 m | D: 13.663 m | Baseline: 203.621 m
9297,528,0x0210,CORR AGE,14,391131.600,1.6 s
9297,65282,0xFF02,DGNSS STATUS,12,,RTK | Signals: 15 | Latency: 1.6 s | ""
9297,258,0x0102,GPS TIME,19,391131.700,Wk: 2293 | TOW ns: -48 | GNSS
9297,259,0x0103,UTC TIME,24,391131.700,2023-12-21 12:38:33.699 (GNSS) | UTC Offset: Decoded
9297,522,0x020A,POS LLA,42,391131.700,RTK Fixed | Lat: 45.5010815 deg | Lon: 9.1560371 deg | Alt: 173.117 m | Used SVs: 15
9297,526,0x020E,VEL NED,30,391131.700,Comp. Doppler | COG: 321.34 deg | SOG: 0.01 m/s | Horiz Vel: 0.01 m/s | Vert Vel: -0.01 m/s | EHVE: 0.09 m/s | EVVE: 0.09 m/s
9297,520,0x0208,DOPS,23,391131.700,HDOP: 0.8 | PDOP: 1.6
9297,524,0x020C,BASELINE NED,30,391131.700,RTK Fixed | N: 44.527 m | E: -198.224 m | D: 13.663 m | Baseline: 203.622 m
9297,528,0x0210,CORR AGE,14,391131.700,1.7 s
9297,65282,0xFF02,DGNSS STATUS,12,,RTK | Signals: 15 | Latency: 1.7 s | ""
9297,97,0x0061,MEAS STATE,245,,Total SVs: 23 | L1: 9 | L2: 6 | G1: 5 | G2: 4 | E1: 3 | E2: 3 | B1: 6 | B2: 2 | SBAS: 1
9297,258,0x0102,GPS TIME,19,391131.800,Wk: 2293 | TOW ns: -48 | GNSS
9297,259,0x0103,UTC TIME,24,391131.800,2023-12-21 12:38:33.799 (GNSS) | UTC Offset: Decoded
9297,522,0x020A,POS LLA,42,391131.800,RTK Fixed | Lat: 45.5010815 deg | Lon: 9.1560371 deg | Alt: 173.116 m | Used SVs: 15
9297,526,0x020E,VEL NED,30,391131.800,Comp. Doppler | COG: 180.00 deg | SOG: 0.02 m/s | Horiz Vel: 0.00 m/s | Vert Vel: -0.02 m/s | EHVE: 0.09 m/s | EVVE: 0.09 m/s
9297,520,0x0208,DOPS,23,391131.800,HDOP: 0.8 | PDOP: 1.6
9297,524,0x020C,BASELINE NED,30,391131.800,RTK Fixed | N: 44.527 m | E: -198.224 m | D: 13.664 m | Baseline: 203.622 m
9297,528,0x0210,CORR AGE,14,391131.800,1.8 s
9297,65282,0xFF02,DGNSS STATUS,12,,RTK | Signals: 15 | Latency: 1.8 s | ""
9297,258,0x0102,GPS TIME,19,391131.900,Wk: 2293 | TOW ns: -48 | GNSS
9297,259,0x0103,UTC TIME,24,391131.900,2023-12-21 12:38:33.899 (GNSS) | UTC Offset: Decoded
9297,522,0x020A,POS LLA,42,391131.900,RTK Fixed | Lat: 45.5010815 deg | Lon: 9.1560371 deg | Alt: 173.114 m | Used SVs: 15
9297,526,0x020E,VEL NED,30,391131.900,Comp. Doppler | COG: 51.34 deg | SOG: 0.02 m/s | Horiz Vel: 0.01 m/s | Vert Vel: -0.02 m/s | EHVE: 0.09 m/s | EVVE: 0.09 m/s
9297,520,0x0208,DOPS,23,391131.900,HDOP: 0.8 | PDOP: 1.6
9297,524,0x020C,BASELINE NED,30,391131.900,RTK Fixed | N: 44.527 m | E: -198.223 m | D: 13.666 m | Baseline: 203.622 m
9297,528,0x0210,CORR AGE,14,391131.900,1.9 s
9297,65282,0xFF02,DGNSS STATUS,12,,RTK | Signals: 15 | Latency: 1.9 s | ""
9297,74,0x004A,OBS,257,391132.000,Msg 1 of 3 (14) [G12-L1CA:PCDAr:50.8] [G10-L1CA:PCDar:36.0] [G13-L1CA:PCDAr:51.0] [G15-L1CA:PCDAr:52.5] [G17-L1CA:PCDAr:46.0] [G19-L1CA:PCDAr:50.5] [G22-L1CA:PCDAr:45.0] [G24-L1CA:PCDAr:50.0] [G23-L1CA:PCDAr:44.0] [G24-L2CM:PCDAr:50.3] [G15-L2CM:PCDAr:49.8] [G17-L2CM:PCDAr:44.3] [G12-L2CM:PCDAr:47.0] [G23-L2CM:PCDAr:45.3]
9297,74,0x004A,OBS,257,391132.000,Msg 2 of 3 (14) [G10-L2CM:PCDAr:35.3] [R11-L1OF:PCDAr:53.0] [R2-L1OF:PCDAr:40.5] [R1-L1OF:PCDAr:47.0] [R8-L1OF:PCDAr:51.8] [R20-L1OF:PCDAr:42.3] [R11-L2OF:PCDAr:49.5] [R1-L2OF:PCDAr:41.5] [R8-L2OF:PCDAr:51.8] [B24-B1:PCDAr:50.8] [B10-B1:PCDAr:43.3] [B26-B1:PCDAr:52.8] [B33-B1:PCDAr:47.3] [B35-B1:PCDAr:50.3]
9297,74,0x004A,OBS,172,391132.000,Msg 3 of 3 (9) [B14-B1:PCDAr:48.0] [B10-B2:PCDAr:45.0] [B14-B2:PCDAr:52.3] [E4-E1B:PCDAr:47.0] [E19-E1B:PCDAr:49.5] [E21-E1B:PCDAr:51.0] [E4-E7I:PCDAr:48.3] [E19-E7I:PCDAr:49.3] [E21-E7I:PCDAr:51.0]
9297,117,0x0075,GLO BIASES,17,,L1C: 0.00 m | L1P: 0.00 m | L2C: 0.00 m | L2P: 0.00 m
9297,258,0x0102,GPS TIME,19,391132.000,Wk: 2293 | TOW ns: -48 | GNSS
9297,259,0x0103,UTC TIME,24,391132.000,2023-12-21 12:38:33.999 (GNSS) | UTC Offset: Decoded
9297,522,0x020A,POS LLA,42,391132.000,RTK Fixed | Lat: 45.5010815 deg | Lon: 9.1560371 deg | Alt: 173.117 m | Used SVs: 15
9297,526,0x020E,VEL NED,30,391132.000,Comp. Doppler | COG: 194.04 deg | SOG: 0.02 m/s | Horiz Vel: 0.00 m/s | Vert Vel: 0.02 m/s | EHVE: 0.09 m/s | EVVE: 0.09 m/s
9297,520,0x0208,DOPS,23,391132.000,HDOP: 0.8 | PDOP: 1.6
9297,524,0x020C,BASELINE NED,30,391132.000,RTK Fixed | N: 44.527 m | E: -198.223 m | D: 13.663 m | Baseline: 203.621 m
9297,528,0x0210,CORR AGE,14,391132.000,2.0 s
9297,65282,0xFF02,DGNSS STATUS,12,,RTK | Signals: 15 | Latency: 2.0 s | ""
9297,258,0x0102,GPS TIME,19,391132.100,Wk: 2293 | TOW ns: -48 | GNSS
9297,259,0x0103,UTC TIME,24,391132.100,2023-12-21 12:38:34.099 (GNSS) | UTC Offset: Decoded
9297,522,0x020A,POS LLA,42,391132.100,RTK Fixed | Lat: 45.5010815 deg | Lon: 9.1560371 deg | Alt: 173.116 m | Used SVs: 15
9297,526,0x020E,VEL NED,30,391132.100,Comp. Doppler | COG: 110.56 deg | SOG: 0.02 m/s | Horiz Vel: 0.01 m/s | Vert Vel: -0.01 m/s | EHVE: 0.09 m/s | EVVE: 0.09 m/s
9297,520,0x0208,DOPS,23,391132.100,HDOP: 0.8 | PDOP: 1.6
9297,524,0x020C,BASELINE NED,30,391132.100,RTK Fixed | N: 44.527 m | E: -198.223 m | D: 13.664 m | Baseline: 203.622 m
9297,528,0x0210,CORR AGE,14,391132.100,2.1 s
9297,65282,0xFF02,DGNSS STATUS,12,,RTK | Signals: 15 | Latency: 2.1 s | ""
9297,258,0x0102,GPS TIME,19,391132.200,Wk: 2293 | TOW ns: -46 | GNSS
9297,259,0x0103,UTC TIME,24,391132.200,2023-12-21 12:38:34.199 (GNSS) | UTC Offset: Decoded
9297,522,0x020A,POS LLA,42,391132.200,RTK Fixed | Lat: 45.5010815 deg | Lon: 9.1560371 deg | Alt: 173.115 m | Used SVs: 15
9297,526,0x020E,VEL NED,30,391132.200,Comp. Doppler | COG: 296.57 deg | SOG: 0.01 m/s | Horiz Vel: 0.00 m/s | Vert Vel: -0.01 m/s | EHVE: 0.09 m/s | EVVE: 0.09 m/s
9297,520,0x0208,DOPS,23,391132.200,HDOP: 0.8 | PDOP: 1.6
9297,524,0x020C,BASELINE NED,30,391132.200,RTK Fixed | N: 44.527 m | E: -198.223 m | D: 13.664 m | Baseline: 203.622 m
9297,528,0x0210,CORR AGE,14,391132.200,2.2 s
9297,65282,0xFF02,DGNSS STATUS,12,,RTK | Signals: 15 | Latency: 2.2 s | ""
0,74,0x004A,OBS,257,391131.000,Msg 3 of 3 (14) [B14-B1:PCDAr:48.8] [B10-B1:PCDAr:42.0] [B29-B1:PCDAr:47.8] [B10-B2:PCDAr:46.5] [B7-B2:PCDAr:41.5] [B14-B2:PCDAr:53.8] [E4-E1B:PCDAr:50.3] [E27-E1B:PCDAr:42.0] [E19-E1B:PCDAr:46.0] [E21-E1B:PCDAr:51.8] [E4-E7I:PCDAr:53.0] [E21-E7I:PCDAr:53.3] [E27-E7I:PCDAr:42.3] [E19-E7I:PCDAr:48.3]
0,72,0x0048,BASE POS ECEF,32,,X: 4421114.209 m | Y: 712784.166 m | Z: 4526655.471 m (Lat: 45.5006809 deg | Lon: 9.1585732 deg | Alt: 186.776 m)
0,74,0x004A,OBS,257,391132.000,Msg 1 of 3 (14) [G10-L1CA:PCDAr:45.5] [G23-L1CA:PCDAr:47.0] [G15-L1CA:PCDAr:54.3] [G13-L1CA:PCDAr:52.0] [G14-L1CA:PCDAr:43.8] [G19-L1CA:PCDAr:51.3] [G24-L1CA:PCDAr:54.8] [G22-L1CA:PCDAr:49.0] [G17-L1CA:PCDAr:48.0] [G12-L1CA:PCDAr:52.8] [G10-L2CM:PCDAr:44.8] [G23-L2CM:PCDAr:45.3] [G24-L2CM:PCDAr:53.0] [G15-L2CM:PCDAr:49.0]
0,74,0x004A,OBS,257,391132.000,Msg 2 of 3 (14) [G14-L2CM:PCDAr:41.0] [G17-L2CM:PCDAr:43.8] [G12-L2CM:PCDAr:47.0] [R1-L1OF:PCDAr:51.3] [R8-L1OF:PCDAr:46.5] [R11-L1OF:PCDAr:55.8] [R10-L1OF:PCDAr:49.3] [R11-L2OF:PCDAr:52.0] [R1-L2OF:PCDAr:45.0] [B7-B1:PCDAr:42.5] [B35-B1:PCDAr:45.5] [B24-B1:PCDAr:53.5] [B33-B1:PCDAr:50.3] [B26-B1:PCDAr:53.8]
9297,97,0x0061,MEAS STATE,245,,Total SVs: 19 | L1: 9 | L2: 6 | G1: 0 | G2: 0 | E1: 3 | E2: 3 | B1: 6 | B2: 2 | SBAS: 1
9297,258,0x0102,GPS TIME,19,391132.300,Wk: 2293 | TOW ns: -46 | GNSS
9297,259,0x0103,UTC TIME,24,391132.300,2023-12-21 12:38:34.299 (GNSS) | UTC Offset: Decoded
9297,522,0x020A,POS LLA,42,391132.300,RTK Fixed | Lat: 45.5010815 deg | Lon: 9.1560371 deg | Alt: 173.117 m | Used SVs: 15
9297,526,0x020E,VEL NED,30,391132.300,Comp. Doppler | COG: 135.00 deg | SOG: 0.01 m/s | Horiz Vel: 0.01 m/s | Vert Vel: 0.01 m/s | EHVE: 0.09 m/s | EVVE: 0.09 m/s
9297,520,0x0208,DOPS,23,391132.300,HDOP: 0.8 | PDOP: 1.6
9297,524,0x020C,BASELINE NED,30,391132.300,RTK Fixed | N: 44.527 m | E: -198.223 m | D: 13.663 m | Baseline: 203.621 m
9297,528,0x0210,CORR AGE,14,391132.300,2.3 s
9297,65282,0xFF02,DGNSS STATUS,12,,RTK | Signals: 15 | Latency: 2.3 s | ""
9297,30583,0x7777,SBAS RAW,42,,
9297,151,0x0097,SV AZ EL,116,,(27) [G10 312 17] [G12 226 36] [G13 148 35] [G14 54 11] [G15 196 57] [G17 62 33] [G19 98 40] [G22 52 31] [G23 272 24] [G24 310 71] [G25 234 2] [R1 294 54] [R2 334 12] [R8 196 43] [R9 62 10] [R11 286 58] [R12 254 7] [R20 94 15] [B10 54 29] [B14 244 47] [B24 274 57] [B26 56 65] [B33 284 42] [B35 108 23] [E4 296 55] [E19 168 54] [E21 56 65]
9297,258,0x0102,GPS TIME,19,391132.400,Wk: 2293 | TOW ns: -46 | GNSS
9297,259,0x0103,UTC TIME,24,391132.400,2023-12-21 12:38:34.399 (GNSS) | UTC Offset: Decoded
9297,522,0x020A,POS LLA,42,391132.400,RTK Fixed | Lat: 45.5010815 deg | Lon: 9.1560371 deg | Alt: 173.118 m | Used SVs: 15
9297,526,0x020E,VEL NED,30,391132.400,Comp. Doppler | COG: 90.00 deg | SOG: 0.01 m/s | Horiz Vel: 0.01 m/s | Vert Vel: -0.00 m/s | EHVE: 0.09 m/s | EVVE: 0.09 m/s
9297,520,0x0208,DOPS,23,391132.400,HDOP: 0.8 | PDOP: 1.6
9297,524,0x020C,BASELINE NED,30,391132.400,RTK Fixed | N: 44.528 m | E: -198.224 m | D: 13.662 m | Baseline: 203.623 m
9297,528,0x0210,CORR AGE,14,391132.400,1.4 s
9297,65282,0xFF02,DGNSS STATUS,12,,RTK | Signals: 15 | Latency: 1.4 s | ""
9297,65535,0xFFFF,HEARTBEAT,12,,ANT OK | NAP OK | IO OK | SYS OK
9297,23,0x0017,THREAD STATE,34,,main | 0.0 % | 65532 B
9297,23,0x0017,THREAD STATE,34,,idle | 1.2 % | 124 B
9297,23,0x0017,THREAD STATE,34,,rpmsg | 0.2 % | 3580 B
9297,23,0x0017,THREAD STATE,34,,rpmsg_imu | 0.0 % | 3660 B
9297,23,0x0017,THREAD STATE,34,,SBP | 0.0 % | 65532 B
9297,23,0x0017,THREAD STATE,34,,NAP | 0.0 % | 32812 B
9297,23,0x0017,THREAD STATE,34,,manage PV | 0.0 % | 1060 B
9297,23,0x0017,THREAD STATE,34,,IMU | 0.0 % | 2044 B
9297,23,0x0017,THREAD STATE,34,,IMU aux | 0.0 % | 2164 B
9297,23,0x0017,THREAD STATE,34,,ndb | 0.0 % | 3176 B
9297,23,0x0017,THREAD STATE,34,,NAP Tracking | 26.2 % | 30476 B
9297,23,0x0017,THREAD STATE,34,,decode | 0.6 % | 1588 B
9297,23,0x0017,THREAD STATE,34,,manage acq | 31.8 % | 30452 B
9297,23,0x0017,THREAD STATE,34,,system monitor | 0.1 % | 1548 B
9297,23,0x0017,THREAD STATE,34,,Watchdog | 0.0 % | 1108 B
9297,23,0x0017,THREAD STATE,34,,starling | 31.9 % | 65532 B
9297,23,0x0017,THREAD STATE,34,,time matched obs | 7.3 % | 65532 B
9297,23,0x0017,THREAD STATE,34,,me_calc_pvt | 0.8 % | 18804 B
9297,23,0x0017,THREAD STATE,34,,PPS | 0.0 % | 1840 B
9297,23,0x0017,THREAD STATE,34,,spectrum analyzer | 0.0 % | 4044 B
9297,117,0x0075,GLO BIASES,17,,L1C: 0.00 m | L1P: 0.00 m | L2C: 0.00 m | L2P: 0.00 m
9297,181,0x00B5,DEVICE MONITOR,18,,Vin: 5.91 V | Tcpu: 37.0 C | Trf: 34.8 C
9297,258,0x0102,GPS TIME,19,391132.500,Wk: 2293 | TOW ns: -46 | GNSS
9297,259,0x0103,UTC TIME,24,391132.500,2023-12-21 12:38:34.499 (GNSS) | UTC Offset: Decoded
9297,522,0x020A,POS LLA,42,391132.500,RTK Fixed | Lat: 45.5010815 deg | Lon: 9.1560371 deg | Alt: 173.117 m | Used SVs: 15
9297,526,0x020E,VEL NED,30,391132.500,Comp. Doppler | COG: 195.95 deg | SOG: 0.02 m/s | Horiz Vel: 0.01 m/s | Vert Vel: -0.02 m/s | EHVE: 0.09 m/s | EVVE: 0.09 m/s
9297,520,0x0208,DOPS,23,391132.500,HDOP: 0.8 | PDOP: 1.6
9297,524,0x020C,BASELINE NED,30,391132.500,RTK Fixed | N: 44.528 m | E: -198.224 m | D: 13.663 m | Baseline: 203.623 m
9297,528,0x0210,CORR AGE,14,391132.500,1.5 s
9297,65282,0xFF02,DGNSS STATUS,12,,RTK | Signals: 15 | Latency: 1.5 s | ""
9297,258,0x0102,GPS TIME,19,391132.600,Wk: 2293 | TOW ns: -46 | GNSS
9297,259,0x0103,UTC TIME,24,391132.600,2023-12-21 12:38:34.599 (GNSS) | UTC Offset: Decoded
9297,522,0x020A,POS LLA,42,391132.600,RTK Fixed | Lat: 45.5010815 deg | Lon: 9.1560371 deg | Alt: 173.117 m | Used SVs: 15
9297,526,0x020E,VEL NED,30,391132.600,Comp. Doppler | COG: 14.04 deg | SOG: 0.01 m/s | Horiz Vel: 0.00 m/s | Vert Vel: -0.01 m/s | EHVE: 0.09 m/s | EVVE: 0.09 m/s
9297,520,0x0208,DOPS,23,391132.600,HDOP: 0.8 | PDOP: 1.6
9297,524,0x020C,BASELINE NED,30,391132.600,RTK Fixed | N: 44.528 m | E: -198.224 m | D: 13.663 m | Baseline: 203.623 m
9297,528,0x0210,CORR AGE,14,391132.600,1.6 s
9297,65282,0xFF02,DGNSS STATUS,12,,RTK | Signals: 15 | Latency: 1.6 s | ""
9297,258,0x0102,GPS TIME,19,391132.700,Wk: 2293 | TOW ns: -46 | GNSS
9297,259,0x0103,UTC TIME,24,391132.700,2023-12-21 12:38:34.699 (GNSS) | UTC Offset: Decoded
9297,522,0x020A,POS LLA,42,391132.700,RTK Fixed | Lat: 45.5010815 deg | Lon: 9.1560371 deg | Alt: 173.119 m | Used SVs: 15
9297,526,0x020E,VEL NED,30,391132.700,Comp. Doppler | COG: 45.00 deg | SOG: 0.01 m/s | Horiz Vel: 0.00 m/s | Vert Vel: 0.01 m/s | EHVE: 0.09 m/s | EVVE: 0.09 m/s
9297,520,0x0208,DOPS,23,391132.700,HDOP: 0.8 | PDOP: 1.6
9297,524,0x020C,BASELINE NED,30,391132.700,RTK Fixed | N: 44.528 m | E: -198.224 m | D: 13.661 m | Baseline: 203.622 m
9297,528,0x0210,CORR AGE,14,391132.700,1.7 s
9297,65282,0xFF02,DGNSS STATUS,12,,RTK | Signals: 15 | Latency: 1.7 s | ""
9297,97,0x0061,MEAS STATE,245,,Total SVs: 23 | L1: 9 | L2: 6 | G1: 5 | G2: 4 | E1: 3 | E2: 3 | B1: 6 | B2: 2 | SBAS: 1
9297,258,0x0102,GPS TIME,19,391132.800,Wk: 2293 | TOW ns: -46 | GNSS
9297,259,0x0103,UTC TIME,24,391132.800,2023-12-21 12:38:34.799 (GNSS) | UTC Offset: Decoded
9297,522,0x020A,POS LLA,42,391132.800,RTK Fixed | Lat: 45.5010815 deg | Lon: 9.1560371 deg | Alt: 173.117 m | Used SVs: 15
9297,526,0x020E,VEL NED,30,391132.800,Comp. Doppler | COG: 170.54 deg | SOG: 0.03 m/s | Horiz Vel: 0.01 m/s | Vert Vel: -0.03 m/s | EHVE: 0.09 m/s | EVVE: 0.09 m/s
9297,520,0x0208,DOPS,23,391132.800,HDOP: 0.8 | PDOP: 1.6
9297,524,0x020C,BASELINE NED,30,391132.800,RTK Fixed | N: 44.528 m | E: -198.224 m | D: 13.663 m | Baseline: 203.623 m
9297,528,0x0210,CORR AGE,14,391132.800,1.8 s
9297,65282,0xFF02,DGNSS STATUS,12,,RTK | Signals: 15 | Latency: 1.8 s | ""
9297,258,0x0102,GPS TIME,19,391132.900,Wk: 2293 | TOW ns: -46 | GNSS
9297,259,0x0103,UTC TIME,24,391132.900,2023-12-21 12:38:34.899 (GNSS) | UTC Offset: Decoded
9297,522,0x020A,POS LLA,42,391132.900,RTK Fixed | Lat: 45.5010815 deg | Lon: 9.1560371 deg | Alt: 173.118 m | Used SVs: 15
9297,526,0x020E,VEL NED,30,391132.900,Comp. Doppler | COG: 164.74 deg | SOG: 0.01 m/s | Horiz Vel: 0.01 m/s | Vert Vel: 0.00 m/s | EHVE: 0.09 m/s | EVVE: 0.09 m/s
9297,520,0x0208,DOPS,23,391132.900,HDOP: 0.8 | PDOP: 1.6
9297,524,0x020C,BASELINE NED,30,391132.900,RTK Fixed | N: 44.526 m | E: -198.223 m | D: 13.662 m | Baseline: 203.621 m
9297,528,0x0210,CORR AGE,14,391132.900,1.9 s
9297,65282,0xFF02,DGNSS STATUS,12,,RTK | Signals: 15 | Latency: 1.9 s | ""
9297,74,0x004A,OBS,257,391133.000,Msg 1 of 3 (14) [G12-L1CA:PCDAr:50.5] [G10-L1CA:PCDar:35.0] [G13-L1CA:PCDAr:50.8] [G15-L1CA:PCDAr:52.3] [G17-L1CA:PCDAr:45.8] [G19-L1CA:PCDAr:50.3] [G22-L1CA:PCDAr:44.8] [G24-L1CA:PCDAr:49.8] [G23-L1CA:PCDAr:43.5] [G24-L2CM:PCDAr:50.0] [G15-L2CM:PCDAr:49.5] [G17-L2CM:PCDAr:44.3] [G12-L2CM:PCDAr:46.8] [G23-L2CM:PCDAr:45.3]
9297,74,0x004A,OBS,257,391133.000,Msg 2 of 3 (14) [G10-L2CM:PCDAr:34.8] [R11-L1OF:PCDAr:52.8] [R2-L1OF:PCDAr:41.3] [R1-L1OF:PCDAr:46.8] [R8-L1OF:PCDAr:51.8] [R20-L1OF:PCDAr:42.3] [R11-L2OF:PCDAr:49.3] [R1-L2OF:PCDAr:41.5] [R8-L2OF:PCDAr:51.8] [B24-B1:PCDAr:50.8] [B10-B1:PCDAr:43.0] [B26-B1:PCDAr:52.5] [B33-B1:PCDAr:47.0] [B35-B1:PCDAr:50.3]
9297,74,0x004A,OBS,172,391133.000,Msg 3 of 3 (9) [B14-B1:PCDAr:47.8] [B10-B2:PCDAr:44.5] [B14-B2:PCDAr:52.0] [E4-E1B:PCDAr:46.8] [E19-E1B:PCDAr:49.5] [E21-E1B:PCDAr:50.5] [E4-E7I:PCDAr:48.3] [E19-E7I:PCDAr:49.3] [E21-E7I:PCDAr:51.0]
9297,117,0x0075,GLO BIASES,17,,L1C: 0.00 m | L1P: 0.00 m | L2C: 0.00 m | L2P: 0.00 m
9297,258,0x0102,GPS TIME,19,391133.000,Wk: 2293 | TOW ns: -46 | GNSS
9297,259,0x0103,UTC TIME,24,391133.000,2023-12-21 12:38:34.999 (GNSS) | UTC Offset: Decoded
9297,522,0x020A,POS LLA,42,391133.000,RTK Fixed | Lat: 45.5010815 deg | Lon: 9.1560371 deg | Alt: 173.116 m | Used SVs: 15
9297,526,0x020E,VEL NED,30,391133.000,Comp. Doppler | COG: 26.57 deg | SOG: 0.02 m/s | Horiz Vel: 0.01 m/s | Vert Vel: -0.02 m/s | EHVE: 0.09 m/s | EVVE: 0.09 m/s
9297,520,0x0208,DOPS,23,391133.000,HDOP: 0.8 | PDOP: 1.6
9297,524,0x020C,BASELINE NED,30,391133.000,RTK Fixed | N: 44.527 m | E: -198.223 m | D: 13.664 m | Baseline: 203.622 m
9297,528,0x0210,CORR AGE,14,391133.000,2.0 s
9297,65282,0xFF02,DGNSS STATUS,12,,RTK | Signals: 15 | Latency: 2.0 s | ""
9297,258,0x0102,GPS TIME,19,391133.100,Wk: 2293 | TOW ns: -46 | GNSS
9297,259,0x0103,UTC TIME,24,391133.100,2023-12-21 12:38:35.099 (GNSS) | UTC Offset: Decoded
9297,522,0x020A,POS LLA,42,391133.100,RTK Fixed | Lat: 45.5010815 deg | Lon: 9.1560371 deg | Alt: 173.114 m | Used SVs: 15
9297,526,0x020E,VEL NED,30,391133.100,Comp. Doppler | COG: 14.04 deg | SOG: 0.02 m/s | Horiz Vel: 0.00 m/s | Vert Vel: -0.02 m/s | EHVE: 0.09 m/s | EVVE: 0.09 m/s
9297,520,0x0208,DOPS,23,391133.100,HDOP: 0.8 | PDOP: 1.6
9297,524,0x020C,BASELINE NED,30,391133.100,RTK Fixed | N: 44.528 m | E: -198.223 m | D: 13.665 m | Baseline: 203.622 m
9297,528,0x0210,CORR AGE,14,391133.100,2.1 s
9297,65282,0xFF02,DGNSS STATUS,12,,RTK | Signals: 15 | Latency: 2.1 s | ""
9297,258,0x0102,GPS TIME,19,391133.200,Wk: 2293 | TOW ns: -46 | GNSS
9297,259,0x0103,UTC TIME,24,391133.200,2023-12-21 12:38:35.199 (GNSS) | UTC Offset: Decoded
9297,522,0x020A,POS LLA,42,391133.200,RTK Fixed | Lat: 45.5010815 deg | Lon: 9.1560371 deg | Alt: 173.118 m | Used SVs: 15
9297,526,0x020E,VEL NED,30,391133.200,Comp. Doppler | COG: 206.57 deg | SOG: 0.03 m/s | Horiz Vel: 0.00 m/s | Vert Vel: 0.03 m/s | EHVE: 0.09 m/s | EVVE: 0.09 m/s
9297,520,0x0208,DOPS,23,391133.200,HDOP: 0.8 | PDOP: 1.6
9297,524,0x020C,BASELINE NED,30,391133.200,RTK Fixed | N: 44.528 m | E: -198.223 m | D: 13.661 m | Baseline: 203.622 m
9297,528,0x0210,CORR AGE,14,391133.200,2.2 s
9297,65282,0xFF02,DGNSS STATUS,12,,RTK | Signals: 15 | Latency: 2.2 s | ""
0,74,0x004A,OBS,257,391132.000,Msg 3 of 3 (14) [B14-B1:PCDAr:48.3] [B10-B1:PCDAr:41.8] [B29-B1:PCDAr:47.5] [B10-B2:PCDAr:46.3] [B7-B2:PCDAr:41.3] [B14-B2:PCDAr:53.8] [E4-E1B:PCDAr:50.3] [E27-E1B:PCDAr:41.8] [E19-E1B:PCDAr:46.0] [E21-E1B:PCDAr:51.8] [E4-E7I:PCDAr:53.3] [E21-E7I:PCDAr:53.3] [E27-E7I:PCDAr:42.0] [E19-E7I:PCDAr:48.3]
0,72,0x0048,BASE POS ECEF,32,,X: 4421114.209 m | Y: 712784.166 m | Z: 4526655.471 m (Lat: 45.5006809 deg | Lon: 9.1585732 deg | Alt: 186.776 m)
0,74,0x004A,OBS,257,391133.000,Msg 1 of 3 (14) [G10-L1CA:PCDAr:45.5] [G23-L1CA:PCDAr:47.0] [G15-L1CA:PCDAr:54.3] [G13-L1CA:PCDAr:52.0] [G14-L1CA:PCDAr:44.0] [G19-L1CA:PCDAr:51.3] [G24-L1CA:PCDAr:54.8] [G22-L1CA:PCDAr:49.3] [G17-L1CA:PCDAr:48.0] [G12-L1CA:PCDAr:52.8] [G10-L2CM:PCDAr:44.8] [G23-L2CM:PCDAr:45.5] [G24-L2CM:PCDAr:53.0] [G15-L2CM:PCDAr:49.0]
9297,97,0x0061,MEAS STATE,245,,Total SVs: 19 | L1: 9 | L2: 6 | G1: 0 | G2: 0 | E1: 3 | E2: 3 | B1: 6 | B2: 2 | SBAS: 1
0,74,0x004A,OBS,257,391133.000,Msg 2 of 3 (14) [G14-L2CM:PCDAr:41.0] [G17-L2CM:PCDAr:43.8] [G12-L2CM:PCDAr:47.0] [R1-L1OF:PCDAr:51.0] [R8-L1OF:PCDAr:46.8] [R11-L1OF:PCDAr:55.8] [R10-L1OF:PCDAr:49.3] [R11-L2OF:PCDAr:51.8] [R1-L2OF:PCDAr:44.8] [B7-B1:PCDAr:42.5] [B35-B1:PCDAr:45.5] [B24-B1:PCDAr:53.5] [B33-B1:PCDAr:50.3] [B26-B1:PCDAr:53.5]
9297,30583,0x7777,SBAS RAW,42,,
9297,258,0x0102,GPS TIME,19,391133.300,Wk: 2293 | TOW ns: -45 | GNSS
9297,259,0x0103,UTC TIME,24,391133.300,2023-12-21 12:38:35.299 (GNSS) | UTC Offset: Decoded
9297,522,0x020A,POS LLA,42,391133.300,RTK Fixed | Lat: 45.5010815 deg | Lon: 9.1560371 deg | Alt: 173.117 m | Used SVs: 15
9297,526,0x020E,VEL NED,30,391133.300,Comp. Doppler | COG: 168.69 deg | SOG: 0.03 m/s | Horiz Vel: 0.01 m/s | Vert Vel: -0.03 m/s | EHVE: 0.09 m/s | EVVE: 0.09 m/s
9297,520,0x0208,DOPS,23,391133.300,HDOP: 0.8 | PDOP: 1.6
9297,524,0x020C,BASELINE NED,30,391133.300,RTK Fixed | N: 44.527 m | E: -198.223 m | D: 13.663 m | Baseline: 203.621 m
9297,528,0x0210,CORR AGE,14,391133.300,2.3 s
9297,65282,0xFF02,DGNSS STATUS,12,,RTK | Signals: 15 | Latency: 2.3 s | ""
9297,151,0x0097,SV AZ EL,116,,(27) [G10 312 17] [G12 226 36] [G13 148 35] [G14 54 11] [G15 196 57] [G17 62 33] [G19 98 40] [G22 52 31] [G23 272 24] [G24 310 71] [G25 234 2] [R1 294 54] [R2 334 12] [R8 196 43] [R9 62 10] [R11 286 58] [R12 254 7] [R20 94 15] [B10 54 29] [B14 244 47] [B24 274 57] [B26 56 65] [B33 284 42] [B35 108 23] [E4 296 55] [E19 168 54] [E21 56 65]
9297,258,0x0102,GPS TIME,19,391133.400,Wk: 2293 | TOW ns: -44 | GNSS
9297,259,0x0103,UTC TIME,24,391133.400,2023-12-21 12:38:35.399 (GNSS) | UTC Offset: Decoded
9297,522,0x020A,POS LLA,42,391133.400,RTK Fixed | Lat: 45.5010815 deg | Lon: 9.1560371 deg | Alt: 173.119 m | Used SVs: 15
9297,526,0x020E,VEL NED,30,391133.400,Comp. Doppler | COG: 135.00 deg | SOG: 0.01 m/s | Horiz Vel: 0.00 m/s | Vert Vel: 0.01 m/s | EHVE: 0.09 m/s | EVVE: 0.09 m/s
9297,520,0x0208,DOPS,23,391133.400,HDOP: 0.8 | PDOP: 1.6
9297,524,0x020C,BASELINE NED,30,391133.400,RTK Fixed | N: 44.526 m | E: -198.223 m | D: 13.660 m | Baseline: 203.621 m
9297,528,0x0210,CORR AGE,14,391133.400,1.4 s
9297,65282,0xFF02,DGNSS STATUS,12,,RTK | Signals: 15 | Latency: 1.4 s | ""
9297,65535,0xFFFF,HEARTBEAT,12,,ANT OK | NAP OK | IO OK | SYS OK
9297,117,0x0075,GLO BIASES,17,,L1C: 0.00 m | L1P: 0.00 m | L2C: 0.00 m | L2P: 0.00 m
9297,258,0x0102,GPS TIME,19,391133.500,Wk: 2293 | TOW ns: -44 | GNSS
9297,259,0x0103,UTC TIME,24,391133.500,2023-12-21 12:38:35.499 (GNSS) | UTC Offset: Decoded
9297,522,0x020A,POS LLA,42,391133.500,RTK Fixed | Lat: 45.5010815 deg | Lon: 9.1560371 deg | Alt: 173.118 m | Used SVs: 15
9297,526,0x020E,VEL NED,30,391133.500,Comp. Doppler | COG: 338.20 deg | SOG: 0.02 m/s | Horiz Vel: 0.01 m/s | Vert Vel: -0.01 m/s | EHVE: 0.09 m/s | EVVE: 0.09 m/s
9297,520,0x0208,DOPS,23,391133.500,HDOP: 0.8 | PDOP: 1.6
9297,524,0x020C,BASELINE NED,30,391133.500,RTK Fixed | N: 44.527 m | E: -198.223 m | D: 13.662 m | Baseline: 203.621 m
9297,528,0x0210,CORR AGE,14,391133.500,1.5 s
9297,65282,0xFF02,DGNSS STATUS,12,,RTK | Signals: 15 | Latency: 1.5 s | ""
9297,258,0x0102,GPS TIME,19,391133.600,Wk: 2293 | TOW ns: -44 | GNSS
9297,259,0x0103,UTC TIME,24,391133.600,2023-12-21 12:38:35.599 (GNSS) | UTC Offset: Decoded
9297,522,0x020A,POS LLA,42,391133.600,RTK Fixed | Lat: 45.5010815 deg | Lon: 9.1560371 deg | Alt: 173.116 m | Used SVs: 15
9297,526,0x020E,VEL NED,30,391133.600,Comp. Doppler | COG: 149.04 deg | SOG: 0.02 m/s | Horiz Vel: 0.01 m/s | Vert Vel: -0.01 m/s | EHVE: 0.09 m/s | EVVE: 0.09 m/s
9297,520,0x0208,DOPS,23,391133.600,HDOP: 0.8 | PDOP: 1.6
9297,524,0x020C,BASELINE NED,30,391133.600,RTK Fixed | N: 44.526 m | E: -198.223 m | D: 13.663 m | Baseline: 203.621 m
9297,528,0x0210,CORR AGE,14,391133.600,1.6 s
9297,65282,0xFF02,DGNSS STATUS,12,,RTK | Signals: 15 | Latency: 1.6 s | ""
9297,258,0x0102,GPS TIME,19,391133.700,Wk: 2293 | TOW ns: -44 | GNSS
9297,259,0x0103,UTC TIME,24,391133.700,2023-12-21 12:38:35.699 (GNSS) | UTC Offset: Decoded
9297,522,0x020A,POS LLA,42,391133.700,RTK Fixed | Lat: 45.5010815 deg | Lon: 9.1560371 deg | Alt: 173.115 m | Used SVs: 15
9297,526,0x020E,VEL NED,30,391133.700,Comp. Doppler | COG: 135.00 deg | SOG: 0.01 m/s | Horiz Vel: 0.00 m/s | Vert Vel: -0.01 m/s | EHVE: 0.09 m/s | EVVE: 0.09 m/s
9297,520,0x0208,DOPS,23,391133.700,HDOP: 0.8 | PDOP: 1.6
9297,524,0x020C,BASELINE NED,30,391133.700,RTK Fixed | N: 44.526 m | E: -198.223 m | D: 13.664 m | Baseline: 203.621 m
9297,528,0x0210,CORR AGE,14,391133.700,1.7 s
9297,65282,0xFF02,DGNSS STATUS,12,,RTK | Signals: 15 | Latency: 1.7 s | ""
9297,97,0x0061,MEAS STATE,245,,Total SVs: 23 | L1: 9 | L2: 6 | G1: 5 | G2: 4 | E1: 3 | E2: 3 | B1: 6 | B2: 2 | SBAS: 1
9297,258,0x0102,GPS TIME,19,391133.800,Wk: 2293 | TOW ns: -44 | GNSS
9297,259,0x0103,UTC TIME,24,391133.800,2023-12-21 12:38:35.799 (GNSS) | UTC Offset: Decoded
9297,522,0x020A,POS LLA,42,391133.800,RTK Fixed | Lat: 45.5010815 deg | Lon: 9.1560371 deg | Alt: 173.117 m | Used SVs: 15
9297,526,0x020E,VEL NED,30,391133.800,Comp. Doppler | COG: 45.00 deg | SOG: 0.01 m/s | Horiz Vel: 0.01 m/s | Vert Vel: 0.00 m/s | EHVE: 0.09 m/s | EVVE: 0.09 m/s
9297,520,0x0208,DOPS,23,391133.800,HDOP: 0.8 | PDOP: 1.6
9297,524,0x020C,BASELINE NED,30,391133.800,RTK Fixed | N: 44.526 m | E: -198.222 m | D: 13.662 m | Baseline: 203.620 m
9297,528,0x0210,CORR AGE,14,391133.800,1.8 s
9297,65282,0xFF02,DGNSS STATUS,12,,RTK | Signals: 15 | Latency: 1.8 s | ""
9297,258,0x0102,GPS TIME,19,391133.900,Wk: 2293 | TOW ns: -44 | GNSS
9297,259,0x0103,UTC TIME,24,391133.900,2023-12-21 12:38:35.899 (GNSS) | UTC Offset: Decoded
9297,522,0x020A,POS LLA,42,391133.900,RTK Fixed | Lat: 45.5010815 deg | Lon: 9.1560371 deg | Alt: 173.116 m | Used SVs: 15
9297,526,0x020E,VEL NED,30,391133.900,Comp. Doppler | COG: 167.01 deg | SOG: 0.02 m/s | Horiz Vel: 0.01 m/s | Vert Vel: -0.01 m/s | EHVE: 0.09 m/s | EVVE: 0.09 m/s
9297,520,0x0208,DOPS,23,391133.900,HDOP: 0.8 | PDOP: 1.6
9297,524,0x020C,BASELINE NED,30,391133.900,RTK Fixed | N: 44.525 m | E: -198.222 m | D: 13.664 m | Baseline: 203.620 m
9297,528,0x0210,CORR AGE,14,391133.900,1.9 s
9297,65282,0xFF02,DGNSS STATUS,12,,RTK | Signals: 15 | Latency: 1.9 s | ""
9297,74,0x004A,OBS,257,391134.000,Msg 1 of 3 (14) [G12-L1CA:PCDAr:50.5] [G10-L1CA:PCDar:34.3] [G13-L1CA:PCDAr:50.8] [G15-L1CA:PCDAr:52.3] [G17-L1CA:PCDAr:45.8] [G19-L1CA:PCDAr:50.0] [G22-L1CA:PCDAr:44.8] [G24-L1CA:PCDAr:50.0] [G23-L1CA:PCDAr:43.5] [G24-L2CM:PCDAr:50.3] [G15-L2CM:PCDAr:49.5] [G17-L2CM:PCDAr:44.3] [G12-L2CM:PCDAr:47.0] [G23-L2CM:PCDAr:45.3]
9297,74,0x004A,OBS,257,391134.000,Msg 2 of 3 (14) [R11-L1OF:PCDAr:52.8] [R2-L1OF:PCDAr:41.3] [R1-L1OF:PCDAr:46.5] [R8-L1OF:PCDAr:51.8] [R20-L1OF:PCDAr:42.3] [R11-L2OF:PCDAr:49.3] [R1-L2OF:PCDAr:41.5] [R8-L2OF:PCDAr:51.5] [B24-B1:PCDAr:50.8] [B10-B1:PCDAr:43.3] [B26-B1:PCDAr:52.5] [B33-B1:PCDAr:47.5] [B35-B1:PCDAr:50.5] [B14-B1:PCDAr:48.0]
9297,74,0x004A,OBS,155,391134.000,Msg 3 of 3 (8) [B10-B2:PCDAr:44.8] [B14-B2:PCDAr:52.0] [E4-E1B:PCDAr:46.5] [E19-E1B:PCDAr:49.5] [E21-E1B:PCDAr:50.5] [E4-E7I:PCDAr:48.3] [E19-E7I:PCDAr:49.5] [E21-E7I:PCDAr:51.0]
9297,117,0x0075,GLO BIASES,17,,L1C: 0.00 m | L1P: 0.00 m | L2C: 0.00 m | L2P: 0.00 m
9297,258,0x0102,GPS TIME,19,391134.000,Wk: 2293 | TOW ns: -44 | GNSS
9297,259,0x0103,UTC TIME,24,391134.000,2023-12-21 12:38:35.999 (GNSS) | UTC Offset: Decoded
9297,522,0x020A,POS LLA,42,391134.000,RTK Fixed | Lat: 45.5010815 deg | Lon: 9.1560371 deg | Alt: 173.117 m | Used SVs: 15
9297,526,0x020E,VEL NED,30,391134.000,Comp. Doppler | COG: 315.00 deg | SOG: 0.02 m/s | Horiz Vel: 0.01 m/s | Vert Vel: 0.01 m/s | EHVE: 0.09 m/s | EVVE: 0.09 m/s
9297,520,0x0208,DOPS,23,391134.000,HDOP: 0.8 | PDOP: 1.6
9297,524,0x020C,BASELINE NED,30,391134.000,RTK Fixed | N: 44.526 m | E: -198.223 m | D: 13.662 m | Baseline: 203.621 m
9297,528,0x0210,CORR AGE,14,391134.000,2.0 s
9297,65282,0xFF02,DGNSS STATUS,12,,RTK | Signals: 15 | Latency: 2.0 s | ""
9297,258,0x0102,GPS TIME,19,391134.100,Wk: 2293 | TOW ns: -44 | GNSS
9297,259,0x0103,UTC TIME,24,391134.100,2023-12-21 12:38:36.099 (GNSS) | UTC Offset: Decoded
9297,522,0x020A,POS LLA,42,391134.100,RTK Fixed | Lat: 45.5010815 deg | Lon: 9.1560371 deg | Alt: 173.117 m | Used SVs: 15
9297,526,0x020E,VEL NED,30,391134.100,Comp. Doppler | COG: 129.81 deg | SOG: 0.02 m/s | Horiz Vel: 0.02 m/s | Vert Vel: 0.00 m/s | EHVE: 0.09 m/s | EVVE: 0.09 m/s
9297,520,0x0208,DOPS,23,391134.100,HDOP: 0.8 | PDOP: 1.6
9297,524,0x020C,BASELINE NED,30,391134.100,RTK Fixed | N: 44.526 m | E: -198.222 m | D: 13.662 m | Baseline: 203.620 m
9297,528,0x0210,CORR AGE,14,391134.100,2.1 s
9297,65282,0xFF02,DGNSS STATUS,12,,RTK | Signals: 15 | Latency: 2.1 s | ""
9297,258,0x0102,GPS TIME,19,391134.200,Wk: 2293 | TOW ns: -44 | GNSS
9297,259,0x0103,UTC TIME,24,391134.200,2023-12-21 12:38:36.199 (GNSS) | UTC Offset: Decoded
9297,522,0x020A,POS LLA,42,391134.200,RTK Fixed | Lat: 45.5010815 deg | Lon: 9.1560371 deg | Alt: 173.118 m | Used SVs: 15
9297,526,0x020E,VEL NED,30,391134.200,Comp. Doppler | COG: 326.31 deg | SOG: 0.01 m/s | Horiz Vel: 0.01 m/s | Vert Vel: 0.01 m/s | EHVE: 0.09 m/s | EVVE: 0.09 m/s
9297,520,0x0208,DOPS,23,391134.200,HDOP: 0.8 | PDOP: 1.6
9297,524,0x020C,BASELINE NED,30,391134.200,RTK Fixed | N: 44.526 m | E: -198.222 m | D: 13.661 m | Baseline: 203.620 m
9297,528,0x0210,CORR AGE,14,391134.200,2.2 s
9297,65282,0xFF02,DGNSS STATUS,12,,RTK | Signals: 15 | Latency: 2.2 s | ""
0,74,0x004A,OBS,257,391133.000,Msg 3 of 3 (14) [B14-B1:PCDAr:48.3] [B10-B1:PCDAr:41.5] [B29-B1:PCDAr:47.3] [B10-B2:PCDAr:46.3] [B7-B2:PCDAr:41.0] [B14-B2:PCDAr:53.5] [E4-E1B:PCDAr:50.3] [E27-E1B:PCDAr:41.5] [E19-E1B:PCDAr:46.0] [E21-E1B:PCDAr:51.8] [E4-E7I:PCDAr:53.3] [E21-E7I:PCDAr:53.5] [E27-E7I:PCDAr:42.0] [E19-E7I:PCDAr:48.3]
0,72,0x0048,BASE POS ECEF,32,,X: 4421114.209 m | Y: 712784.166 m | Z: 4526655.471 m (Lat: 45.5006809 deg | Lon: 9.1585732 deg | Alt: 186.776 m)
9297,97,0x0061,MEAS STATE,245,,Total SVs: 19 | L1: 9 | L2: 6 | G1: 0 | G2: 0 | E1: 3 | E2: 3 | B1: 6 | B2: 2 | SBAS: 1
0,74,0x004A,OBS,257,391134.000,Msg 1 of 3 (14) [G10-L1CA:PCDAr:45.3] [G23-L1CA:PCDAr:47.0] [G15-L1CA:PCDAr:54.0] [G13-L1CA:PCDAr:51.8] [G14-L1CA:PCDAr:43.8] [G19-L1CA:PCDAr:51.3] [G24-L1CA:PCDAr:54.5] [G22-L1CA:PCDAr:49.0] [G17-L1CA:PCDAr:48.0] [G12-L1CA:PCDAr:52.5] [G10-L2CM:PCDAr:44.5] [G23-L2CM:PCDAr:45.5] [G24-L2CM:PCDAr:52.8] [G15-L2CM:PCDAr:48.8]
9297,258,0x0102,GPS TIME,19,391134.300,Wk: 2293 | TOW ns: -43 | GNSS
9297,259,0x0103,UTC TIME,24,391134.300,2023-12-21 12:38:36.299 (GNSS) | UTC Offset: Decoded
9297,522,0x020A,POS LLA,42,391134.300,RTK Fixed | Lat: 45.5010815 deg | Lon: 9.1560371 deg | Alt: 173.116 m | Used SVs: 15
9297,526,0x020E,VEL NED,30,391134.300,Comp. Doppler | COG: 306.87 deg | SOG: 0.02 m/s | Horiz Vel: 0.01 m/s | Vert Vel: -0.02 m/s | EHVE: 0.09 m/s | EVVE: 0.09 m/s
9297,520,0x0208,DOPS,23,391134.300,HDOP: 0.8 | PDOP: 1.6
9297,524,0x020C,BASELINE NED,30,391134.300,RTK Fixed | N: 44.527 m | E: -198.223 m | D: 13.663 m | Baseline: 203.621 m
9297,528,0x0210,CORR AGE,14,391134.300,2.3 s
9297,65282,0xFF02,DGNSS STATUS,12,,RTK | Signals: 15 | Latency: 2.3 s | ""
0,74,0x004A,OBS,257,391134.000,Msg 2 of 3 (14) [G14-L2CM:PCDAr:41.0] [G17-L2CM:PCDAr:43.8] [G12-L2CM:PCDAr:47.0] [R1-L1OF:PCDAr:51.0] [R8-L1OF:PCDAr:46.5] [R11-L1OF:PCDAr:55.8] [R10-L1OF:PCDAr:49.3] [R11-L2OF:PCDAr:51.8] [R1-L2OF:PCDAr:44.5] [B7-B1:PCDAr:42.8] [B35-B1:PCDAr:45.8] [B24-B1:PCDAr:53.8] [B33-B1:PCDAr:50.5] [B26-B1:PCDAr:53.8]
9297,30583,0x7777,SBAS RAW,42,,
9297,258,0x0102,GPS TIME,19,391134.400,Wk: 2293 | TOW ns: -42 | GNSS
9297,259,0x0103,UTC TIME,24,391134.400,2023-12-21 12:38:36.399 (GNSS) | UTC Offset: Decoded
9297,522,0x020A,POS LLA,42,391134.400,RTK Fixed | Lat: 45.5010815 deg | Lon: 9.1560371 deg | Alt: 173.118 m | Used SVs: 15
9297,526,0x020E,VEL NED,30,391134.400,Comp. Doppler | COG: 243.43 deg | SOG: 0.01 m/s | Horiz Vel: 0.00 m/s | Vert Vel: 0.00 m/s | EHVE: 0.09 m/s | EVVE: 0.09 m/s
9297,520,0x0208,DOPS,23,391134.400,HDOP: 0.8 | PDOP: 1.6
9297,524,0x020C,BASELINE NED,30,391134.400,RTK Fixed | N: 44.529 m | E: -198.225 m | D: 13.662 m | Baseline: 203.624 m
9297,528,0x0210,CORR AGE,14,391134.400,1.4 s
9297,65282,0xFF02,DGNSS STATUS,12,,RTK | Signals: 15 | Latency: 1.4 s | ""
9297,65535,0xFFFF,HEARTBEAT,12,,ANT OK | NAP OK | IO OK | SYS OK
9297,23,0x0017,THREAD STATE,34,,main | 0.0 % | 65532 B
9297,23,0x0017,THREAD STATE,34,,idle | 2.1 % | 124 B
9297,23,0x0017,THREAD STATE,34,,rpmsg | 0.2 % | 3588 B
9297,23,0x0017,THREAD STATE,34,,rpmsg_imu | 0.0 % | 3660 B
9297,23,0x0017,THREAD STATE,34,,SBP | 0.0 % | 65532 B
9297,23,0x0017,THREAD STATE,34,,NAP | 0.0 % | 32812 B
9297,23,0x0017,THREAD STATE,34,,manage PV | 0.0 % | 1044 B
9297,23,0x0017,THREAD STATE,34,,IMU | 0.0 % | 2044 B
9297,23,0x0017,THREAD STATE,34,,IMU aux | 0.0 % | 2164 B
9297,23,0x0017,THREAD STATE,34,,ndb | 0.0 % | 3176 B
9297,23,0x0017,THREAD STATE,34,,NAP Tracking | 25.7 % | 30476 B
9297,23,0x0017,THREAD STATE,34,,decode | 0.6 % | 1588 B
9297,23,0x0017,THREAD STATE,34,,manage acq | 31.7 % | 30452 B
9297,23,0x0017,THREAD STATE,34,,system monitor | 0.1 % | 1548 B
9297,23,0x0017,THREAD STATE,34,,Watchdog | 0.0 % | 1108 B
9297,23,0x0017,THREAD STATE,34,,starling | 31.9 % | 65532 B
9297,23,0x0017,THREAD STATE,34,,time matched obs | 6.9 % | 65532 B
9297,23,0x0017,THREAD STATE,34,,me_calc_pvt | 0.8 % | 18804 B
9297,23,0x0017,THREAD STATE,34,,PPS | 0.0 % | 1840 B
9297,23,0x0017,THREAD STATE,34,,spectrum analyzer | 0.0 % | 4044 B
9297,151,0x0097,SV AZ EL,116,,(27) [G10 312 17] [G12 226 36] [G13 148 35] [G14 54 11] [G15 196 57] [G17 62 33] [G19 98 40] [G22 52 31] [G23 272 24] [G24 310 71] [G25 234 2] [R1 294 54] [R2 334 12] [R8 196 43] [R9 62 10] [R11 286 58] [R12 254 7] [R20 94 15] [B10 54 29] [B14 244 47] [B24 274 57] [B26 56 65] [B33 284 42] [B35 108 23] [E4 296 55] [E19 168 54] [E21 56 65]
9297,117,0x0075,GLO BIASES,17,,L1C: 0.00 m | L1P: 0.00 m | L2C: 0.00 m | L2P: 0.00 m
9297,258,0x0102,GPS TIME,19,391134.500,Wk: 2293 | TOW ns: -42 | GNSS
9297,259,0x0103,UTC TIME,24,391134.500,2023-12-21 12:38:36.499 (GNSS) | UTC Offset: Decoded
9297,522,0x020A,POS LLA,42,391134.500,RTK Fixed | Lat: 45.5010816 deg | Lon: 9.1560371 deg | Alt: 173.119 m | Used SVs: 15
9297,526,0x020E,VEL NED,30,391134.500,Comp. Doppler | COG: 40.60 deg | SOG: 0.01 m/s | Horiz Vel: 0.01 m/s | Vert Vel: 0.01 m/s | EHVE: 0.09 m/s | EVVE: 0.09 m/s
9297,520,0x0208,DOPS,23,391134.500,HDOP: 0.8 | PDOP: 1.6
9297,524,0x020C,BASELINE NED,30,391134.500,RTK Fixed | N: 44.529 m | E: -198.225 m | D: 13.660 m | Baseline: 203.624 m
9297,528,0x0210,CORR AGE,14,391134.500,1.5 s
9297,65282,0xFF02,DGNSS STATUS,12,,RTK | Signals: 15 | Latency: 1.5 s | ""
9297,258,0x0102,GPS TIME,19,391134.600,Wk: 2293 | TOW ns: -42 | GNSS
9297,259,0x0103,UTC TIME,24,391134.600,2023-12-21 12:38:36.599 (GNSS) | UTC Offset: Decoded
9297,522,0x020A,POS LLA,42,391134.600,RTK Fixed | Lat: 45.5010816 deg | Lon: 9.1560371 deg | Alt: 173.117 m | Used SVs: 15
9297,526,0x020E,VEL NED,30,391134.600,Comp. Doppler | COG: 23.96 deg | SOG: 0.02 m/s | Horiz Vel: 0.01 m/s | Vert Vel: -0.02 m/s | EHVE: 0.09 m/s | EVVE: 0.09 m/s
9297,520,0x0208,DOPS,23,391134.600,HDOP: 0.8 | PDOP: 1.6
9297,524,0x020C,BASELINE NED,30,391134.600,RTK Fixed | N: 44.530 m | E: -198.224 m | D: 13.662 m | Baseline: 203.623 m
9297,528,0x0210,CORR AGE,14,391134.600,1.6 s
9297,65282,0xFF02,DGNSS STATUS,12,,RTK | Signals: 15 | Latency: 1.6 s | ""
9297,258,0x0102,GPS TIME,19,391134.700,Wk: 2293 | TOW ns: -42 | GNSS
9297,259,0x0103,UTC TIME,24,391134.700,2023-12-21 12:38:36.699 (GNSS) | UTC Offset: Decoded
9297,522,0x020A,POS LLA,42,391134.700,RTK Fixed | Lat: 45.5010816 deg | Lon: 9.1560371 deg | Alt: 173.117 m | Used SVs: 15
9297,526,0x020E,VEL NED,30,391134.700,Comp. Doppler | COG: 173.29 deg | SOG: 0.02 m/s | Horiz Vel: 0.02 m/s | Vert Vel: -0.01 m/s | EHVE: 0.09 m/s | EVVE: 0.09 m/s
9297,520,0x0208,DOPS,23,391134.700,HDOP: 0.8 | PDOP: 1.6
9297,524,0x020C,BASELINE NED,30,391134.700,RTK Fixed | N: 44.529 m | E: -198.224 m | D: 13.663 m | Baseline: 203.623 m
9297,528,0x0210,CORR AGE,14,391134.700,1.7 s
9297,65282,0xFF02,DGNSS STATUS,12,,RTK | Signals: 15 | Latency: 1.7 s | ""
9297,97,0x0061,MEAS STATE,245,,Total SVs: 23 | L1: 9 | L2: 6 | G1: 5 | G2: 4 | E1: 3 | E2: 3 | B1: 6 | B2: 2 | SBAS: 1
9297,258,0x0102,GPS TIME,19,391134.800,Wk: 2293 | TOW ns: -42 | GNSS
9297,259,0x0103,UTC TIME,24,391134.800,2023-12-21 12:38:36.799 (GNSS) | UTC Offset: Decoded
9297,522,0x020A,POS LLA,42,391134.800,RTK Fixed | Lat: 45.5010815 deg | Lon: 9.1560371 deg | Alt: 173.117 m | Used SVs: 15
9297,526,0x020E,VEL NED,30,391134.800,Comp. Doppler | COG: 131.99 deg | SOG: 0.01 m/s | Horiz Vel: 0.01 m/s | Vert Vel: -0.01 m/s | EHVE: 0.09 m/s | EVVE: 0.09 m/s
9297,520,0x0208,DOPS,23,391134.800,HDOP: 0.8 | PDOP: 1.6
9297,524,0x020C,BASELINE NED,30,391134.800,RTK Fixed | N: 44.528 m | E: -198.223 m | D: 13.663 m | Baseline: 203.622 m
9297,528,0x0210,CORR AGE,14,391134.800,1.8 s
9297,65282,0xFF02,DGNSS STATUS,12,,RTK | Signals: 15 | Latency: 1.8 s | ""
9297,258,0x0102,GPS TIME,19,391134.900,Wk: 2293 | TOW ns: -42 | GNSS
9297,259,0x0103,UTC TIME,24,391134.900,2023-12-21 12:38:36.899 (GNSS) | UTC Offset: Decoded
9297,522,0x020A,POS LLA,42,391134.900,RTK Fixed | Lat: 45.5010815 deg | Lon: 9.1560371 deg | Alt: 173.115 m | Used SVs: 15
9297,526,0x020E,VEL NED,30,391134.900,Comp. Doppler | COG: 348.69 deg | SOG: 0.03 m/s | Horiz Vel: 0.01 m/s | Vert Vel: -0.03 m/s | EHVE: 0.09 m/s | EVVE: 0.09 m/s
9297,520,0x0208,DOPS,23,391134.900,HDOP: 0.8 | PDOP: 1.6
9297,524,0x020C,BASELINE NED,30,391134.900,RTK Fixed | N: 44.529 m | E: -198.223 m | D: 13.665 m | Baseline: 203.622 m
9297,528,0x0210,CORR AGE,14,391134.900,1.9 s
9297,65282,0xFF02,DGNSS STATUS,12,,RTK | Signals: 15 | Latency: 1.9 s | ""
9297,74,0x004A,OBS,257,391135.000,Msg 1 of 3 (14) [G12-L1CA:PCDAr:50.0] [G10-L1CA:PCDar:33.5] [G13-L1CA:PCDAr:50.3] [G15-L1CA:PCDAr:51.8] [G17-L1CA:PCDAr:45.3] [G19-L1CA:PCDAr:49.8] [G22-L1CA:PCDAr:44.3] [G24-L1CA:PCDAr:49.3] [G23-L1CA:PCDAr:43.0] [G24-L2CM:PCDAr:50.0] [G15-L2CM:PCDAr:49.5] [G17-L2CM:PCDAr:44.3] [G12-L2CM:PCDAr:47.0] [G23-L2CM:PCDAr:45.3]
9297,74,0x004A,OBS,257,391135.000,Msg 2 of 3 (14) [R11-L1OF:PCDAr:53.0] [R2-L1OF:PCDAr:42.0] [R1-L1OF:PCDAr:46.8] [R8-L1OF:PCDAr:52.0] [R20-L1OF:PCDAr:42.3] [R11-L2OF:PCDAr:49.3] [R1-L2OF:PCDAr:41.0] [R8-L2OF:PCDAr:51.8] [B24-B1:PCDAr:50.8] [B10-B1:PCDAr:43.0] [B26-B1:PCDAr:52.5] [B33-B1:PCDAr:47.3] [B35-B1:PCDAr:50.5] [B14-B1:PCDAr:47.8]
9297,74,0x004A,OBS,155,391135.000,Msg 3 of 3 (8) [B10-B2:PCDAr:45.3] [B14-B2:PCDAr:52.5] [E4-E1B:PCDAr:46.3] [E19-E1B:PCDAr:49.3] [E21-E1B:PCDAr:50.5] [E4-E7I:PCDAr:48.5] [E19-E7I:PCDAr:49.5] [E21-E7I:PCDAr:51.3]
9297,117,0x0075,GLO BIASES,17,,L1C: 0.00 m | L1P: 0.00 m | L2C: 0.00 m | L2P: 0.00 m
9297,258,0x0102,GPS TIME,19,391135.000,Wk: 2293 | TOW ns: -41 | GNSS
9297,259,0x0103,UTC TIME,24,391135.000,2023-12-21 12:38:36.999 (GNSS) | UTC Offset: Decoded
9297,522,0x020A,POS LLA,42,391135.000,RTK Fixed | Lat: 45.5010815 deg | Lon: 9.1560371 deg | Alt: 173.118 m | Used SVs: 15
9297,526,0x020E,VEL NED,30,391135.000,Comp. Doppler | COG: 157.38 deg | SOG: 0.04 m/s | Horiz Vel: 0.01 m/s | Vert Vel: 0.04 m/s | EHVE: 0.09 m/s | EVVE: 0.09 m/s
9297,520,0x0208,DOPS,23,391135.000,HDOP: 0.8 | PDOP: 1.6
9297,524,0x020C,BASELINE NED,30,391135.000,RTK Fixed | N: 44.528 m | E: -198.222 m | D: 13.662 m | Baseline: 203.621 m
9297,528,0x0210,CORR AGE,14,391135.000,2.0 s
9297,65282,0xFF02,DGNSS STATUS,12,,RTK | Signals: 15 | Latency: 2.0 s | ""
9297,258,0x0102,GPS TIME,19,391135.100,Wk: 2293 | TOW ns: -41 | GNSS
9297,259,0x0103,UTC TIME,24,391135.100,2023-12-21 12:38:37.099 (GNSS) | UTC Offset: Decoded
9297,522,0x020A,POS LLA,42,391135.100,RTK Fixed | Lat: 45.5010815 deg | Lon: 9.1560371 deg | Alt: 173.117 m | Used SVs: 15
9297,526,0x020E,VEL NED,30,391135.100,Comp. Doppler | COG: 159.44 deg | SOG: 0.02 m/s | Horiz Vel: 0.02 m/s | Vert Vel: -0.01 m/s | EHVE: 0.09 m/s | EVVE: 0.09 m/s
9297,520,0x0208,DOPS,23,391135.100,HDOP: 0.8 | PDOP: 1.6
9297,524,0x020C,BASELINE NED,30,391135.100,RTK Fixed | N: 44.527 m | E: -198.222 m | D: 13.663 m | Baseline: 203.620 m
9297,528,0x0210,CORR AGE,14,391135.100,2.1 s
9297,65282,0xFF02,DGNSS STATUS,12,,RTK | Signals: 15 | Latency: 2.1 s | ""
9297,258,0x0102,GPS TIME,19,391135.200,Wk: 2293 | TOW ns: -41 | GNSS
9297,259,0x0103,UTC TIME,24,391135.200,2023-12-21 12:38:37.199 (GNSS) | UTC Offset: Decoded
9297,522,0x020A,POS LLA,42,391135.200,RTK Fixed | Lat: 45.5010815 deg | Lon: 9.1560371 deg | Alt: 173.116 m | Used SVs: 15
9297,526,0x020E,VEL NED,30,391135.200,Comp. Doppler | COG: 323.13 deg | SOG: 0.01 m/s | Horiz Vel: 0.01 m/s | Vert Vel: -0.01 m/s | EHVE: 0.09 m/s | EVVE: 0.09 m/s
9297,520,0x0208,DOPS,23,391135.200,HDOP: 0.8 | PDOP: 1.6
9297,524,0x020C,BASELINE NED,30,391135.200,RTK Fixed | N: 44.528 m | E: -198.222 m | D: 13.663 m | Baseline: 203.621 m
9297,528,0x0210,CORR AGE,14,391135.200,2.2 s
9297,65282,0xFF02,DGNSS STATUS,12,,RTK | Signals: 15 | Latency: 2.2 s | ""
9297,97,0x0061,MEAS STATE,245,,Total SVs: 19 | L1: 9 | L2: 6 | G1: 0 | G2: 0 | E1: 3 | E2: 3 | B1: 6 | B2: 2 | SBAS: 1
9297,258,0x0102,GPS TIME,19,391135.300,Wk: 2293 | TOW ns: -41 | GNSS
9297,259,0x0103,UTC TIME,24,391135.300,2023-12-21 12:38:37.299 (GNSS) | UTC Offset: Decoded
9297,522,0x020A,POS LLA,42,391135.300,RTK Fixed | Lat: 45.5010815 deg | Lon: 9.1560371 deg | Alt: 173.115 m | Used SVs: 15
9297,526,0x020E,VEL NED,30,391135.300,Comp. Doppler | COG: 63.43 deg | SOG: 0.01 m/s | Horiz Vel: 0.00 m/s | Vert Vel: -0.01 m/s | EHVE: 0.10 m/s | EVVE: 0.10 m/s
9297,520,0x0208,DOPS,23,391135.300,HDOP: 0.8 | PDOP: 1.6
9297,524,0x020C,BASELINE NED,30,391135.300,RTK Fixed | N: 44.528 m | E: -198.222 m | D: 13.665 m | Baseline: 203.621 m
9297,528,0x0210,CORR AGE,14,391135.300,2.3 s
9297,65282,0xFF02,DGNSS STATUS,12,,RTK | Signals: 15 | Latency: 2.3 s | ""
0,74,0x004A,OBS,257,391134.000,Msg 3 of 3 (14) [B14-B1:PCDAr:48.5] [B10-B1:PCDAr:42.0] [B29-B1:PCDAr:47.8] [B10-B2:PCDAr:46.0] [B7-B2:PCDAr:41.0] [B14-B2:PCDAr:53.3] [E4-E1B:PCDAr:50.3] [E27-E1B:PCDAr:41.8] [E19-E1B:PCDAr:46.3] [E21-E1B:PCDAr:52.0] [E4-E7I:PCDAr:53.5] [E21-E7I:PCDAr:53.5] [E27-E7I:PCDAr:42.3] [E19-E7I:PCDAr:48.3]
0,72,0x0048,BASE POS ECEF,32,,X: 4421114.209 m | Y: 712784.166 m | Z: 4526655.471 m (Lat: 45.5006809 deg | Lon: 9.1585732 deg | Alt: 186.776 m)
0,74,0x004A,OBS,257,391135.000,Msg 1 of 3 (14) [G10-L1CA:PCDAr:45.3] [G23-L1CA:PCDAr:47.0] [G15-L1CA:PCDAr:54.3] [G13-L1CA:PCDAr:51.8] [G14-L1CA:PCDAr:44.0] [G19-L1CA:PCDAr:51.3] [G24-L1CA:PCDAr:54.8] [G22-L1CA:PCDAr:49.0] [G17-L1CA:PCDAr:48.0] [G12-L1CA:PCDAr:52.8] [G10-L2CM:PCDAr:44.5] [G23-L2CM:PCDAr:45.5] [G24-L2CM:PCDAr:52.8] [G15-L2CM:PCDAr:48.8]
0,74,0x004A,OBS,257,391135.000,Msg 2 of 3 (14) [G14-L2CM:PCDAr:41.0] [G17-L2CM:PCDAr:43.8] [G12-L2CM:PCDAr:47.0] [R1-L1OF:PCDAr:51.0] [R8-L1OF:PCDAr:46.5] [R11-L1OF:PCDAr:55.8] [R10-L1OF:PCDAr:49.5] [R11-L2OF:PCDAr:51.8] [R1-L2OF:PCDAr:44.8] [B7-B1:PCDAr:43.0] [B35-B1:PCDAr:46.0] [B24-B1:PCDAr:54.0] [B33-B1:PCDAr:50.8] [B26-B1:PCDAr:54.0]
9297,30583,0x7777,SBAS RAW,42,,
9297,258,0x0102,GPS TIME,19,391135.400,Wk: 2293 | TOW ns: -41 | GNSS
9297,259,0x0103,UTC TIME,24,391135.400,2023-12-21 12:38:37.399 (GNSS) | UTC Offset: Decoded
9297,522,0x020A,POS LLA,42,391135.400,RTK Fixed | Lat: 45.5010815 deg | Lon: 9.1560371 deg | Alt: 173.116 m | Used SVs: 15
9297,526,0x020E,VEL NED,30,391135.400,Comp. Doppler | COG: 8.13 deg | SOG: 0.01 m/s | Horiz Vel: 0.01 m/s | Vert Vel: 0.01 m/s | EHVE: 0.09 m/s | EVVE: 0.09 m/s
9297,520,0x0208,DOPS,23,391135.400,HDOP: 0.8 | PDOP: 1.6
9297,524,0x020C,BASELINE NED,30,391135.400,RTK Fixed | N: 44.528 m | E: -198.222 m | D: 13.664 m | Baseline: 203.621 m
9297,528,0x0210,CORR AGE,14,391135.400,2.4 s
9297,65282,0xFF02,DGNSS STATUS,12,,RTK | Signals: 15 | Latency: 2.4 s | ""
9297,65535,0xFFFF,HEARTBEAT,12,,ANT OK | NAP OK | IO OK | SYS OK
9297,151,0x0097,SV AZ EL,116,,(27) [G10 312 17] [G12 228 36] [G13 148 35] [G14 54 11] [G15 196 57] [G17 62 33] [G19 98 40] [G22 52 30] [G23 272 24] [G24 310 71] [G25 234 2] [R1 294 54] [R2 334 13] [R8 196 43] [R9 62 9] [R11 286 58] [R12 254 7] [R20 94 16] [B10 54 29] [B14 244 47] [B24 274 57] [B26 56 65] [B33 284 42] [B35 108 23] [E4 296 55] [E19 168 54] [E21 56 65]
9297,117,0x0075,GLO BIASES,17,,L1C: 0.00 m | L1P: 0.00 m | L2C: 0.00 m | L2P: 0.00 m
9297,181,0x00B5,DEVICE MONITOR,18,,Vin: 5.91 V | Tcpu: 36.9 C | Trf: 34.8 C
9297,258,0x0102,GPS TIME,19,391135.500,Wk: 2293 | TOW ns: -40 | GNSS
9297,259,0x0103,UTC TIME,24,391135.500,2023-12-21 12:38:37.499 (GNSS) | UTC Offset: Decoded
9297,522,0x020A,POS LLA,42,391135.500,RTK Fixed | Lat: 45.5010815 deg | Lon: 9.1560371 deg | Alt: 173.116 m | Used SVs: 15
9297,526,0x020E,VEL NED,30,391135.500,Comp. Doppler | COG: 150.26 deg | SOG: 0.01 m/s | Horiz Vel: 0.01 m/s | Vert Vel: 0.01 m/s | EHVE: 0.09 m/s | EVVE: 0.09 m/s
9297,520,0x0208,DOPS,23,391135.500,HDOP: 0.8 | PDOP: 1.6
9297,524,0x020C,BASELINE NED,30,391135.500,RTK Fixed | N: 44.528 m | E: -198.224 m | D: 13.664 m | Baseline: 203.623 m
9297,528,0x0210,CORR AGE,14,391135.500,1.5 s
9297,65282,0xFF02,DGNSS STATUS,12,,RTK | Signals: 15 | Latency: 1.5 s | ""
9297,258,0x0102,GPS TIME,19,391135.600,Wk: 2293 | TOW ns: -40 | GNSS
9297,259,0x0103,UTC TIME,24,391135.600,2023-12-21 12:38:37.599 (GNSS) | UTC Offset: Decoded
9297,522,0x020A,POS LLA,42,391135.600,RTK Fixed | Lat: 45.5010815 deg | Lon: 9.1560371 deg | Alt: 173.118 m | Used SVs: 15
9297,526,0x020E,VEL NED,30,391135.600,Comp. Doppler | COG: 255.96 deg | SOG: 0.01 m/s | Horiz Vel: 0.00 m/s | Vert Vel: 0.01 m/s | EHVE: 0.09 m/s | EVVE: 0.09 m/s
9297,520,0x0208,DOPS,23,391135.600,HDOP: 0.8 | PDOP: 1.6
9297,524,0x020C,BASELINE NED,30,391135.600,RTK Fixed | N: 44.528 m | E: -198.224 m | D: 13.662 m | Baseline: 203.623 m
9297,528,0x0210,CORR AGE,14,391135.600,1.6 s
9297,65282,0xFF02,DGNSS STATUS,12,,RTK | Signals: 15 | Latency: 1.6 s | ""
9297,258,0x0102,GPS TIME,19,391135.700,Wk: 2293 | TOW ns: -40 | GNSS
9297,259,0x0103,UTC TIME,24,391135.700,2023-12-21 12:38:37.699 (GNSS) | UTC Offset: Decoded
9297,522,0x020A,POS LLA,42,391135.700,RTK Fixed | Lat: 45.5010815 deg | Lon: 9.1560371 deg | Alt: 173.118 m | Used SVs: 15
9297,526,0x020E,VEL NED,30,391135.700,Comp. Doppler | COG: 33.69 deg | SOG: 0.00 m/s | Horiz Vel: 0.00 m/s | Vert Vel: 0.00 m/s | EHVE: 0.09 m/s | EVVE: 0.09 m/s
9297,520,0x0208,DOPS,23,391135.700,HDOP: 0.8 | PDOP: 1.6
9297,524,0x020C,BASELINE NED,30,391135.700,RTK Fixed | N: 44.528 m | E: -198.224 m | D: 13.662 m | Baseline: 203.623 m
9297,528,0x0210,CORR AGE,14,391135.700,1.7 s
9297,65282,0xFF02,DGNSS STATUS,12,,RTK | Signals: 15 | Latency: 1.7 s | ""
9297,97,0x0061,MEAS STATE,245,,Total SVs: 23 | L1: 9 | L2: 6 | G1: 5 | G2: 4 | E1: 3 | E2: 3 | B1: 6 | B2: 2 | SBAS: 1
9297,258,0x0102,GPS TIME,19,391135.800,Wk: 2293 | TOW ns: -40 | GNSS
9297,259,0x0103,UTC TIME,24,391135.800,2023-12-21 12:38:37.799 (GNSS) | UTC Offset: Decoded
9297,522,0x020A,POS LLA,42,391135.800,RTK Fixed | Lat: 45.5010815 deg | Lon: 9.1560371 deg | Alt: 173.117 m | Used SVs: 15
9297,526,0x020E,VEL NED,30,391135.800,Comp. Doppler | COG: 167.47 deg | SOG: 0.01 m/s | Horiz Vel: 0.01 m/s | Vert Vel: -0.00 m/s | EHVE: 0.09 m/s | EVVE: 0.09 m/s
9297,520,0x0208,DOPS,23,391135.800,HDOP: 0.8 | PDOP: 1.6
9297,524,0x020C,BASELINE NED,30,391135.800,RTK Fixed | N: 44.528 m | E: -198.224 m | D: 13.662 m | Baseline: 203.623 m
9297,528,0x0210,CORR AGE,14,391135.800,1.8 s
9297,65282,0xFF02,DGNSS STATUS,12,,RTK | Signals: 15 | Latency: 1.8 s | ""
9297,258,0x0102,GPS TIME,19,391135.900,Wk: 2293 | TOW ns: -39 | GNSS
9297,259,0x0103,UTC TIME,24,391135.900,2023-12-21 12:38:37.899 (GNSS) | UTC Offset: Decoded
9297,522,0x020A,POS LLA,42,391135.900,RTK Fixed | Lat: 45.5010815 deg | Lon: 9.1560371 deg | Alt: 173.116 m | Used SVs: 15
9297,526,0x020E,VEL NED,30,391135.900,Comp. Doppler | COG: 97.13 deg | SOG: 0.01 m/s | Horiz Vel: 0.01 m/s | Vert Vel: -0.01 m/s | EHVE: 0.09 m/s | EVVE: 0.09 m/s
9297,520,0x0208,DOPS,23,391135.900,HDOP: 0.8 | PDOP: 1.6
9297,524,0x020C,BASELINE NED,30,391135.900,RTK Fixed | N: 44.528 m | E: -198.223 m | D: 13.663 m | Baseline: 203.622 m
9297,528,0x0210,CORR AGE,14,391135.900,1.9 s
9297,65282,0xFF02,DGNSS STATUS,12,,RTK | Signals: 15 | Latency: 1.9 s | ""
9297,74,0x004A,OBS,257,391136.000,Msg 1 of 3 (14) [G12-L1CA:PCDAr:50.0] [G10-L1CA:PCDAr:33.5] [G13-L1CA:PCDAr:50.5] [G15-L1CA:PCDAr:51.8] [G17-L1CA:PCDAr:45.3] [G19-L1CA:PCDAr:49.8] [G22-L1CA:PCDAr:44.3] [G24-L1CA:PCDAr:49.3] [G23-L1CA:PCDAr:43.0] [G24-L2CM:PCDAr:50.3] [G15-L2CM:PCDAr:49.5] [G17-L2CM:PCDAr:44.3] [G12-L2CM:PCDAr:47.0] [G23-L2CM:PCDAr:45.5]
9297,74,0x004A,OBS,257,391136.000,Msg 2 of 3 (14) [G10-L2CM:PCDAr:35.3] [R11-L1OF:PCDAr:52.8] [R2-L1OF:PCDAr:41.8] [R1-L1OF:PCDAr:46.5] [R8-L1OF:PCDAr:51.8] [R20-L1OF:PCDAr:42.0] [R11-L2OF:PCDAr:49.5] [R1-L2OF:PCDAr:41.0] [R8-L2OF:PCDAr:51.8] [B24-B1:PCDAr:51.0] [B10-B1:PCDAr:43.5] [B26-B1:PCDAr:52.8] [B33-B1:PCDAr:47.5] [B35-B1:PCDAr:51.0]
9297,74,0x004A,OBS,172,391136.000,Msg 3 of 3 (9) [B14-B1:PCDAr:48.0] [B10-B2:PCDAr:45.3] [B14-B2:PCDAr:52.3] [E4-E1B:PCDAr:46.3] [E19-E1B:PCDAr:49.3] [E21-E1B:PCDAr:50.5] [E4-E7I:PCDAr:48.5] [E19-E7I:PCDAr:49.5] [E21-E7I:PCDAr:51.3]
9297,117,0x0075,GLO BIASES,17,,L1C: 0.00 m | L1P: 0.00 m | L2C: 0.00 m | L2P: 0.00 m
9297,258,0x0102,GPS TIME,19,391136.000,Wk: 2293 | TOW ns: -39 | GNSS
9297,259,0x0103,UTC TIME,24,391136.000,2023-12-21 12:38:37.999 (GNSS) | UTC Offset: Decoded
9297,522,0x020A,POS LLA,42,391136.000,RTK Fixed | Lat: 45.5010816 deg | Lon: 9.1560371 deg | Alt: 173.117 m | Used SVs: 15
9297,526,0x020E,VEL NED,30,391136.000,Comp. Doppler | COG: 348.69 deg | SOG: 0.02 m/s | Horiz Vel: 0.02 m/s | Vert Vel: 0.01 m/s | EHVE: 0.09 m/s | EVVE: 0.09 m/s
9297,520,0x0208,DOPS,23,391136.000,HDOP: 0.8 | PDOP: 1.6
9297,524,0x020C,BASELINE NED,30,391136.000,RTK Fixed | N: 44.529 m | E: -198.223 m | D: 13.662 m | Baseline: 203.622 m
9297,528,0x0210,CORR AGE,14,391136.000,2.0 s
9297,65282,0xFF02,DGNSS STATUS,12,,RTK | Signals: 15 | Latency: 2.0 s | ""
9297,258,0x0102,GPS TIME,19,391136.100,Wk: 2293 | TOW ns: -39 | GNSS
9297,259,0x0103,UTC TIME,24,391136.100,2023-12-21 12:38:38.099 (GNSS) | UTC Offset: Decoded
9297,522,0x020A,POS LLA,42,391136.100,RTK Fixed | Lat: 45.5010815 deg | Lon: 9.1560371 deg | Alt: 173.117 m | Used SVs: 15
9297,526,0x020E,VEL NED,30,391136.100,Comp. Doppler | COG: 186.34 deg | SOG: 0.01 m/s | Horiz Vel: 0.01 m/s | Vert Vel: 0.00 m/s | EHVE: 0.09 m/s | EVVE: 0.09 m/s
9297,520,0x0208,DOPS,23,391136.100,HDOP: 0.8 | PDOP: 1.6
9297,524,0x020C,BASELINE NED,30,391136.100,RTK Fixed | N: 44.528 m | E: -198.223 m | D: 13.663 m | Baseline: 203.622 m
9297,528,0x0210,CORR AGE,14,391136.100,2.1 s
9297,65282,0xFF02,DGNSS STATUS,12,,RTK | Signals: 15 | Latency: 2.1 s | ""
9297,258,0x0102,GPS TIME,19,391136.200,Wk: 2293 | TOW ns: -39 | GNSS
9297,259,0x0103,UTC TIME,24,391136.200,2023-12-21 12:38:38.199 (GNSS) | UTC Offset: Decoded
9297,522,0x020A,POS LLA,42,391136.200,RTK Fixed | Lat: 45.5010816 deg | Lon: 9.1560371 deg | Alt: 173.119 m | Used SVs: 15
9297,526,0x020E,VEL NED,30,391136.200,Comp. Doppler | COG: 14.04 deg | SOG: 0.02 m/s | Horiz Vel: 0.01 m/s | Vert Vel: 0.01 m/s | EHVE: 0.09 m/s | EVVE: 0.09 m/s
9297,520,0x0208,DOPS,23,391136.200,HDOP: 0.8 | PDOP: 1.6
9297,524,0x020C,BASELINE NED,30,391136.200,RTK Fixed | N: 44.529 m | E: -198.223 m | D: 13.661 m | Baseline: 203.622 m
9297,528,0x0210,CORR AGE,14,391136.200,2.2 s
9297,65282,0xFF02,DGNSS STATUS,12,,RTK | Signals: 15 | Latency: 2.2 s | ""
9297,97,0x0061,MEAS STATE,245,,Total SVs: 19 | L1: 9 | L2: 6 | G1: 0 | G2: 0 | E1: 3 | E2: 3 | B1: 6 | B2: 2 | SBAS: 1
9297,258,0x0102,GPS TIME,19,391136.300,Wk: 2293 | TOW ns: -39 | GNSS
9297,259,0x0103,UTC TIME,24,391136.300,2023-12-21 12:38:38.299 (GNSS) | UTC Offset: Decoded
9297,522,0x020A,POS LLA,42,391136.300,RTK Fixed | Lat: 45.5010816 deg | Lon: 9.1560371 deg | Alt: 173.120 m | Used SVs: 15
9297,526,0x020E,VEL NED,30,391136.300,Comp. Doppler | COG: 315.00 deg | SOG: 0.01 m/s | Horiz Vel: 0.00 m/s | Vert Vel: 0.01 m/s | EHVE: 0.09 m/s | EVVE: 0.09 m/s
9297,520,0x0208,DOPS,23,391136.300,HDOP: 0.8 | PDOP: 1.6
9297,524,0x020C,BASELINE NED,30,391136.300,RTK Fixed | N: 44.529 m | E: -198.223 m | D: 13.659 m | Baseline: 203.622 m
9297,528,0x0210,CORR AGE,14,391136.300,2.3 s
9297,65282,0xFF02,DGNSS STATUS,12,,RTK | Signals: 15 | Latency: 2.3 s | ""
9297,30583,0x7777,SBAS RAW,42,,
9297,258,0x0102,GPS TIME,19,391136.400,Wk: 2293 | TOW ns: -38 | GNSS
9297,259,0x0103,UTC TIME,24,391136.400,2023-12-21 12:38:38.399 (GNSS) | UTC Offset: Decoded
9297,522,0x020A,POS LLA,42,391136.400,RTK Fixed | Lat: 45.5010816 deg | Lon: 9.1560371 deg | Alt: 173.120 m | Used SVs: 15
9297,526,0x020E,VEL NED,30,391136.400,Comp. Doppler | COG: 90.00 deg | SOG: 0.01 m/s | Horiz Vel: 0.01 m/s | Vert Vel: 0.01 m/s | EHVE: 0.09 m/s | EVVE: 0.09 m/s
9297,520,0x0208,DOPS,23,391136.400,HDOP: 0.8 | PDOP: 1.6
9297,524,0x020C,BASELINE NED,30,391136.400,RTK Fixed | N: 44.529 m | E: -198.222 m | D: 13.660 m | Baseline: 203.621 m
9297,528,0x0210,CORR AGE,14,391136.400,2.4 s
9297,65282,0xFF02,DGNSS STATUS,12,,RTK | Signals: 15 | Latency: 2.4 s | ""
9297,65535,0xFFFF,HEARTBEAT,12,,ANT OK | NAP OK | IO OK | SYS OK
9297,23,0x0017,THREAD STATE,34,,main | 0.0 % | 65532 B
9297,23,0x0017,THREAD STATE,34,,idle | 1.7 % | 124 B
9297,23,0x0017,THREAD STATE,34,,rpmsg | 0.2 % | 3548 B
9297,23,0x0017,THREAD STATE,34,,rpmsg_imu | 0.0 % | 3660 B
9297,23,0x0017,THREAD STATE,34,,SBP | 0.0 % | 65532 B
9297,23,0x0017,THREAD STATE,34,,NAP | 0.0 % | 32812 B
9297,23,0x0017,THREAD STATE,34,,manage PV | 0.0 % | 1060 B
9297,23,0x0017,THREAD STATE,34,,IMU | 0.0 % | 2044 B
9297,23,0x0017,THREAD STATE,34,,IMU aux | 0.0 % | 2164 B
9297,23,0x0017,THREAD STATE,34,,ndb | 0.0 % | 3176 B
9297,23,0x0017,THREAD STATE,34,,NAP Tracking | 26.2 % | 30476 B
9297,23,0x0017,THREAD STATE,34,,decode | 0.6 % | 1588 B
9297,23,0x0017,THREAD STATE,34,,manage acq | 35.0 % | 30452 B
9297,23,0x0017,THREAD STATE,34,,system monitor | 0.1 % | 1548 B
9297,23,0x0017,THREAD STATE,34,,Watchdog | 0.0 % | 1108 B
9297,23,0x0017,THREAD STATE,34,,starling | 31.8 % | 65532 B
9297,23,0x0017,THREAD STATE,34,,time matched obs | 3.8 % | 65532 B
9297,23,0x0017,THREAD STATE,34,,me_calc_pvt | 0.7 % | 18804 B
9297,23,0x0017,THREAD STATE,34,,PPS | 0.0 % | 1840 B
9297,23,0x0017,THREAD STATE,34,,spectrum analyzer | 0.0 % | 4044 B
9297,151,0x0097,SV AZ EL,116,,(27) [G10 312 17] [G12 228 36] [G13 148 35] [G14 54 11] [G15 196 57] [G17 62 33] [G19 98 40] [G22 52 30] [G23 272 24] [G24 310 71] [G25 234 2] [R1 294 54] [R2 334 13] [R8 196 43] [R9 62 9] [R11 286 58] [R12 254 7] [R20 94 16] [B10 54 29] [B14 244 47] [B24 274 57] [B26 56 65] [B33 284 42] [B35 108 23] [E4 296 55] [E19 168 54] [E21 56 65]
9297,117,0x0075,GLO BIASES,17,,L1C: 0.00 m | L1P: 0.00 m | L2C: 0.00 m | L2P: 0.00 m
9297,258,0x0102,GPS TIME,19,391136.500,Wk: 2293 | TOW ns: -38 | GNSS
9297,259,0x0103,UTC TIME,24,391136.500,2023-12-21 12:38:38.499 (GNSS) | UTC Offset: Decoded
9297,522,0x020A,POS LLA,42,391136.500,RTK Fixed | Lat: 45.5010816 deg | Lon: 9.1560371 deg | Alt: 173.116 m | Used SVs: 15
9297,526,0x020E,VEL NED,30,391136.500,Comp. Doppler | COG: 324.46 deg | SOG: 0.03 m/s | Horiz Vel: 0.01 m/s | Vert Vel: -0.03 m/s | EHVE: 0.09 m/s | EVVE: 0.09 m/s
9297,520,0x0208,DOPS,23,391136.500,HDOP: 0.8 | PDOP: 1.6
9297,524,0x020C,BASELINE NED,30,391136.500,RTK Fixed | N: 44.530 m | E: -198.223 m | D: 13.663 m | Baseline: 203.622 m
9297,528,0x0210,CORR AGE,14,391136.500,2.5 s
9297,65282,0xFF02,DGNSS STATUS,12,,RTK | Signals: 15 | Latency: 2.5 s | ""
0,74,0x004A,OBS,257,391135.000,Msg 3 of 3 (14) [B14-B1:PCDAr:48.8] [B10-B1:PCDAr:42.0] [B29-B1:PCDAr:47.8] [B10-B2:PCDAr:46.0] [B7-B2:PCDAr:40.8] [B14-B2:PCDAr:53.3] [E4-E1B:PCDAr:50.8] [E27-E1B:PCDAr:42.3] [E19-E1B:PCDAr:46.8] [E21-E1B:PCDAr:52.5] [E4-E7I:PCDAr:53.3] [E21-E7I:PCDAr:53.5] [E27-E7I:PCDAr:42.3] [E19-E7I:PCDAr:48.3]
0,72,0x0048,BASE POS ECEF,32,,X: 4421114.209 m | Y: 712784.166 m | Z: 4526655.471 m (Lat: 45.5006809 deg | Lon: 9.1585732 deg | Alt: 186.776 m)
0,74,0x004A,OBS,257,391136.000,Msg 1 of 3 (14) [G10-L1CA:PCDAr:45.0] [G23-L1CA:PCDAr:47.0] [G15-L1CA:PCDAr:54.3] [G13-L1CA:PCDAr:51.8] [G14-L1CA:PCDAr:44.0] [G19-L1CA:PCDAr:51.3] [G24-L1CA:PCDAr:54.8] [G22-L1CA:PCDAr:49.0] [G17-L1CA:PCDAr:48.0] [G12-L1CA:PCDAr:52.5] [G10-L2CM:PCDAr:44.3] [G23-L2CM:PCDAr:45.3] [G24-L2CM:PCDAr:52.5] [G15-L2CM:PCDAr:48.8]
0,74,0x004A,OBS,257,391136.000,Msg 2 of 3 (14) [G14-L2CM:PCDAr:40.8] [G17-L2CM:PCDAr:43.8] [G12-L2CM:PCDAr:46.8] [R1-L1OF:PCDAr:51.0] [R8-L1OF:PCDAr:46.5] [R11-L1OF:PCDAr:55.8] [R10-L1OF:PCDAr:49.3] [R11-L2OF:PCDAr:51.5] [R1-L2OF:PCDAr:44.5] [B7-B1:PCDAr:42.8] [B35-B1:PCDAr:45.8] [B24-B1:PCDAr:53.8] [B33-B1:PCDAr:50.5] [B26-B1:PCDAr:54.0]
9297,258,0x0102,GPS TIME,19,391136.600,Wk: 2293 | TOW ns: -38 | GNSS
9297,259,0x0103,UTC TIME,24,391136.600,2023-12-21 12:38:38.599 (GNSS) | UTC Offset: Decoded
9297,522,0x020A,POS LLA,42,391136.600,RTK Fixed | Lat: 45.5010816 deg | Lon: 9.1560371 deg | Alt: 173.116 m | Used SVs: 15
9297,526,0x020E,VEL NED,30,391136.600,Comp. Doppler | COG: 0.00 deg | SOG: 0.00 m/s | Horiz Vel: 0.00 m/s | Vert Vel: -0.00 m/s | EHVE: 0.09 m/s | EVVE: 0.09 m/s
9297,520,0x0208,DOPS,23,391136.600,HDOP: 0.8 | PDOP: 1.6
9297,524,0x020C,BASELINE NED,30,391136.600,RTK Fixed | N: 44.530 m | E: -198.223 m | D: 13.663 m | Baseline: 203.622 m
9297,528,0x0210,CORR AGE,14,391136.600,2.6 s
9297,65282,0xFF02,DGNSS STATUS,12,,RTK | Signals: 15 | Latency: 2.6 s | ""
9297,258,0x0102,GPS TIME,19,391136.700,Wk: 2293 | TOW ns: -38 | GNSS
9297,259,0x0103,UTC TIME,24,391136.700,2023-12-21 12:38:38.699 (GNSS) | UTC Offset: Decoded
9297,522,0x020A,POS LLA,42,391136.700,RTK Fixed | Lat: 45.5010816 deg | Lon: 9.1560371 deg | Alt: 173.116 m | Used SVs: 15
9297,526,0x020E,VEL NED,30,391136.700,Comp. Doppler | COG: 104.04 deg | SOG: 0.01 m/s | Horiz Vel: 0.00 m/s | Vert Vel: -0.01 m/s | EHVE: 0.09 m/s | EVVE: 0.09 m/s
9297,520,0x0208,DOPS,23,391136.700,HDOP: 0.8 | PDOP: 1.6
9297,524,0x020C,BASELINE NED,30,391136.700,RTK Fixed | N: 44.530 m | E: -198.224 m | D: 13.664 m | Baseline: 203.623 m
9297,528,0x0210,CORR AGE,14,391136.700,1.7 s
9297,65282,0xFF02,DGNSS STATUS,12,,RTK | Signals: 15 | Latency: 1.7 s | ""
9297,97,0x0061,MEAS STATE,245,,Total SVs: 23 | L1: 9 | L2: 6 | G1: 5 | G2: 4 | E1: 3 | E2: 3 | B1: 6 | B2: 2 | SBAS: 1
9297,258,0x0102,GPS TIME,19,391136.800,Wk: 2293 | TOW ns: -37 | GNSS
9297,259,0x0103,UTC TIME,24,391136.800,2023-12-21 12:38:38.799 (GNSS) | UTC Offset: Decoded
9297,522,0x020A,POS LLA,42,391136.800,RTK Fixed | Lat: 45.5010816 deg | Lon: 9.1560371 deg | Alt: 173.116 m | Used SVs: 15
9297,526,0x020E,VEL NED,30,391136.800,Comp. Doppler | COG: 270.00 deg | SOG: 0.01 m/s | Horiz Vel: 0.00 m/s | Vert Vel: 0.01 m/s | EHVE: 0.09 m/s | EVVE: 0.09 m/s
9297,520,0x0208,DOPS,23,391136.800,HDOP: 0.8 | PDOP: 1.6
9297,524,0x020C,BASELINE NED,30,391136.800,RTK Fixed | N: 44.531 m | E: -198.225 m | D: 13.663 m | Baseline: 203.624 m
9297,528,0x0210,CORR AGE,14,391136.800,1.8 s
9297,65282,0xFF02,DGNSS STATUS,12,,RTK | Signals: 15 | Latency: 1.8 s | ""
9297,258,0x0102,GPS TIME,19,391136.900,Wk: 2293 | TOW ns: -37 | GNSS
9297,259,0x0103,UTC TIME,24,391136.900,2023-12-21 12:38:38.899 (GNSS) | UTC Offset: Decoded
9297,522,0x020A,POS LLA,42,391136.900,RTK Fixed | Lat: 45.5010816 deg | Lon: 9.1560371 deg | Alt: 173.115 m | Used SVs: 15
9297,526,0x020E,VEL NED,30,391136.900,Comp. Doppler | COG: 180.00 deg | SOG: 0.01 m/s | Horiz Vel: 0.00 m/s | Vert Vel: -0.01 m/s | EHVE: 0.09 m/s | EVVE: 0.09 m/s
9297,520,0x0208,DOPS,23,391136.900,HDOP: 0.8 | PDOP: 1.6
9297,524,0x020C,BASELINE NED,30,391136.900,RTK Fixed | N: 44.530 m | E: -198.225 m | D: 13.664 m | Baseline: 203.624 m
9297,528,0x0210,CORR AGE,14,391136.900,1.9 s
9297,65282,0xFF02,DGNSS STATUS,12,,RTK | Signals: 15 | Latency: 1.9 s | ""
9297,74,0x004A,OBS,257,391137.000,Msg 1 of 3 (14) [G12-L1CA:PCDAr:49.8] [G10-L1CA:PCDAr:33.3] [G13-L1CA:PCDAr:50.0] [G15-L1CA:PCDAr:51.5] [G17-L1CA:PCDAr:44.8] [G19-L1CA:PCDAr:49.5] [G22-L1CA:PCDAr:44.0] [G24-L1CA:PCDAr:49.0] [G23-L1CA:PCDAr:42.8] [G24-L2CM:PCDAr:49.8] [G15-L2CM:PCDAr:49.5] [G17-L2CM:PCDAr:44.0] [G12-L2CM:PCDAr:46.8] [G23-L2CM:PCDAr:45.3]
9297,74,0x004A,OBS,257,391137.000,Msg 2 of 3 (14) [G10-L2CM:PCDAr:35.0] [R11-L1OF:PCDAr:52.5] [R2-L1OF:PCDAr:42.3] [R1-L1OF:PCDAr:46.5] [R8-L1OF:PCDAr:51.8] [R20-L1OF:PCDAr:42.0] [R11-L2OF:PCDAr:49.8] [R1-L2OF:PCDAr:41.3] [R8-L2OF:PCDAr:51.8] [B24-B1:PCDAr:50.8] [B10-B1:PCDAr:43.3] [B26-B1:PCDAr:52.8] [B33-B1:PCDAr:47.3] [B35-B1:PCDAr:50.8]
9297,74,0x004A,OBS,172,391137.000,Msg 3 of 3 (9) [B14-B1:PCDAr:47.8] [B10-B2:PCDAr:44.8] [B14-B2:PCDAr:51.8] [E4-E1B:PCDAr:46.3] [E19-E1B:PCDAr:49.3] [E21-E1B:PCDAr:50.5] [E4-E7I:PCDAr:48.5] [E19-E7I:PCDAr:49.5] [E21-E7I:PCDAr:51.3]
9297,117,0x0075,GLO BIASES,17,,L1C: 0.00 m | L1P: 0.00 m | L2C: 0.00 m | L2P: 0.00 m
9297,258,0x0102,GPS TIME,19,391137.000,Wk: 2293 | TOW ns: -37 | GNSS
9297,259,0x0103,UTC TIME,24,391137.000,2023-12-21 12:38:38.999 (GNSS) | UTC Offset: Decoded
9297,522,0x020A,POS LLA,42,391137.000,RTK Fixed | Lat: 45.5010816 deg | Lon: 9.1560371 deg | Alt: 173.114 m | Used SVs: 15
9297,526,0x020E,VEL NED,30,391137.000,Comp. Doppler | COG: 90.00 deg | SOG: 0.00 m/s | Horiz Vel: 0.00 m/s | Vert Vel: -0.00 m/s | EHVE: 0.09 m/s | EVVE: 0.09 m/s
9297,520,0x0208,DOPS,23,391137.000,HDOP: 0.8 | PDOP: 1.6
9297,524,0x020C,BASELINE NED,30,391137.000,RTK Fixed | N: 44.530 m | E: -198.224 m | D: 13.665 m | Baseline: 203.623 m
9297,528,0x0210,CORR AGE,14,391137.000,2.0 s
9297,65282,0xFF02,DGNSS STATUS,12,,RTK | Signals: 15 | Latency: 2.0 s | ""
9297,258,0x0102,GPS TIME,19,391137.100,Wk: 2293 | TOW ns: -37 | GNSS
9297,259,0x0103,UTC TIME,24,391137.100,2023-12-21 12:38:39.099 (GNSS) | UTC Offset: Decoded
9297,522,0x020A,POS LLA,42,391137.100,RTK Fixed | Lat: 45.5010816 deg | Lon: 9.1560371 deg | Alt: 173.116 m | Used SVs: 15
9297,526,0x020E,VEL NED,30,391137.100,Comp. Doppler | COG: 104.04 deg | SOG: 0.01 m/s | Horiz Vel: 0.00 m/s | Vert Vel: 0.01 m/s | EHVE: 0.09 m/s | EVVE: 0.09 m/s
9297,520,0x0208,DOPS,23,391137.100,HDOP: 0.8 | PDOP: 1.6
9297,524,0x020C,BASELINE NED,30,391137.100,RTK Fixed | N: 44.530 m | E: -198.224 m | D: 13.664 m | Baseline: 203.623 m
9297,528,0x0210,CORR AGE,14,391137.100,2.1 s
9297,65282,0xFF02,DGNSS STATUS,12,,RTK | Signals: 15 | Latency: 2.1 s | ""
0,74,0x004A,OBS,257,391136.000,Msg 3 of 3 (14) [B14-B1:PCDAr:48.5] [B10-B1:PCDAr:42.0] [B29-B1:PCDAr:47.5] [B10-B2:PCDAr:46.3] [B7-B2:PCDAr:41.3] [B14-B2:PCDAr:53.8] [E4-E1B:PCDAr:50.8] [E27-E1B:PCDAr:42.3] [E19-E1B:PCDAr:46.5] [E21-E1B:PCDAr:52.5] [E4-E7I:PCDAr:53.5] [E21-E7I:PCDAr:53.5] [E27-E7I:PCDAr:42.5] [E19-E7I:PCDAr:48.5]
0,72,0x0048,BASE POS ECEF,32,,X: 4421114.209 m | Y: 712784.166 m | Z: 4526655.471 m (Lat: 45.5006809 deg | Lon: 9.1585732 deg | Alt: 186.776 m)
0,74,0x004A,OBS,257,391137.000,Msg 1 of 3 (14) [G10-L1CA:PCDAr:45.3] [G23-L1CA:PCDAr:47.3] [G15-L1CA:PCDAr:54.3] [G13-L1CA:PCDAr:52.0] [G14-L1CA:PCDAr:44.3] [G19-L1CA:PCDAr:51.5] [G24-L1CA:PCDAr:54.8] [G22-L1CA:PCDAr:49.0] [G17-L1CA:PCDAr:48.3] [G12-L1CA:PCDAr:52.8] [G10-L2CM:PCDAr:44.0] [G23-L2CM:PCDAr:45.3] [G24-L2CM:PCDAr:52.5] [G15-L2CM:PCDAr:48.5]
0,74,0x004A,OBS,257,391137.000,Msg 2 of 3 (14) [G14-L2CM:PCDAr:40.5] [G17-L2CM:PCDAr:43.8] [G12-L2CM:PCDAr:46.8] [R1-L1OF:PCDAr:51.0] [R8-L1OF:PCDAr:46.5] [R11-L1OF:PCDAr:56.0] [R10-L1OF:PCDAr:49.3] [R11-L2OF:PCDAr:51.5] [R1-L2OF:PCDAr:44.5] [B7-B1:PCDAr:42.8] [B35-B1:PCDAr:45.8] [B24-B1:PCDAr:54.0] [B33-B1:PCDAr:50.8] [B26-B1:PCDAr:54.0]
9297,258,0x0102,GPS TIME,19,391137.200,Wk: 2293 | TOW ns: -36 | GNSS
9297,259,0x0103,UTC TIME,24,391137.200,2023-12-21 12:38:39.199 (GNSS) | UTC Offset: Decoded
9297,522,0x020A,POS LLA,42,391137.200,RTK Fixed | Lat: 45.5010816 deg | Lon: 9.1560371 deg | Alt: 173.117 m | Used SVs: 15
9297,526,0x020E,VEL NED,30,391137.200,Comp. Doppler | COG: 63.43 deg | SOG: 0.01 m/s | Horiz Vel: 0.00 m/s | Vert Vel: 0.01 m/s | EHVE: 0.09 m/s | EVVE: 0.09 m/s
9297,520,0x0208,DOPS,23,391137.200,HDOP: 0.8 | PDOP: 1.6
9297,524,0x020C,BASELINE NED,30,391137.200,RTK Fixed | N: 44.530 m | E: -198.223 m | D: 13.662 m | Baseline: 203.622 m
9297,528,0x0210,CORR AGE,14,391137.200,2.2 s
9297,65282,0xFF02,DGNSS STATUS,12,,RTK | Signals: 15 | Latency: 2.2 s | ""
9297,97,0x0061,MEAS STATE,245,,Total SVs: 19 | L1: 9 | L2: 6 | G1: 0 | G2: 0 | E1: 3 | E2: 3 | B1: 6 | B2: 2 | SBAS: 1
9297,258,0x0102,GPS TIME,19,391137.300,Wk: 2293 | TOW ns: -36 | GNSS
9297,259,0x0103,UTC TIME,24,391137.300,2023-12-21 12:38:39.299 (GNSS) | UTC Offset: Decoded
9297,522,0x020A,POS LLA,42,391137.300,RTK Fixed | Lat: 45.5010816 deg | Lon: 9.1560371 deg | Alt: 173.117 m | Used SVs: 15
9297,526,0x020E,VEL NED,30,391137.300,Comp. Doppler | COG: 251.57 deg | SOG: 0.01 m/s | Horiz Vel: 0.00 m/s | Vert Vel: -0.01 m/s | EHVE: 0.09 m/s | EVVE: 0.09 m/s
9297,520,0x0208,DOPS,23,391137.300,HDOP: 0.8 | PDOP: 1.6
9297,524,0x020C,BASELINE NED,30,391137.300,RTK Fixed | N: 44.530 m | E: -198.224 m | D: 13.663 m | Baseline: 203.623 m
9297,528,0x0210,CORR AGE,14,391137.300,1.3 s
9297,65282,0xFF02,DGNSS STATUS,12,,RTK | Signals: 15 | Latency: 1.3 s | ""
9297,30583,0x7777,SBAS RAW,42,,
9297,258,0x0102,GPS TIME,19,391137.400,Wk: 2293 | TOW ns: -35 | GNSS
9297,259,0x0103,UTC TIME,24,391137.400,2023-12-21 12:38:39.399 (GNSS) | UTC Offset: Decoded
9297,522,0x020A,POS LLA,42,391137.400,RTK Fixed | Lat: 45.5010816 deg | Lon: 9.1560371 deg | Alt: 173.115 m | Used SVs: 15
9297,526,0x020E,VEL NED,30,391137.400,Comp. Doppler | COG: 340.56 deg | SOG: 0.02 m/s | Horiz Vel: 0.02 m/s | Vert Vel: -0.01 m/s | EHVE: 0.09 m/s | EVVE: 0.09 m/s
9297,520,0x0208,DOPS,23,391137.400,HDOP: 0.8 | PDOP: 1.6
9297,524,0x020C,BASELINE NED,30,391137.400,RTK Fixed | N: 44.531 m | E: -198.225 m | D: 13.664 m | Baseline: 203.624 m
9297,528,0x0210,CORR AGE,14,391137.400,1.4 s
9297,65282,0xFF02,DGNSS STATUS,12,,RTK | Signals: 15 | Latency: 1.4 s | ""
9297,65535,0xFFFF,HEARTBEAT,12,,ANT OK | NAP OK | IO OK | SYS OK
9297,151,0x0097,SV AZ EL,116,,(27) [G10 312 17] [G12 228 36] [G13 148 35] [G14 54 11] [G15 196 57] [G17 62 33] [G19 98 40] [G22 52 30] [G23 272 24] [G24 310 71] [G25 234 2] [R1 294 54] [R2 334 13] [R8 196 43] [R9 62 9] [R11 286 58] [R12 254 7] [R20 94 16] [B10 54 29] [B14 244 47] [B24 274 57] [B26 56 65] [B33 284 42] [B35 108 23] [E4 296 55] [E19 168 54] [E21 56 65]
9297,117,0x0075,GLO BIASES,17,,L1C: 0.00 m | L1P: 0.00 m | L2C: 0.00 m | L2P: 0.00 m
9297,258,0x0102,GPS TIME,19,391137.500,Wk: 2293 | TOW ns: -35 | GNSS
9297,259,0x0103,UTC TIME,24,391137.500,2023-12-21 12:38:39.499 (GNSS) | UTC Offset: Decoded
9297,522,0x020A,POS LLA,42,391137.500,RTK Fixed | Lat: 45.5010816 deg | Lon: 9.1560371 deg | Alt: 173.116 m | Used SVs: 15
9297,526,0x020E,VEL NED,30,391137.500,Comp. Doppler | COG: 180.00 deg | SOG: 0.01 m/s | Horiz Vel: 0.01 m/s | Vert Vel: 0.00 m/s | EHVE: 0.09 m/s | EVVE: 0.09 m/s
9297,520,0x0208,DOPS,23,391137.500,HDOP: 0.8 | PDOP: 1.6
9297,524,0x020C,BASELINE NED,30,391137.500,RTK Fixed | N: 44.531 m | E: -198.224 m | D: 13.664 m | Baseline: 203.623 m
9297,528,0x0210,CORR AGE,14,391137.500,1.5 s
9297,65282,0xFF02,DGNSS STATUS,12,,RTK | Signals: 15 | Latency: 1.5 s | ""
9297,258,0x0102,GPS TIME,19,391137.600,Wk: 2293 | TOW ns: -35 | GNSS
9297,259,0x0103,UTC TIME,24,391137.600,2023-12-21 12:38:39.599 (GNSS) | UTC Offset: Decoded
9297,522,0x020A,POS LLA,42,391137.600,RTK Fixed | Lat: 45.5010816 deg | Lon: 9.1560371 deg | Alt: 173.113 m | Used SVs: 15
9297,526,0x020E,VEL NED,30,391137.600,Comp. Doppler | COG: 270.00 deg | SOG: 0.03 m/s | Horiz Vel: 0.00 m/s | Vert Vel: -0.03 m/s | EHVE: 0.09 m/s | EVVE: 0.09 m/s
9297,520,0x0208,DOPS,23,391137.600,HDOP: 0.8 | PDOP: 1.6
9297,524,0x020C,BASELINE NED,30,391137.600,RTK Fixed | N: 44.530 m | E: -198.224 m | D: 13.666 m | Baseline: 203.623 m
9297,528,0x0210,CORR AGE,14,391137.600,1.6 s
9297,65282,0xFF02,DGNSS STATUS,12,,RTK | Signals: 15 | Latency: 1.6 s | ""
9297,258,0x0102,GPS TIME,19,391137.700,Wk: 2293 | TOW ns: -35 | GNSS
9297,259,0x0103,UTC TIME,24,391137.700,2023-12-21 12:38:39.699 (GNSS) | UTC Offset: Decoded
9297,522,0x020A,POS LLA,42,391137.700,RTK Fixed | Lat: 45.5010816 deg | Lon: 9.1560371 deg | Alt: 173.116 m | Used SVs: 15
9297,526,0x020E,VEL NED,30,391137.700,Comp. Doppler | COG: 339.44 deg | SOG: 0.03 m/s | Horiz Vel: 0.01 m/s | Vert Vel: 0.03 m/s | EHVE: 0.09 m/s | EVVE: 0.09 m/s
9297,520,0x0208,DOPS,23,391137.700,HDOP: 0.8 | PDOP: 1.6
9297,524,0x020C,BASELINE NED,30,391137.700,RTK Fixed | N: 44.531 m | E: -198.225 m | D: 13.664 m | Baseline: 203.624 m
9297,528,0x0210,CORR AGE,14,391137.700,1.7 s
9297,65282,0xFF02,DGNSS STATUS,12,,RTK | Signals: 15 | Latency: 1.7 s | ""
9297,97,0x0061,MEAS STATE,245,,Total SVs: 23 | L1: 9 | L2: 6 | G1: 5 | G2: 4 | E1: 3 | E2: 3 | B1: 6 | B2: 2 | SBAS: 1
9297,139,0x008B,EPH GLO,100,,11 | 2293 391518 | 2.5 2400 | 1 0
9297,139,0x008B,EPH GLO,100,,1 | 2293 391518 | 2.5 2400 | 1 0
9297,139,0x008B,EPH GLO,100,,8 | 2293 391518 | 2.5 2400 | 1 0
9297,139,0x008B,EPH GLO,100,,2 | 2293 391518 | 2.5 4200 | 1 0
9297,139,0x008B,EPH GLO,100,,20 | 2293 391518 | 4.0 4200 | 1 0
9297,258,0x0102,GPS TIME,19,391137.800,Wk: 2293 | TOW ns: -35 | GNSS
9297,259,0x0103,UTC TIME,24,391137.800,2023-12-21 12:38:39.799 (GNSS) | UTC Offset: Decoded
9297,522,0x020A,POS LLA,42,391137.800,RTK Fixed | Lat: 45.5010816 deg | Lon: 9.1560371 deg | Alt: 173.115 m | Used SVs: 15
9297,526,0x020E,VEL NED,30,391137.800,Comp. Doppler | COG: 151.70 deg | SOG: 0.02 m/s | Horiz Vel: 0.01 m/s | Vert Vel: -0.01 m/s | EHVE: 0.09 m/s | EVVE: 0.09 m/s
9297,520,0x0208,DOPS,23,391137.800,HDOP: 0.8 | PDOP: 1.6
9297,524,0x020C,BASELINE NED,30,391137.800,RTK Fixed | N: 44.530 m | E: -198.224 m | D: 13.664 m | Baseline: 203.623 m
9297,528,0x0210,CORR AGE,14,391137.800,1.8 s
9297,65282,0xFF02,DGNSS STATUS,12,,RTK | Signals: 15 | Latency: 1.8 s | ""
9297,258,0x0102,GPS TIME,19,391137.900,Wk: 2293 | TOW ns: -35 | GNSS
9297,259,0x0103,UTC TIME,24,391137.900,2023-12-21 12:38:39.899 (GNSS) | UTC Offset: Decoded
9297,522,0x020A,POS LLA,42,391137.900,RTK Fixed | Lat: 45.5010816 deg | Lon: 9.1560371 deg | Alt: 173.114 m | Used SVs: 15
9297,526,0x020E,VEL NED,30,391137.900,Comp. Doppler | COG: 15.95 deg | SOG: 0.02 m/s | Horiz Vel: 0.01 m/s | Vert Vel: -0.01 m/s | EHVE: 0.09 m/s | EVVE: 0.09 m/s
9297,520,0x0208,DOPS,23,391137.900,HDOP: 0.8 | PDOP: 1.6
9297,524,0x020C,BASELINE NED,30,391137.900,RTK Fixed | N: 44.531 m | E: -198.224 m | D: 13.665 m | Baseline: 203.623 m
9297,528,0x0210,CORR AGE,14,391137.900,1.9 s
9297,65282,0xFF02,DGNSS STATUS,12,,RTK | Signals: 15 | Latency: 1.9 s | ""
9297,74,0x004A,OBS,257,391138.000,Msg 1 of 3 (14) [G12-L1CA:PCDAr:49.8] [G13-L1CA:PCDAr:50.0] [G15-L1CA:PCDAr:51.5] [G17-L1CA:PCDAr:45.0] [G19-L1CA:PCDAr:49.5] [G22-L1CA:PCDAr:43.8] [G24-L1CA:PCDAr:49.0] [G23-L1CA:PCDAr:42.8] [G24-L2CM:PCDAr:49.8] [G15-L2CM:PCDAr:49.5] [G17-L2CM:PCDAr:43.8] [G12-L2CM:PCDAr:46.5] [G23-L2CM:PCDAr:45.3] [G10-L2CM:PCDAr:35.3]
9297,74,0x004A,OBS,257,391138.000,Msg 2 of 3 (14) [R11-L1OF:PCDAr:52.8] [R2-L1OF:PCDAr:42.0] [R1-L1OF:PCDAr:46.3] [R8-L1OF:PCDAr:51.8] [R20-L1OF:PCDAr:41.8] [R11-L2OF:PCDAr:49.8] [R1-L2OF:PCDAr:41.0] [R8-L2OF:PCDAr:51.8] [B24-B1:PCDAr:51.0] [B10-B1:PCDAr:43.3] [B26-B1:PCDAr:52.5] [B33-B1:PCDAr:47.3] [B35-B1:PCDAr:50.8] [B14-B1:PCDAr:47.8]
9297,74,0x004A,OBS,155,391138.000,Msg 3 of 3 (8) [B10-B2:PCDAr:44.5] [B14-B2:PCDAr:51.8] [E4-E1B:PCDAr:46.3] [E19-E1B:PCDAr:49.3] [E21-E1B:PCDAr:50.8] [E4-E7I:PCDAr:48.3] [E19-E7I:PCDAr:49.5] [E21-E7I:PCDAr:51.3]
9297,117,0x0075,GLO BIASES,17,,L1C: 0.00 m | L1P: 0.00 m | L2C: 0.00 m | L2P: 0.00 m
9297,258,0x0102,GPS TIME,19,391138.000,Wk: 2293 | TOW ns: -34 | GNSS
9297,259,0x0103,UTC TIME,24,391138.000,2023-12-21 12:38:39.999 (GNSS) | UTC Offset: Decoded
9297,522,0x020A,POS LLA,42,391138.000,RTK Fixed | Lat: 45.5010816 deg | Lon: 9.1560371 deg | Alt: 173.111 m | Used SVs: 15
9297,526,0x020E,VEL NED,30,391138.000,Comp. Doppler | COG: 278.13 deg | SOG: 0.03 m/s | Horiz Vel: 0.01 m/s | Vert Vel: -0.03 m/s | EHVE: 0.09 m/s | EVVE: 0.09 m/s
9297,520,0x0208,DOPS,23,391138.000,HDOP: 0.8 | PDOP: 1.6
9297,524,0x020C,BASELINE NED,30,391138.000,RTK Fixed | N: 44.531 m | E: -198.224 m | D: 13.669 m | Baseline: 203.624 m
9297,528,0x0210,CORR AGE,14,391138.000,2.0 s
9297,65282,0xFF02,DGNSS STATUS,12,,RTK | Signals: 15 | Latency: 2.0 s | ""
0,74,0x004A,OBS,257,391137.000,Msg 3 of 3 (14) [B14-B1:PCDAr:48.5] [B10-B1:PCDAr:42.3] [B29-B1:PCDAr:47.5] [B10-B2:PCDAr:46.3] [B7-B2:PCDAr:41.3] [B14-B2:PCDAr:53.8] [E4-E1B:PCDAr:50.8] [E27-E1B:PCDAr:42.3] [E19-E1B:PCDAr:46.5] [E21-E1B:PCDAr:52.5] [E4-E7I:PCDAr:53.5] [E21-E7I:PCDAr:53.8] [E27-E7I:PCDAr:42.5] [E19-E7I:PCDAr:48.8]
9297,258,0x0102,GPS TIME,19,391138.100,Wk: 2293 | TOW ns: -34 | GNSS
9297,259,0x0103,UTC TIME,24,391138.100,2023-12-21 12:38:40.099 (GNSS) | UTC Offset: Decoded
9297,522,0x020A,POS LLA,42,391138.100,RTK Fixed | Lat: 45.5010816 deg | Lon: 9.1560371 deg | Alt: 173.113 m | Used SVs: 15
9297,526,0x020E,VEL NED,30,391138.100,Comp. Doppler | COG: 90.00 deg | SOG: 0.03 m/s | Horiz Vel: 0.00 m/s | Vert Vel: 0.03 m/s | EHVE: 0.09 m/s | EVVE: 0.09 m/s
9297,520,0x0208,DOPS,23,391138.100,HDOP: 0.8 | PDOP: 1.6
9297,524,0x020C,BASELINE NED,30,391138.100,RTK Fixed | N: 44.531 m | E: -198.224 m | D: 13.666 m | Baseline: 203.623 m
9297,528,0x0210,CORR AGE,14,391138.100,2.1 s
9297,65282,0xFF02,DGNSS STATUS,12,,RTK | Signals: 15 | Latency: 2.1 s | ""
0,72,0x0048,BASE POS ECEF,32,,X: 4421114.209 m | Y: 712784.166 m | Z: 4526655.471 m (Lat: 45.5006809 deg | Lon: 9.1585732 deg | Alt: 186.776 m)
0,74,0x004A,OBS,257,391138.000,Msg 1 of 3 (14) [G10-L1CA:PCDAr:45.0] [G23-L1CA:PCDAr:47.3] [G15-L1CA:PCDAr:54.0] [G13-L1CA:PCDAr:51.5] [G14-L1CA:PCDAr:44.0] [G19-L1CA:PCDAr:51.3] [G24-L1CA:PCDAr:54.5] [G22-L1CA:PCDAr:49.0] [G17-L1CA:PCDAr:48.0] [G12-L1CA:PCDAr:52.5] [G10-L2CM:PCDAr:44.0] [G23-L2CM:PCDAr:45.5] [G24-L2CM:PCDAr:52.5] [G15-L2CM:PCDAr:48.5]
0,74,0x004A,OBS,257,391138.000,Msg 2 of 3 (14) [G14-L2CM:PCDAr:40.8] [G17-L2CM:PCDAr:43.5] [G12-L2CM:PCDAr:46.5] [R1-L1OF:PCDAr:51.0] [R8-L1OF:PCDAr:46.3] [R11-L1OF:PCDAr:56.0] [R10-L1OF:PCDAr:49.3] [R11-L2OF:PCDAr:51.3] [R1-L2OF:PCDAr:44.3] [B7-B1:PCDAr:42.8] [B35-B1:PCDAr:45.8] [B24-B1:PCDAr:53.8] [B33-B1:PCDAr:50.8] [B26-B1:PCDAr:54.0]
9297,258,0x0102,GPS TIME,19,391138.200,Wk: 2293 | TOW ns: -34 | GNSS
9297,259,0x0103,UTC TIME,24,391138.200,2023-12-21 12:38:40.199 (GNSS) | UTC Offset: Decoded
9297,522,0x020A,POS LLA,42,391138.200,RTK Fixed | Lat: 45.5010816 deg | Lon: 9.1560371 deg | Alt: 173.116 m | Used SVs: 15
9297,526,0x020E,VEL NED,30,391138.200,Comp. Doppler | COG: 348.69 deg | SOG: 0.01 m/s | Horiz Vel: 0.01 m/s | Vert Vel: -0.01 m/s | EHVE: 0.09 m/s | EVVE: 0.09 m/s
9297,520,0x0208,DOPS,23,391138.200,HDOP: 0.8 | PDOP: 1.6
9297,524,0x020C,BASELINE NED,30,391138.200,RTK Fixed | N: 44.530 m | E: -198.225 m | D: 13.664 m | Baseline: 203.624 m
9297,528,0x0210,CORR AGE,14,391138.200,1.2 s
9297,65282,0xFF02,DGNSS STATUS,12,,RTK | Signals: 15 | Latency: 1.2 s | ""
9297,97,0x0061,MEAS STATE,245,,Total SVs: 19 | L1: 9 | L2: 6 | G1: 0 | G2: 0 | E1: 3 | E2: 3 | B1: 6 | B2: 2 | SBAS: 1
9297,30583,0x7777,SBAS RAW,42,,
9297,258,0x0102,GPS TIME,19,391138.300,Wk: 2293 | TOW ns: -33 | GNSS
9297,259,0x0103,UTC TIME,24,391138.300,2023-12-21 12:38:40.299 (GNSS) | UTC Offset: Decoded
9297,522,0x020A,POS LLA,42,391138.300,RTK Fixed | Lat: 45.5010815 deg | Lon: 9.1560371 deg | Alt: 173.118 m | Used SVs: 15
9297,526,0x020E,VEL NED,30,391138.300,Comp. Doppler | COG: 167.91 deg | SOG: 0.02 m/s | Horiz Vel: 0.01 m/s | Vert Vel: 0.02 m/s | EHVE: 0.09 m/s | EVVE: 0.09 m/s
9297,520,0x0208,DOPS,23,391138.300,HDOP: 0.8 | PDOP: 1.6
9297,524,0x020C,BASELINE NED,30,391138.300,RTK Fixed | N: 44.529 m | E: -198.224 m | D: 13.662 m | Baseline: 203.623 m
9297,528,0x0210,CORR AGE,14,391138.300,1.3 s
9297,65282,0xFF02,DGNSS STATUS,12,,RTK | Signals: 15 | Latency: 1.3 s | ""
9297,258,0x0102,GPS TIME,19,391138.400,Wk: 2293 | TOW ns: -33 | GNSS
9297,259,0x0103,UTC TIME,24,391138.400,2023-12-21 12:38:40.399 (GNSS) | UTC Offset: Decoded
9297,522,0x020A,POS LLA,42,391138.400,RTK Fixed | Lat: 45.5010816 deg | Lon: 9.1560371 deg | Alt: 173.118 m | Used SVs: 15
9297,526,0x020E,VEL NED,30,391138.400,Comp. Doppler | COG: 11.31 deg | SOG: 0.01 m/s | Horiz Vel: 0.01 m/s | Vert Vel: -0.00 m/s | EHVE: 0.09 m/s | EVVE: 0.09 m/s
9297,520,0x0208,DOPS,23,391138.400,HDOP: 0.8 | PDOP: 1.6
9297,524,0x020C,BASELINE NED,30,391138.400,RTK Fixed | N: 44.529 m | E: -198.224 m | D: 13.662 m | Baseline: 203.623 m
9297,528,0x0210,CORR AGE,14,391138.400,1.4 s
9297,65282,0xFF02,DGNSS STATUS,12,,RTK | Signals: 15 | Latency: 1.4 s | ""
9297,65535,0xFFFF,HEARTBEAT,12,,ANT OK | NAP OK | IO OK | SYS OK
9297,23,0x0017,THREAD STATE,34,,main | 0.0 % | 65532 B
9297,23,0x0017,THREAD STATE,34,,idle | 1.8 % | 124 B
9297,23,0x0017,THREAD STATE,34,,rpmsg | 0.2 % | 3580 B
9297,23,0x0017,THREAD STATE,34,,rpmsg_imu | 0.0 % | 3660 B
9297,23,0x0017,THREAD STATE,34,,SBP | 0.0 % | 65532 B
9297,23,0x0017,THREAD STATE,34,,NAP | 0.0 % | 32812 B
9297,23,0x0017,THREAD STATE,34,,manage PV | 0.0 % | 1060 B
9297,23,0x0017,THREAD STATE,34,,IMU | 0.0 % | 2044 B
9297,23,0x0017,THREAD STATE,34,,IMU aux | 0.0 % | 2164 B
9297,23,0x0017,THREAD STATE,34,,ndb | 0.0 % | 3176 B
9297,23,0x0017,THREAD STATE,34,,NAP Tracking | 25.4 % | 30476 B
9297,23,0x0017,THREAD STATE,34,,decode | 0.6 % | 1588 B
9297,23,0x0017,THREAD STATE,34,,manage acq | 29.1 % | 30452 B
9297,23,0x0017,THREAD STATE,34,,system monitor | 0.1 % | 1548 B
9297,23,0x0017,THREAD STATE,34,,Watchdog | 0.0 % | 1108 B
9297,23,0x0017,THREAD STATE,34,,starling | 31.9 % | 65532 B
9297,23,0x0017,THREAD STATE,34,,time matched obs | 10.0 % | 65532 B
9297,23,0x0017,THREAD STATE,34,,me_calc_pvt | 0.8 % | 18804 B
9297,23,0x0017,THREAD STATE,34,,PPS | 0.0 % | 1840 B
9297,23,0x0017,THREAD STATE,34,,spectrum analyzer | 0.0 % | 4044 B
9297,151,0x0097,SV AZ EL,116,,(27) [G10 312 17] [G12 228 36] [G13 148 35] [G14 54 11] [G15 196 57] [G17 62 33] [G19 98 40] [G22 52 30] [G23 272 24] [G24 310 71] [G25 234 2] [R1 294 54] [R2 334 13] [R8 196 43] [R9 62 9] [R11 286 58] [R12 254 7] [R20 94 16] [B10 54 29] [B14 244 47] [B24 274 57] [B26 56 65] [B33 284 42] [B35 108 23] [E4 296 55] [E19 168 54] [E21 56 65]
9297,117,0x0075,GLO BIASES,17,,L1C: 0.00 m | L1P: 0.00 m | L2C: 0.00 m | L2P: 0.00 m
9297,181,0x00B5,DEVICE MONITOR,18,,Vin: 5.91 V | Tcpu: 37.2 C | Trf: 34.8 C
9297,258,0x0102,GPS TIME,19,391138.500,Wk: 2293 | TOW ns: -33 | GNSS
9297,259,0x0103,UTC TIME,24,391138.500,2023-12-21 12:38:40.499 (GNSS) | UTC Offset: Decoded
9297,522,0x020A,POS LLA,42,391138.500,RTK Fixed | Lat: 45.5010816 deg | Lon: 9.1560371 deg | Alt: 173.115 m | Used SVs: 15
9297,526,0x020E,VEL NED,30,391138.500,Comp. Doppler | COG: 296.57 deg | SOG: 0.02 m/s | Horiz Vel: 0.00 m/s | Vert Vel: -0.02 m/s | EHVE: 0.09 m/s | EVVE: 0.09 m/s
9297,520,0x0208,DOPS,23,391138.500,HDOP: 0.8 | PDOP: 1.6
9297,524,0x020C,BASELINE NED,30,391138.500,RTK Fixed | N: 44.529 m | E: -198.224 m | D: 13.664 m | Baseline: 203.623 m
9297,528,0x0210,CORR AGE,14,391138.500,1.5 s
9297,65282,0xFF02,DGNSS STATUS,12,,RTK | Signals: 15 | Latency: 1.5 s | ""
9297,258,0x0102,GPS TIME,19,391138.600,Wk: 2293 | TOW ns: -33 | GNSS
9297,259,0x0103,UTC TIME,24,391138.600,2023-12-21 12:38:40.599 (GNSS) | UTC Offset: Decoded
9297,522,0x020A,POS LLA,42,391138.600,RTK Fixed | Lat: 45.5010815 deg | Lon: 9.1560371 deg | Alt: 173.116 m | Used SVs: 15
9297,526,0x020E,VEL NED,30,391138.600,Comp. Doppler | COG: 125.54 deg | SOG: 0.01 m/s | Horiz Vel: 0.01 m/s | Vert Vel: 0.01 m/s | EHVE: 0.09 m/s | EVVE: 0.09 m/s
9297,520,0x0208,DOPS,23,391138.600,HDOP: 0.8 | PDOP: 1.6
9297,524,0x020C,BASELINE NED,30,391138.600,RTK Fixed | N: 44.529 m | E: -198.224 m | D: 13.664 m | Baseline: 203.623 m
9297,528,0x0210,CORR AGE,14,391138.600,1.6 s
9297,65282,0xFF02,DGNSS STATUS,12,,RTK | Signals: 15 | Latency: 1.6 s | ""
9297,258,0x0102,GPS TIME,19,391138.700,Wk: 2293 | TOW ns: -32 | GNSS
9297,259,0x0103,UTC TIME,24,391138.700,2023-12-21 12:38:40.699 (GNSS) | UTC Offset: Decoded
9297,522,0x020A,POS LLA,42,391138.700,RTK Fixed | Lat: 45.5010816 deg | Lon: 9.1560371 deg | Alt: 173.116 m | Used SVs: 15
9297,526,0x020E,VEL NED,30,391138.700,Comp. Doppler | COG: 311.19 deg | SOG: 0.01 m/s | Horiz Vel: 0.01 m/s | Vert Vel: 0.00 m/s | EHVE: 0.09 m/s | EVVE: 0.09 m/s
9297,520,0x0208,DOPS,23,391138.700,HDOP: 0.8 | PDOP: 1.6
9297,524,0x020C,BASELINE NED,30,391138.700,RTK Fixed | N: 44.529 m | E: -198.224 m | D: 13.663 m | Baseline: 203.623 m
9297,528,0x0210,CORR AGE,14,391138.700,1.7 s
9297,65282,0xFF02,DGNSS STATUS,12,,RTK | Signals: 15 | Latency: 1.7 s | ""
9297,97,0x0061,MEAS STATE,245,,Total SVs: 23 | L1: 9 | L2: 6 | G1: 5 | G2: 4 | E1: 3 | E2: 3 | B1: 6 | B2: 2 | SBAS: 1
9297,258,0x0102,GPS TIME,19,391138.800,Wk: 2293 | TOW ns: -33 | GNSS
9297,259,0x0103,UTC TIME,24,391138.800,2023-12-21 12:38:40.799 (GNSS) | UTC Offset: Decoded
9297,522,0x020A,POS LLA,42,391138.800,RTK Fixed | Lat: 45.5010816 deg | Lon: 9.1560371 deg | Alt: 173.116 m | Used SVs: 15
9297,526,0x020E,VEL NED,30,391138.800,Comp. Doppler | COG: 75.96 deg | SOG: 0.01 m/s | Horiz Vel: 0.00 m/s | Vert Vel: 0.01 m/s | EHVE: 0.09 m/s | EVVE: 0.09 m/s
9297,520,0x0208,DOPS,23,391138.800,HDOP: 0.8 | PDOP: 1.6
9297,524,0x020C,BASELINE NED,30,391138.800,RTK Fixed | N: 44.530 m | E: -198.224 m | D: 13.663 m | Baseline: 203.623 m
9297,528,0x0210,CORR AGE,14,391138.800,1.8 s
9297,65282,0xFF02,DGNSS STATUS,12,,RTK | Signals: 15 | Latency: 1.8 s | ""
9297,258,0x0102,GPS TIME,19,391138.900,Wk: 2293 | TOW ns: -33 | GNSS
9297,259,0x0103,UTC TIME,24,391138.900,2023-12-21 12:38:40.899 (GNSS) | UTC Offset: Decoded
9297,522,0x020A,POS LLA,42,391138.900,RTK Fixed | Lat: 45.5010816 deg | Lon: 9.1560371 deg | Alt: 173.117 m | Used SVs: 15
9297,526,0x020E,VEL NED,30,391138.900,Comp. Doppler | COG: 90.00 deg | SOG: 0.01 m/s | Horiz Vel: 0.01 m/s | Vert Vel: 0.01 m/s | EHVE: 0.09 m/s | EVVE: 0.09 m/s
9297,520,0x0208,DOPS,23,391138.900,HDOP: 0.8 | PDOP: 1.6
9297,524,0x020C,BASELINE NED,30,391138.900,RTK Fixed | N: 44.530 m | E: -198.223 m | D: 13.662 m | Baseline: 203.622 m
9297,528,0x0210,CORR AGE,14,391138.900,1.9 s
9297,65282,0xFF02,DGNSS STATUS,12,,RTK | Signals: 15 | Latency: 1.9 s | ""
9297,74,0x004A,OBS,257,391139.000,Msg 1 of 3 (14) [G12-L1CA:PCDAr:49.3] [G10-L1CA:PCDar:32.5] [G13-L1CA:PCDAr:49.8] [G15-L1CA:PCDAr:51.0] [G17-L1CA:PCDAr:44.5] [G19-L1CA:PCDAr:49.0] [G22-L1CA:PCDAr:43.5] [G24-L1CA:PCDAr:48.5] [G23-L1CA:PCDAr:42.3] [G24-L2CM:PCDAr:50.0] [G15-L2CM:PCDAr:49.5] [G17-L2CM:PCDAr:44.0] [G12-L2CM:PCDAr:46.8] [G23-L2CM:PCDAr:45.8]
9297,74,0x004A,OBS,257,391139.000,Msg 2 of 3 (14) [G10-L2CM:PCDAr:35.5] [R11-L1OF:PCDAr:52.8] [R2-L1OF:PCDAr:42.3] [R1-L1OF:PCDAr:46.5] [R8-L1OF:PCDAr:51.8] [R20-L1OF:PCDAr:42.0] [R11-L2OF:PCDAr:50.0] [R1-L2OF:PCDAr:41.0] [R8-L2OF:PCDAr:51.8] [B24-B1:PCDAr:51.3] [B10-B1:PCDAr:43.3] [B26-B1:PCDAr:52.8] [B33-B1:PCDAr:47.8] [B35-B1:PCDAr:51.3]
9297,74,0x004A,OBS,172,391139.000,Msg 3 of 3 (9) [B14-B1:PCDAr:48.0] [B10-B2:PCDAr:44.5] [B14-B2:PCDAr:51.8] [E4-E1B:PCDAr:46.5] [E19-E1B:PCDAr:49.5] [E21-E1B:PCDAr:50.8] [E4-E7I:PCDAr:48.3] [E19-E7I:PCDAr:49.3] [E21-E7I:PCDAr:51.0]
9297,117,0x0075,GLO BIASES,17,,L1C: 0.00 m | L1P: 0.00 m | L2C: 0.00 m | L2P: 0.00 m
9297,258,0x0102,GPS TIME,19,391139.000,Wk: 2293 | TOW ns: -32 | GNSS
9297,259,0x0103,UTC TIME,24,391139.000,2023-12-21 12:38:40.999 (GNSS) | UTC Offset: Decoded
9297,522,0x020A,POS LLA,42,391139.000,RTK Fixed | Lat: 45.5010816 deg | Lon: 9.1560371 deg | Alt: 173.115 m | Used SVs: 15
9297,526,0x020E,VEL NED,30,391139.000,Comp. Doppler | COG: 14.04 deg | SOG: 0.01 m/s | Horiz Vel: 0.00 m/s | Vert Vel: -0.01 m/s | EHVE: 0.09 m/s | EVVE: 0.09 m/s
9297,520,0x0208,DOPS,23,391139.000,HDOP: 0.8 | PDOP: 1.6
9297,524,0x020C,BASELINE NED,30,391139.000,RTK Fixed | N: 44.530 m | E: -198.223 m | D: 13.664 m | Baseline: 203.622 m
9297,528,0x0210,CORR AGE,14,391139.000,2.0 s
9297,65282,0xFF02,DGNSS STATUS,12,,RTK | Signals: 15 | Latency: 2.0 s | ""
0,74,0x004A,OBS,257,391138.000,Msg 3 of 3 (14) [B14-B1:PCDAr:48.5] [B10-B1:PCDAr:41.8] [B29-B1:PCDAr:47.5] [B10-B2:PCDAr:46.3] [B7-B2:PCDAr:41.5] [B14-B2:PCDAr:53.8] [E4-E1B:PCDAr:50.8] [E27-E1B:PCDAr:42.0] [E19-E1B:PCDAr:46.8] [E21-E1B:PCDAr:52.3] [E4-E7I:PCDAr:53.8] [E21-E7I:PCDAr:53.8] [E27-E7I:PCDAr:42.5] [E19-E7I:PCDAr:48.8]
9297,258,0x0102,GPS TIME,19,391139.100,Wk: 2293 | TOW ns: -32 | GNSS
9297,259,0x0103,UTC TIME,24,391139.100,2023-12-21 12:38:41.099 (GNSS) | UTC Offset: Decoded
9297,522,0x020A,POS LLA,42,391139.100,RTK Fixed | Lat: 45.5010816 deg | Lon: 9.1560371 deg | Alt: 173.118 m | Used SVs: 15
9297,526,0x020E,VEL NED,30,391139.100,Comp. Doppler | COG: 191.31 deg | SOG: 0.03 m/s | Horiz Vel: 0.01 m/s | Vert Vel: 0.03 m/s | EHVE: 0.09 m/s | EVVE: 0.09 m/s
9297,520,0x0208,DOPS,23,391139.100,HDOP: 0.8 | PDOP: 1.6
9297,524,0x020C,BASELINE NED,30,391139.100,RTK Fixed | N: 44.529 m | E: -198.223 m | D: 13.661 m | Baseline: 203.622 m
9297,528,0x0210,CORR AGE,14,391139.100,2.1 s
9297,65282,0xFF02,DGNSS STATUS,12,,RTK | Signals: 15 | Latency: 2.1 s | ""
0,72,0x0048,BASE POS ECEF,32,,X: 4421114.209 m | Y: 712784.166 m | Z: 4526655.471 m (Lat: 45.5006809 deg | Lon: 9.1585732 deg | Alt: 186.776 m)
0,74,0x004A,OBS,257,391139.000,Msg 1 of 3 (14) [G10-L1CA:PCDAr:44.5] [G23-L1CA:PCDAr:47.0] [G15-L1CA:PCDAr:53.8] [G13-L1CA:PCDAr:51.3] [G14-L1CA:PCDAr:43.8] [G19-L1CA:PCDAr:51.0] [G24-L1CA:PCDAr:54.5] [G22-L1CA:PCDAr:48.8] [G17-L1CA:PCDAr:48.0] [G12-L1CA:PCDAr:52.3] [G10-L2CM:PCDAr:44.3] [G23-L2CM:PCDAr:45.5] [G24-L2CM:PCDAr:52.5] [G15-L2CM:PCDAr:48.8]
0,74,0x004A,OBS,257,391139.000,Msg 2 of 3 (14) [G14-L2CM:PCDAr:40.8] [G17-L2CM:PCDAr:43.8] [G12-L2CM:PCDAr:46.8] [R1-L1OF:PCDAr:51.0] [R8-L1OF:PCDAr:46.5] [R11-L1OF:PCDAr:56.0] [R10-L1OF:PCDAr:49.3] [R11-L2OF:PCDAr:51.5] [R1-L2OF:PCDAr:44.3] [B7-B1:PCDAr:42.5] [B35-B1:PCDAr:45.8] [B24-B1:PCDAr:53.8] [B33-B1:PCDAr:50.8] [B26-B1:PCDAr:54.0]
9297,258,0x0102,GPS TIME,19,391139.200,Wk: 2293 | TOW ns: -32 | GNSS
9297,259,0x0103,UTC TIME,24,391139.200,2023-12-21 12:38:41.199 (GNSS) | UTC Offset: Decoded
9297,522,0x020A,POS LLA,42,391139.200,RTK Fixed | Lat: 45.5010816 deg | Lon: 9.1560371 deg | Alt: 173.116 m | Used SVs: 15
9297,526,0x020E,VEL NED,30,391139.200,Comp. Doppler | COG: 59.04 deg | SOG: 0.02 m/s | Horiz Vel: 0.01 m/s | Vert Vel: -0.02 m/s | EHVE: 0.09 m/s | EVVE: 0.09 m/s
9297,520,0x0208,DOPS,23,391139.200,HDOP: 0.8 | PDOP: 1.6
9297,524,0x020C,BASELINE NED,30,391139.200,RTK Fixed | N: 44.529 m | E: -198.223 m | D: 13.664 m | Baseline: 203.622 m
9297,528,0x0210,CORR AGE,14,391139.200,2.2 s
9297,65282,0xFF02,DGNSS STATUS,12,,RTK | Signals: 15 | Latency: 2.2 s | ""
9297,97,0x0061,MEAS STATE,245,,Total SVs: 19 | L1: 9 | L2: 6 | G1: 0 | G2: 0 | E1: 3 | E2: 3 | B1: 6 | B2: 2 | SBAS: 1
9297,258,0x0102,GPS TIME,19,391139.300,Wk: 2293 | TOW ns: -31 | GNSS
9297,259,0x0103,UTC TIME,24,391139.300,2023-12-21 12:38:41.299 (GNSS) | UTC Offset: Decoded
9297,522,0x020A,POS LLA,42,391139.300,RTK Fixed | Lat: 45.5010816 deg | Lon: 9.1560371 deg | Alt: 173.117 m | Used SVs: 15
9297,526,0x020E,VEL NED,30,391139.300,Comp. Doppler | COG: 315.00 deg | SOG: 0.01 m/s | Horiz Vel: 0.01 m/s | Vert Vel: -0.00 m/s | EHVE: 0.09 m/s | EVVE: 0.09 m/s
9297,520,0x0208,DOPS,23,391139.300,HDOP: 0.8 | PDOP: 1.6
9297,524,0x020C,BASELINE NED,30,391139.300,RTK Fixed | N: 44.529 m | E: -198.225 m | D: 13.663 m | Baseline: 203.624 m
9297,528,0x0210,CORR AGE,14,391139.300,1.3 s
9297,65282,0xFF02,DGNSS STATUS,12,,RTK | Signals: 15 | Latency: 1.3 s | ""
9297,30583,0x7777,SBAS RAW,42,,
9297,258,0x0102,GPS TIME,19,391139.400,Wk: 2293 | TOW ns: -31 | GNSS
9297,259,0x0103,UTC TIME,24,391139.400,2023-12-21 12:38:41.399 (GNSS) | UTC Offset: Decoded
9297,522,0x020A,POS LLA,42,391139.400,RTK Fixed | Lat: 45.5010816 deg | Lon: 9.1560371 deg | Alt: 173.117 m | Used SVs: 15
9297,526,0x020E,VEL NED,30,391139.400,Comp. Doppler | COG: 45.00 deg | SOG: 0.01 m/s | Horiz Vel: 0.01 m/s | Vert Vel: -0.00 m/s | EHVE: 0.09 m/s | EVVE: 0.09 m/s
9297,520,0x0208,DOPS,23,391139.400,HDOP: 0.8 | PDOP: 1.6
9297,524,0x020C,BASELINE NED,30,391139.400,RTK Fixed | N: 44.529 m | E: -198.224 m | D: 13.662 m | Baseline: 203.623 m
9297,528,0x0210,CORR AGE,14,391139.400,1.4 s
9297,65282,0xFF02,DGNSS STATUS,12,,RTK | Signals: 15 | Latency: 1.4 s | ""
9297,65535,0xFFFF,HEARTBEAT,12,,ANT OK | NAP OK | IO OK | SYS OK
9297,117,0x0075,GLO BIASES,17,,L1C: 0.00 m | L1P: 0.00 m | L2C: 0.00 m | L2P: 0.00 m
9297,258,0x0102,GPS TIME,19,391139.500,Wk: 2293 | TOW ns: -31 | GNSS
9297,259,0x0103,UTC TIME,24,391139.500,2023-12-21 12:38:41.499 (GNSS) | UTC Offset: Decoded
9297,522,0x020A,POS LLA,42,391139.500,RTK Fixed | Lat: 45.5010816 deg | Lon: 9.1560371 deg | Alt: 173.118 m | Used SVs: 15
9297,526,0x020E,VEL NED,30,391139.500,Comp. Doppler | COG: 135.00 deg | SOG: 0.01 m/s | Horiz Vel: 0.01 m/s | Vert Vel: 0.01 m/s | EHVE: 0.09 m/s | EVVE: 0.09 m/s
9297,520,0x0208,DOPS,23,391139.500,HDOP: 0.8 | PDOP: 1.6
9297,524,0x020C,BASELINE NED,30,391139.500,RTK Fixed | N: 44.529 m | E: -198.224 m | D: 13.662 m | Baseline: 203.623 m
9297,528,0x0210,CORR AGE,14,391139.500,1.5 s
9297,65282,0xFF02,DGNSS STATUS,12,,RTK | Signals: 15 | Latency: 1.5 s | ""
9297,151,0x0097,SV AZ EL,116,,(27) [G10 312 17] [G12 228 36] [G13 148 35] [G14 54 11] [G15 196 57] [G17 62 33] [G19 98 40] [G22 52 30] [G23 272 24] [G24 310 71] [G25 234 2] [R1 294 54] [R2 334 13] [R8 196 43] [R9 62 9] [R11 286 58] [R12 254 7] [R20 94 16] [B10 54 29] [B14 244 47] [B24 274 57] [B26 56 65] [B33 284 42] [B35 108 23] [E4 296 55] [E19 168 54] [E21 56 65]
9297,258,0x0102,GPS TIME,19,391139.600,Wk: 2293 | TOW ns: -30 | GNSS
9297,259,0x0103,UTC TIME,24,391139.600,2023-12-21 12:38:41.599 (GNSS) | UTC Offset: Decoded
9297,522,0x020A,POS LLA,42,391139.600,RTK Fixed | Lat: 45.5010815 deg | Lon: 9.1560371 deg | Alt: 173.120 m | Used SVs: 15
9297,526,0x020E,VEL NED,30,391139.600,Comp. Doppler | COG: 278.13 deg | SOG: 0.01 m/s | Horiz Vel: 0.01 m/s | Vert Vel: 0.01 m/s | EHVE: 0.09 m/s | EVVE: 0.09 m/s
9297,520,0x0208,DOPS,23,391139.600,HDOP: 0.8 | PDOP: 1.6
9297,524,0x020C,BASELINE NED,30,391139.600,RTK Fixed | N: 44.529 m | E: -198.224 m | D: 13.660 m | Baseline: 203.623 m
9297,528,0x0210,CORR AGE,14,391139.600,1.6 s
9297,65282,0xFF02,DGNSS STATUS,12,,RTK | Signals: 15 | Latency: 1.6 s | ""
9297,258,0x0102,GPS TIME,19,391139.700,Wk: 2293 | TOW ns: -30 | GNSS
9297,259,0x0103,UTC TIME,24,391139.700,2023-12-21 12:38:41.699 (GNSS) | UTC Offset: Decoded
9297,522,0x020A,POS LLA,42,391139.700,RTK Fixed | Lat: 45.5010815 deg | Lon: 9.1560371 deg | Alt: 173.119 m | Used SVs: 15
9297,526,0x020E,VEL NED,30,391139.700,Comp. Doppler | COG: 153.43 deg | SOG: 0.02 m/s | Horiz Vel: 0.02 m/s | Vert Vel: -0.00 m/s | EHVE: 0.09 m/s | EVVE: 0.09 m/s
9297,520,0x0208,DOPS,23,391139.700,HDOP: 0.8 | PDOP: 1.6
9297,524,0x020C,BASELINE NED,30,391139.700,RTK Fixed | N: 44.527 m | E: -198.223 m | D: 13.661 m | Baseline: 203.621 m
9297,528,0x0210,CORR AGE,14,391139.700,1.7 s
9297,65282,0xFF02,DGNSS STATUS,12,,RTK | Signals: 15 | Latency: 1.7 s | ""
9297,97,0x0061,MEAS STATE,245,,Total SVs: 23 | L1: 9 | L2: 6 | G1: 5 | G2: 4 | E1: 3 | E2: 3 | B1: 6 | B2: 2 | SBAS: 1
9297,258,0x0102,GPS TIME,19,391139.800,Wk: 2293 | TOW ns: -30 | GNSS
9297,259,0x0103,UTC TIME,24,391139.800,2023-12-21 12:38:41.799 (GNSS) | UTC Offset: Decoded
9297,522,0x020A,POS LLA,42,391139.800,RTK Fixed | Lat: 45.5010815 deg | Lon: 9.1560371 deg | Alt: 173.117 m | Used SVs: 15
9297,526,0x020E,VEL NED,30,391139.800,Comp. Doppler | COG: 28.30 deg | SOG: 0.02 m/s | Horiz Vel: 0.01 m/s | Vert Vel: -0.01 m/s | EHVE: 0.09 m/s | EVVE: 0.09 m/s
9297,520,0x0208,DOPS,23,391139.800,HDOP: 0.8 | PDOP: 1.6
9297,524,0x020C,BASELINE NED,30,391139.800,RTK Fixed | N: 44.528 m | E: -198.223 m | D: 13.662 m | Baseline: 203.622 m
9297,528,0x0210,CORR AGE,14,391139.800,1.8 s
9297,65282,0xFF02,DGNSS STATUS,12,,RTK | Signals: 15 | Latency: 1.8 s | ""
9297,258,0x0102,GPS TIME,19,391139.900,Wk: 2293 | TOW ns: -30 | GNSS
9297,259,0x0103,UTC TIME,24,391139.900,2023-12-21 12:38:41.899 (GNSS) | UTC Offset: Decoded
9297,522,0x020A,POS LLA,42,391139.900,RTK Fixed | Lat: 45.5010815 deg | Lon: 9.1560371 deg | Alt: 173.119 m | Used SVs: 15
9297,526,0x020E,VEL NED,30,391139.900,Comp. Doppler | COG: 206.57 deg | SOG: 0.02 m/s | Horiz Vel: 0.01 m/s | Vert Vel: 0.01 m/s | EHVE: 0.09 m/s | EVVE: 0.09 m/s
9297,520,0x0208,DOPS,23,391139.900,HDOP: 0.8 | PDOP: 1.6
9297,524,0x020C,BASELINE NED,30,391139.900,RTK Fixed | N: 44.527 m | E: -198.223 m | D: 13.661 m | Baseline: 203.621 m
9297,528,0x0210,CORR AGE,14,391139.900,1.9 s
9297,65282,0xFF02,DGNSS STATUS,12,,RTK | Signals: 15 | Latency: 1.9 s | ""
9297,74,0x004A,OBS,257,391140.000,Msg 1 of 3 (14) [G12-L1CA:PCDAr:49.5] [G13-L1CA:PCDAr:50.0] [G15-L1CA:PCDAr:51.3] [G17-L1CA:PCDAr:44.8] [G19-L1CA:PCDAr:49.3] [G22-L1CA:PCDAr:43.8] [G24-L1CA:PCDAr:48.8] [G23-L1CA:PCDAr:42.5] [G24-L2CM:PCDAr:50.0] [G15-L2CM:PCDAr:49.5] [G17-L2CM:PCDAr:44.0] [G12-L2CM:PCDAr:46.8] [G23-L2CM:PCDAr:45.5] [G10-L2CM:PCDAr:35.8]
9297,74,0x004A,OBS,257,391140.000,Msg 2 of 3 (14) [R11-L1OF:PCDAr:53.0] [R2-L1OF:PCDAr:42.8] [R1-L1OF:PCDAr:46.5] [R8-L1OF:PCDAr:52.0] [R20-L1OF:PCDAr:42.0] [R11-L2OF:PCDAr:50.0] [R1-L2OF:PCDAr:41.0] [R8-L2OF:PCDAr:52.0] [B24-B1:PCDAr:51.3] [B10-B1:PCDAr:43.5] [B26-B1:PCDAr:52.5] [B33-B1:PCDAr:47.3] [B35-B1:PCDAr:51.3] [B14-B1:PCDAr:48.0]
9297,74,0x004A,OBS,155,391140.000,Msg 3 of 3 (8) [B10-B2:PCDAr:44.8] [B14-B2:PCDAr:51.8] [E4-E1B:PCDAr:46.8] [E19-E1B:PCDAr:49.8] [E21-E1B:PCDAr:51.3] [E4-E7I:PCDAr:48.3] [E19-E7I:PCDAr:49.5] [E21-E7I:PCDAr:51.0]
9297,117,0x0075,GLO BIASES,17,,L1C: 0.00 m | L1P: 0.00 m | L2C: 0.00 m | L2P: 0.00 m
9297,258,0x0102,GPS TIME,19,391140.000,Wk: 2293 | TOW ns: -30 | GNSS
9297,259,0x0103,UTC TIME,24,391140.000,2023-12-21 12:38:41.999 (GNSS) | UTC Offset: Decoded
9297,522,0x020A,POS LLA,42,391140.000,RTK Fixed | Lat: 45.5010815 deg | Lon: 9.1560371 deg | Alt: 173.118 m | Used SVs: 15
9297,526,0x020E,VEL NED,30,391140.000,Comp. Doppler | COG: 0.00 deg | SOG: 0.01 m/s | Horiz Vel: 0.01 m/s | Vert Vel: -0.01 m/s | EHVE: 0.09 m/s | EVVE: 0.09 m/s
9297,520,0x0208,DOPS,23,391140.000,HDOP: 0.8 | PDOP: 1.6
9297,524,0x020C,BASELINE NED,30,391140.000,RTK Fixed | N: 44.528 m | E: -198.223 m | D: 13.662 m | Baseline: 203.622 m
9297,528,0x0210,CORR AGE,14,391140.000,2.0 s
9297,65282,0xFF02,DGNSS STATUS,12,,RTK | Signals: 15 | Latency: 2.0 s | ""
0,74,0x004A,OBS,257,391139.000,Msg 3 of 3 (14) [B14-B1:PCDAr:48.5] [B10-B1:PCDAr:41.8] [B29-B1:PCDAr:47.3] [B10-B2:PCDAr:46.3] [B7-B2:PCDAr:41.5] [B14-B2:PCDAr:53.8] [E4-E1B:PCDAr:50.8] [E27-E1B:PCDAr:42.0] [E19-E1B:PCDAr:46.8] [E21-E1B:PCDAr:52.3] [E4-E7I:PCDAr:53.5] [E21-E7I:PCDAr:53.8] [E27-E7I:PCDAr:42.5] [E19-E7I:PCDAr:48.5]
9297,258,0x0102,GPS TIME,19,391140.100,Wk: 2293 | TOW ns: -30 | GNSS
9297,259,0x0103,UTC TIME,24,391140.100,2023-12-21 12:38:42.099 (GNSS) | UTC Offset: Decoded
9297,522,0x020A,POS LLA,42,391140.100,RTK Fixed | Lat: 45.5010815 deg | Lon: 9.1560371 deg | Alt: 173.120 m | Used SVs: 15
9297,526,0x020E,VEL NED,30,391140.100,Comp. Doppler | COG: 168.69 deg | SOG: 0.02 m/s | Horiz Vel: 0.01 m/s | Vert Vel: 0.02 m/s | EHVE: 0.09 m/s | EVVE: 0.09 m/s
9297,520,0x0208,DOPS,23,391140.100,HDOP: 0.8 | PDOP: 1.6
9297,524,0x020C,BASELINE NED,30,391140.100,RTK Fixed | N: 44.527 m | E: -198.223 m | D: 13.660 m | Baseline: 203.621 m
9297,528,0x0210,CORR AGE,14,391140.100,2.1 s
9297,65282,0xFF02,DGNSS STATUS,12,,RTK | Signals: 15 | Latency: 2.1 s | ""
0,72,0x0048,BASE POS ECEF,32,,X: 4421114.209 m | Y: 712784.166 m | Z: 4526655.471 m (Lat: 45.5006809 deg | Lon: 9.1585732 deg | Alt: 186.776 m)
0,74,0x004A,OBS,257,391140.000,Msg 1 of 3 (14) [G10-L1CA:PCDAr:44.5] [G23-L1CA:PCDAr:47.0] [G15-L1CA:PCDAr:53.8] [G13-L1CA:PCDAr:51.3] [G14-L1CA:PCDAr:44.0] [G19-L1CA:PCDAr:51.0] [G24-L1CA:PCDAr:54.3] [G22-L1CA:PCDAr:48.8] [G17-L1CA:PCDAr:48.0] [G12-L1CA:PCDAr:52.3] [G10-L2CM:PCDAr:44.0] [G23-L2CM:PCDAr:45.5] [G24-L2CM:PCDAr:52.5] [G15-L2CM:PCDAr:48.8]
0,74,0x004A,OBS,257,391140.000,Msg 2 of 3 (14) [G14-L2CM:PCDAr:40.8] [G17-L2CM:PCDAr:44.0] [G12-L2CM:PCDAr:46.8] [R1-L1OF:PCDAr:51.0] [R8-L1OF:PCDAr:46.5] [R11-L1OF:PCDAr:56.0] [R10-L1OF:PCDAr:49.0] [R11-L2OF:PCDAr:51.5] [R1-L2OF:PCDAr:44.3] [B7-B1:PCDAr:42.5] [B35-B1:PCDAr:45.8] [B24-B1:PCDAr:53.5] [B33-B1:PCDAr:50.5] [B26-B1:PCDAr:53.8]
9297,258,0x0102,GPS TIME,19,391140.200,Wk: 2293 | TOW ns: -29 | GNSS
9297,259,0x0103,UTC TIME,24,391140.200,2023-12-21 12:38:42.199 (GNSS) | UTC Offset: Decoded
9297,522,0x020A,POS LLA,42,391140.200,RTK Fixed | Lat: 45.5010815 deg | Lon: 9.1560371 deg | Alt: 173.117 m | Used SVs: 15
9297,526,0x020E,VEL NED,30,391140.200,Comp. Doppler | COG: 45.00 deg | SOG: 0.03 m/s | Horiz Vel: 0.00 m/s | Vert Vel: -0.03 m/s | EHVE: 0.09 m/s | EVVE: 0.09 m/s
9297,520,0x0208,DOPS,23,391140.200,HDOP: 0.8 | PDOP: 1.6
9297,524,0x020C,BASELINE NED,30,391140.200,RTK Fixed | N: 44.527 m | E: -198.223 m | D: 13.662 m | Baseline: 203.621 m
9297,528,0x0210,CORR AGE,14,391140.200,2.2 s
9297,65282,0xFF02,DGNSS STATUS,12,,RTK | Signals: 15 | Latency: 2.2 s | ""
9297,97,0x0061,MEAS STATE,245,,Total SVs: 19 | L1: 9 | L2: 6 | G1: 0 | G2: 0 | E1: 3 | E2: 3 | B1: 6 | B2: 2 | SBAS: 1
9297,258,0x0102,GPS TIME,19,391140.300,Wk: 2293 | TOW ns: -29 | GNSS
9297,259,0x0103,UTC TIME,24,391140.300,2023-12-21 12:38:42.299 (GNSS) | UTC Offset: Decoded
9297,522,0x020A,POS LLA,42,391140.300,RTK Fixed | Lat: 45.5010815 deg | Lon: 9.1560371 deg | Alt: 173.117 m | Used SVs: 15
9297,526,0x020E,VEL NED,30,391140.300,Comp. Doppler | COG: 21.80 deg | SOG: 0.01 m/s | Horiz Vel: 0.01 m/s | Vert Vel: -0.00 m/s | EHVE: 0.09 m/s | EVVE: 0.09 m/s
9297,520,0x0208,DOPS,23,391140.300,HDOP: 0.8 | PDOP: 1.6
9297,524,0x020C,BASELINE NED,30,391140.300,RTK Fixed | N: 44.528 m | E: -198.223 m | D: 13.663 m | Baseline: 203.622 m
9297,528,0x0210,CORR AGE,14,391140.300,2.3 s
9297,65282,0xFF02,DGNSS STATUS,12,,RTK | Signals: 15 | Latency: 2.3 s | ""
9297,30583,0x7777,SBAS RAW,42,,
9297,258,0x0102,GPS TIME,19,391140.400,Wk: 2293 | TOW ns: -28 | GNSS
9297,259,0x0103,UTC TIME,24,391140.400,2023-12-21 12:38:42.399 (GNSS) | UTC Offset: Decoded
9297,522,0x020A,POS LLA,42,391140.400,RTK Fixed | Lat: 45.5010815 deg | Lon: 9.1560371 deg | Alt: 173.117 m | Used SVs: 15
9297,526,0x020E,VEL NED,30,391140.400,Comp. Doppler | COG: 56.31 deg | SOG: 0.01 m/s | Horiz Vel: 0.00 m/s | Vert Vel: -0.01 m/s | EHVE: 0.09 m/s | EVVE: 0.09 m/s
9297,520,0x0208,DOPS,23,391140.400,HDOP: 0.8 | PDOP: 1.6
9297,524,0x020C,BASELINE NED,30,391140.400,RTK Fixed | N: 44.529 m | E: -198.225 m | D: 13.663 m | Baseline: 203.624 m
9297,528,0x0210,CORR AGE,14,391140.400,1.4 s
9297,65282,0xFF02,DGNSS STATUS,12,,RTK | Signals: 15 | Latency: 1.4 s | ""
9297,65535,0xFFFF,HEARTBEAT,12,,ANT OK | NAP OK | IO OK | SYS OK
9297,23,0x0017,THREAD STATE,34,,main | 0.0 % | 65532 B
9297,23,0x0017,THREAD STATE,34,,idle | 1.6 % | 124 B
9297,23,0x0017,THREAD STATE,34,,rpmsg | 0.2 % | 3572 B
9297,23,0x0017,THREAD STATE,34,,rpmsg_imu | 0.0 % | 3660 B
9297,23,0x0017,THREAD STATE,34,,SBP | 0.0 % | 65532 B
9297,23,0x0017,THREAD STATE,34,,NAP | 0.0 % | 32812 B
9297,23,0x0017,THREAD STATE,34,,manage PV | 0.0 % | 1060 B
9297,23,0x0017,THREAD STATE,34,,IMU | 0.0 % | 2044 B
9297,23,0x0017,THREAD STATE,34,,IMU aux | 0.0 % | 2164 B
9297,23,0x0017,THREAD STATE,34,,ndb | 0.0 % | 3176 B
9297,23,0x0017,THREAD STATE,34,,NAP Tracking | 26.7 % | 30476 B
9297,23,0x0017,THREAD STATE,34,,decode | 0.6 % | 1588 B
9297,23,0x0017,THREAD STATE,34,,manage acq | 30.0 % | 30452 B
9297,23,0x0017,THREAD STATE,34,,system monitor | 0.1 % | 1548 B
9297,23,0x0017,THREAD STATE,34,,Watchdog | 0.0 % | 1108 B
9297,23,0x0017,THREAD STATE,34,,starling | 31.8 % | 65532 B
9297,23,0x0017,THREAD STATE,34,,time matched obs | 8.3 % | 65532 B
9297,23,0x0017,THREAD STATE,34,,me_calc_pvt | 0.9 % | 18804 B
9297,23,0x0017,THREAD STATE,34,,PPS | 0.0 % | 1840 B
9297,23,0x0017,THREAD STATE,34,,spectrum analyzer | 0.0 % | 4044 B
9297,117,0x0075,GLO BIASES,17,,L1C: 0.00 m | L1P: 0.00 m | L2C: 0.00 m | L2P: 0.00 m
9297,258,0x0102,GPS TIME,19,391140.500,Wk: 2293 | TOW ns: -28 | GNSS
9297,259,0x0103,UTC TIME,24,391140.500,2023-12-21 12:38:42.499 (GNSS) | UTC Offset: Decoded
9297,522,0x020A,POS LLA,42,391140.500,RTK Fixed | Lat: 45.5010815 deg | Lon: 9.1560370 deg | Alt: 173.119 m | Used SVs: 15
9297,526,0x020E,VEL NED,30,391140.500,Comp. Doppler | COG: 233.13 deg | SOG: 0.03 m/s | Horiz Vel: 0.01 m/s | Vert Vel: 0.03 m/s | EHVE: 0.09 m/s | EVVE: 0.09 m/s
9297,520,0x0208,DOPS,23,391140.500,HDOP: 0.8 | PDOP: 1.6
9297,524,0x020C,BASELINE NED,30,391140.500,RTK Fixed | N: 44.529 m | E: -198.225 m | D: 13.660 m | Baseline: 203.624 m
9297,528,0x0210,CORR AGE,14,391140.500,1.5 s
9297,65282,0xFF02,DGNSS STATUS,12,,RTK | Signals: 15 | Latency: 1.5 s | ""
9297,151,0x0097,SV AZ EL,116,,(27) [G10 312 17] [G12 228 36] [G13 148 35] [G14 54 11] [G15 196 57] [G17 62 33] [G19 98 40] [G22 52 30] [G23 272 24] [G24 310 71] [G25 234 2] [R1 294 54] [R2 334 13] [R8 196 43] [R9 62 9] [R11 286 58] [R12 254 7] [R20 94 16] [B10 54 29] [B14 244 47] [B24 274 57] [B26 56 65] [B33 284 42] [B35 108 23] [E4 296 55] [E19 168 54] [E21 56 65]
9297,258,0x0102,GPS TIME,19,391140.600,Wk: 2293 | TOW ns: -28 | GNSS
9297,259,0x0103,UTC TIME,24,391140.600,2023-12-21 12:38:42.599 (GNSS) | UTC Offset: Decoded
9297,522,0x020A,POS LLA,42,391140.600,RTK Fixed | Lat: 45.5010815 deg | Lon: 9.1560370 deg | Alt: 173.119 m | Used SVs: 15
9297,526,0x020E,VEL NED,30,391140.600,Comp. Doppler | COG: 236.31 deg | SOG: 0.01 m/s | Horiz Vel: 0.00 m/s | Vert Vel: 0.00 m/s | EHVE: 0.09 m/s | EVVE: 0.09 m/s
9297,520,0x0208,DOPS,23,391140.600,HDOP: 0.8 | PDOP: 1.6
9297,524,0x020C,BASELINE NED,30,391140.600,RTK Fixed | N: 44.528 m | E: -198.226 m | D: 13.660 m | Baseline: 203.624 m
9297,528,0x0210,CORR AGE,14,391140.600,1.6 s
9297,65282,0xFF02,DGNSS STATUS,12,,RTK | Signals: 15 | Latency: 1.6 s | ""
9297,258,0x0102,GPS TIME,19,391140.700,Wk: 2293 | TOW ns: -27 | GNSS
9297,259,0x0103,UTC TIME,24,391140.700,2023-12-21 12:38:42.699 (GNSS) | UTC Offset: Decoded
9297,522,0x020A,POS LLA,42,391140.700,RTK Fixed | Lat: 45.5010815 deg | Lon: 9.1560371 deg | Alt: 173.118 m | Used SVs: 15
9297,526,0x020E,VEL NED,30,391140.700,Comp. Doppler | COG: 81.87 deg | SOG: 0.02 m/s | Horiz Vel: 0.01 m/s | Vert Vel: -0.02 m/s | EHVE: 0.09 m/s | EVVE: 0.09 m/s
9297,520,0x0208,DOPS,23,391140.700,HDOP: 0.8 | PDOP: 1.6
9297,524,0x020C,BASELINE NED,30,391140.700,RTK Fixed | N: 44.529 m | E: -198.225 m | D: 13.662 m | Baseline: 203.624 m
9297,528,0x0210,CORR AGE,14,391140.700,1.7 s
9297,65282,0xFF02,DGNSS STATUS,12,,RTK | Signals: 15 | Latency: 1.7 s | ""
9297,97,0x0061,MEAS STATE,245,,Total SVs: 23 | L1: 9 | L2: 6 | G1: 5 | G2: 4 | E1: 3 | E2: 3 | B1: 6 | B2: 2 | SBAS: 1
9297,258,0x0102,GPS TIME,19,391140.800,Wk: 2293 | TOW ns: -27 | GNSS
9297,259,0x0103,UTC TIME,24,391140.800,2023-12-21 12:38:42.799 (GNSS) | UTC Offset: Decoded
9297,522,0x020A,POS LLA,42,391140.800,RTK Fixed | Lat: 45.5010815 deg | Lon: 9.1560370 deg | Alt: 173.119 m | Used SVs: 15
9297,526,0x020E,VEL NED,30,391140.800,Comp. Doppler | COG: 243.43 deg | SOG: 0.02 m/s | Horiz Vel: 0.00 m/s | Vert Vel: 0.02 m/s | EHVE: 0.09 m/s | EVVE: 0.09 m/s
9297,520,0x0208,DOPS,23,391140.800,HDOP: 0.8 | PDOP: 1.6
9297,524,0x020C,BASELINE NED,30,391140.800,RTK Fixed | N: 44.529 m | E: -198.225 m | D: 13.661 m | Baseline: 203.624 m
9297,528,0x0210,CORR AGE,14,391140.800,1.8 s
9297,65282,0xFF02,DGNSS STATUS,12,,RTK | Signals: 15 | Latency: 1.8 s | ""
9297,258,0x0102,GPS TIME,19,391140.900,Wk: 2293 | TOW ns: -27 | GNSS
9297,259,0x0103,UTC TIME,24,391140.900,2023-12-21 12:38:42.899 (GNSS) | UTC Offset: Decoded
9297,522,0x020A,POS LLA,42,391140.900,RTK Fixed | Lat: 45.5010815 deg | Lon: 9.1560371 deg | Alt: 173.118 m | Used SVs: 15
9297,526,0x020E,VEL NED,30,391140.900,Comp. Doppler | COG: 135.00 deg | SOG: 0.02 m/s | Horiz Vel: 0.02 m/s | Vert Vel: -0.00 m/s | EHVE: 0.09 m/s | EVVE: 0.09 m/s
9297,520,0x0208,DOPS,23,391140.900,HDOP: 0.8 | PDOP: 1.6
9297,524,0x020C,BASELINE NED,30,391140.900,RTK Fixed | N: 44.528 m | E: -198.224 m | D: 13.661 m | Baseline: 203.622 m
9297,528,0x0210,CORR AGE,14,391140.900,1.9 s
9297,65282,0xFF02,DGNSS STATUS,12,,RTK | Signals: 15 | Latency: 1.9 s | ""
