<?xml version="1.0" encoding="UTF-8"?>
<kml xmlns="http://www.opengis.net/kml/2.2">
 <Document>
  <Style id="BlackLine"><LineStyle><color>FF000000</color><width>2</width></LineStyle></Style>
  <Style id="RedLine"><LineStyle><color>FF0000FF</color><width>2</width></LineStyle></Style>
  <Style id="GreenLine"><LineStyle><color>FF00FF00</color><width>2</width></LineStyle></Style>
  <Style id="BlueLine"><LineStyle><color>FFFF0000</color><width>2</width></LineStyle></Style>
  <Style id="PurpleLine"><LineStyle><color>FFFF00FF</color><width>2</width></LineStyle></Style>
  <Style id="CyanLine"><LineStyle><color>FFFFFF00</color><width>2</width></LineStyle></Style>
  <Style id="BlackStatic"><IconStyle><Icon><href>http://downloads.swiftnav.com/kml-icons/track-none.png</href></Icon><color>FF000000</color><scale>1.2</scale></IconStyle><BalloonStyle><bgColor>FFDDFFFF</bgColor><text>$[description]</text></BalloonStyle></Style>
  <Style id="BlackN"><IconStyle><Icon><href>http://downloads.swiftnav.com/kml-icons/track-0.png</href></Icon><color>FF000000</color><scale>1.2</scale></IconStyle><BalloonStyle><bgColor>FFDDFFFF</bgColor><text>$[description]</text></BalloonStyle></Style>
  <Style id="BlackNNE"><IconStyle><Icon><href>http://downloads.swiftnav.com/kml-icons/track-1.png</href></Icon><color>FF000000</color><scale>1.2</scale></IconStyle><BalloonStyle><bgColor>FFDDFFFF</bgColor><text>$[description]</text></BalloonStyle></Style>
  <Style id="BlackNE"><IconStyle><Icon><href>http://downloads.swiftnav.com/kml-icons/track-2.png</href></Icon><color>FF000000</color><scale>1.2</scale></IconStyle><BalloonStyle><bgColor>FFDDFFFF</bgColor><text>$[description]</text></BalloonStyle></Style>
  <Style id="BlackENE"><IconStyle><Icon><href>http://downloads.swiftnav.com/kml-icons/track-3.png</href></Icon><color>FF000000</color><scale>1.2</scale></IconStyle><BalloonStyle><bgColor>FFDDFFFF</bgColor><text>$[description]</text></BalloonStyle></Style>
  <Style id="BlackE"><IconStyle><Icon><href>http://downloads.swiftnav.com/kml-icons/track-4.png</href></Icon><color>FF000000</color><scale>1.2</scale></IconStyle><BalloonStyle><bgColor>FFDDFFFF</bgColor><text>$[description]</text></BalloonStyle></Style>
  <Style id="BlackESE"><IconStyle><Icon><href>http://downloads.swiftnav.com/kml-icons/track-5.png</href></Icon><color>FF000000</color><scale>1.2</scale></IconStyle><BalloonStyle><bgColor>FFDDFFFF</bgColor><text>$[description]</text></BalloonStyle></Style>
  <Style id="BlackSE"><IconStyle><Icon><href>http://downloads.swiftnav.com/kml-icons/track-6.png</href></Icon><color>FF000000</color><scale>1.2</scale></IconStyle><BalloonStyle><bgColor>FFDDFFFF</bgColor><text>$[description]</text></BalloonStyle></Style>
  <Style id="BlackSSE"><IconStyle><Icon><href>http://downloads.swiftnav.com/kml-icons/track-7.png</href></Icon><color>FF000000</color><scale>1.2</scale></IconStyle><BalloonStyle><bgColor>FFDDFFFF</bgColor><text>$[description]</text></BalloonStyle></Style>
  <Style id="BlackS"><IconStyle><Icon><href>http://downloads.swiftnav.com/kml-icons/track-8.png</href></Icon><color>FF000000</color><scale>1.2</scale></IconStyle><BalloonStyle><bgColor>FFDDFFFF</bgColor><text>$[description]</text></BalloonStyle></Style>
  <Style id="BlackSSW"><IconStyle><Icon><href>http://downloads.swiftnav.com/kml-icons/track-9.png</href></Icon><color>FF000000</color><scale>1.2</scale></IconStyle><BalloonStyle><bgColor>FFDDFFFF</bgColor><text>$[description]</text></BalloonStyle></Style>
  <Style id="BlackSW"><IconStyle><Icon><href>http://downloads.swiftnav.com/kml-icons/track-10.png</href></Icon><color>FF000000</color><scale>1.2</scale></IconStyle><BalloonStyle><bgColor>FFDDFFFF</bgColor><text>$[description]</text></BalloonStyle></Style>
  <Style id="BlackWSW"><IconStyle><Icon><href>http://downloads.swiftnav.com/kml-icons/track-11.png</href></Icon><color>FF000000</color><scale>1.2</scale></IconStyle><BalloonStyle><bgColor>FFDDFFFF</bgColor><text>$[description]</text></BalloonStyle></Style>
  <Style id="BlackW"><IconStyle><Icon><href>http://downloads.swiftnav.com/kml-icons/track-12.png</href></Icon><color>FF000000</color><scale>1.2</scale></IconStyle><BalloonStyle><bgColor>FFDDFFFF</bgColor><text>$[description]</text></BalloonStyle></Style>
  <Style id="BlackWNW"><IconStyle><Icon><href>http://downloads.swiftnav.com/kml-icons/track-13.png</href></Icon><color>FF000000</color><scale>1.2</scale></IconStyle><BalloonStyle><bgColor>FFDDFFFF</bgColor><text>$[description]</text></BalloonStyle></Style>
  <Style id="BlackNW"><IconStyle><Icon><href>http://downloads.swiftnav.com/kml-icons/track-14.png</href></Icon><color>FF000000</color><scale>1.2</scale></IconStyle><BalloonStyle><bgColor>FFDDFFFF</bgColor><text>$[description]</text></BalloonStyle></Style>
  <Style id="BlackNNW"><IconStyle><Icon><href>http://downloads.swiftnav.com/kml-icons/track-15.png</href></Icon><color>FF000000</color><scale>1.2</scale></IconStyle><BalloonStyle><bgColor>FFDDFFFF</bgColor><text>$[description]</text></BalloonStyle></Style>
  <Style id="RedStatic"><IconStyle><Icon><href>http://downloads.swiftnav.com/kml-icons/track-none.png</href></Icon><color>FF0000FF</color><scale>1.2</scale></IconStyle><BalloonStyle><bgColor>FFDDFFFF</bgColor><text>$[description]</text></BalloonStyle></Style>
  <Style id="RedN"><IconStyle><Icon><href>http://downloads.swiftnav.com/kml-icons/track-0.png</href></Icon><color>FF0000FF</color><scale>1.2</scale></IconStyle><BalloonStyle><bgColor>FFDDFFFF</bgColor><text>$[description]</text></BalloonStyle></Style>
  <Style id="RedNNE"><IconStyle><Icon><href>http://downloads.swiftnav.com/kml-icons/track-1.png</href></Icon><color>FF0000FF</color><scale>1.2</scale></IconStyle><BalloonStyle><bgColor>FFDDFFFF</bgColor><text>$[description]</text></BalloonStyle></Style>
  <Style id="RedNE"><IconStyle><Icon><href>http://downloads.swiftnav.com/kml-icons/track-2.png</href></Icon><color>FF0000FF</color><scale>1.2</scale></IconStyle><BalloonStyle><bgColor>FFDDFFFF</bgColor><text>$[description]</text></BalloonStyle></Style>
  <Style id="RedENE"><IconStyle><Icon><href>http://downloads.swiftnav.com/kml-icons/track-3.png</href></Icon><color>FF0000FF</color><scale>1.2</scale></IconStyle><BalloonStyle><bgColor>FFDDFFFF</bgColor><text>$[description]</text></BalloonStyle></Style>
  <Style id="RedE"><IconStyle><Icon><href>http://downloads.swiftnav.com/kml-icons/track-4.png</href></Icon><color>FF0000FF</color><scale>1.2</scale></IconStyle><BalloonStyle><bgColor>FFDDFFFF</bgColor><text>$[description]</text></BalloonStyle></Style>
  <Style id="RedESE"><IconStyle><Icon><href>http://downloads.swiftnav.com/kml-icons/track-5.png</href></Icon><color>FF0000FF</color><scale>1.2</scale></IconStyle><BalloonStyle><bgColor>FFDDFFFF</bgColor><text>$[description]</text></BalloonStyle></Style>
  <Style id="RedSE"><IconStyle><Icon><href>http://downloads.swiftnav.com/kml-icons/track-6.png</href></Icon><color>FF0000FF</color><scale>1.2</scale></IconStyle><BalloonStyle><bgColor>FFDDFFFF</bgColor><text>$[description]</text></BalloonStyle></Style>
  <Style id="RedSSE"><IconStyle><Icon><href>http://downloads.swiftnav.com/kml-icons/track-7.png</href></Icon><color>FF0000FF</color><scale>1.2</scale></IconStyle><BalloonStyle><bgColor>FFDDFFFF</bgColor><text>$[description]</text></BalloonStyle></Style>
  <Style id="RedS"><IconStyle><Icon><href>http://downloads.swiftnav.com/kml-icons/track-8.png</href></Icon><color>FF0000FF</color><scale>1.2</scale></IconStyle><BalloonStyle><bgColor>FFDDFFFF</bgColor><text>$[description]</text></BalloonStyle></Style>
  <Style id="RedSSW"><IconStyle><Icon><href>http://downloads.swiftnav.com/kml-icons/track-9.png</href></Icon><color>FF0000FF</color><scale>1.2</scale></IconStyle><BalloonStyle><bgColor>FFDDFFFF</bgColor><text>$[description]</text></BalloonStyle></Style>
  <Style id="RedSW"><IconStyle><Icon><href>http://downloads.swiftnav.com/kml-icons/track-10.png</href></Icon><color>FF0000FF</color><scale>1.2</scale></IconStyle><BalloonStyle><bgColor>FFDDFFFF</bgColor><text>$[description]</text></BalloonStyle></Style>
  <Style id="RedWSW"><IconStyle><Icon><href>http://downloads.swiftnav.com/kml-icons/track-11.png</href></Icon><color>FF0000FF</color><scale>1.2</scale></IconStyle><BalloonStyle><bgColor>FFDDFFFF</bgColor><text>$[description]</text></BalloonStyle></Style>
  <Style id="RedW"><IconStyle><Icon><href>http://downloads.swiftnav.com/kml-icons/track-12.png</href></Icon><color>FF0000FF</color><scale>1.2</scale></IconStyle><BalloonStyle><bgColor>FFDDFFFF</bgColor><text>$[description]</text></BalloonStyle></Style>
  <Style id="RedWNW"><IconStyle><Icon><href>http://downloads.swiftnav.com/kml-icons/track-13.png</href></Icon><color>FF0000FF</color><scale>1.2</scale></IconStyle><BalloonStyle><bgColor>FFDDFFFF</bgColor><text>$[description]</text></BalloonStyle></Style>
  <Style id="RedNW"><IconStyle><Icon><href>http://downloads.swiftnav.com/kml-icons/track-14.png</href></Icon><color>FF0000FF</color><scale>1.2</scale></IconStyle><BalloonStyle><bgColor>FFDDFFFF</bgColor><text>$[description]</text></BalloonStyle></Style>
  <Style id="RedNNW"><IconStyle><Icon><href>http://downloads.swiftnav.com/kml-icons/track-15.png</href></Icon><color>FF0000FF</color><scale>1.2</scale></IconStyle><BalloonStyle><bgColor>FFDDFFFF</bgColor><text>$[description]</text></BalloonStyle></Style>
  <Style id="GreenStatic"><IconStyle><Icon><href>http://downloads.swiftnav.com/kml-icons/track-none.png</href></Icon><color>FF00FF00</color><scale>1.2</scale></IconStyle><BalloonStyle><bgColor>FFDDFFFF</bgColor><text>$[description]</text></BalloonStyle></Style>
  <Style id="GreenN"><IconStyle><Icon><href>http://downloads.swiftnav.com/kml-icons/track-0.png</href></Icon><color>FF00FF00</color><scale>1.2</scale></IconStyle><BalloonStyle><bgColor>FFDDFFFF</bgColor><text>$[description]</text></BalloonStyle></Style>
  <Style id="GreenNNE"><IconStyle><Icon><href>http://downloads.swiftnav.com/kml-icons/track-1.png</href></Icon><color>FF00FF00</color><scale>1.2</scale></IconStyle><BalloonStyle><bgColor>FFDDFFFF</bgColor><text>$[description]</text></BalloonStyle></Style>
  <Style id="GreenNE"><IconStyle><Icon><href>http://downloads.swiftnav.com/kml-icons/track-2.png</href></Icon><color>FF00FF00</color><scale>1.2</scale></IconStyle><BalloonStyle><bgColor>FFDDFFFF</bgColor><text>$[description]</text></BalloonStyle></Style>
  <Style id="GreenENE"><IconStyle><Icon><href>http://downloads.swiftnav.com/kml-icons/track-3.png</href></Icon><color>FF00FF00</color><scale>1.2</scale></IconStyle><BalloonStyle><bgColor>FFDDFFFF</bgColor><text>$[description]</text></BalloonStyle></Style>
  <Style id="GreenE"><IconStyle><Icon><href>http://downloads.swiftnav.com/kml-icons/track-4.png</href></Icon><color>FF00FF00</color><scale>1.2</scale></IconStyle><BalloonStyle><bgColor>FFDDFFFF</bgColor><text>$[description]</text></BalloonStyle></Style>
  <Style id="GreenESE"><IconStyle><Icon><href>http://downloads.swiftnav.com/kml-icons/track-5.png</href></Icon><color>FF00FF00</color><scale>1.2</scale></IconStyle><BalloonStyle><bgColor>FFDDFFFF</bgColor><text>$[description]</text></BalloonStyle></Style>
  <Style id="GreenSE"><IconStyle><Icon><href>http://downloads.swiftnav.com/kml-icons/track-6.png</href></Icon><color>FF00FF00</color><scale>1.2</scale></IconStyle><BalloonStyle><bgColor>FFDDFFFF</bgColor><text>$[description]</text></BalloonStyle></Style>
  <Style id="GreenSSE"><IconStyle><Icon><href>http://downloads.swiftnav.com/kml-icons/track-7.png</href></Icon><color>FF00FF00</color><scale>1.2</scale></IconStyle><BalloonStyle><bgColor>FFDDFFFF</bgColor><text>$[description]</text></BalloonStyle></Style>
  <Style id="GreenS"><IconStyle><Icon><href>http://downloads.swiftnav.com/kml-icons/track-8.png</href></Icon><color>FF00FF00</color><scale>1.2</scale></IconStyle><BalloonStyle><bgColor>FFDDFFFF</bgColor><text>$[description]</text></BalloonStyle></Style>
  <Style id="GreenSSW"><IconStyle><Icon><href>http://downloads.swiftnav.com/kml-icons/track-9.png</href></Icon><color>FF00FF00</color><scale>1.2</scale></IconStyle><BalloonStyle><bgColor>FFDDFFFF</bgColor><text>$[description]</text></BalloonStyle></Style>
  <Style id="GreenSW"><IconStyle><Icon><href>http://downloads.swiftnav.com/kml-icons/track-10.png</href></Icon><color>FF00FF00</color><scale>1.2</scale></IconStyle><BalloonStyle><bgColor>FFDDFFFF</bgColor><text>$[description]</text></BalloonStyle></Style>
  <Style id="GreenWSW"><IconStyle><Icon><href>http://downloads.swiftnav.com/kml-icons/track-11.png</href></Icon><color>FF00FF00</color><scale>1.2</scale></IconStyle><BalloonStyle><bgColor>FFDDFFFF</bgColor><text>$[description]</text></BalloonStyle></Style>
  <Style id="GreenW"><IconStyle><Icon><href>http://downloads.swiftnav.com/kml-icons/track-12.png</href></Icon><color>FF00FF00</color><scale>1.2</scale></IconStyle><BalloonStyle><bgColor>FFDDFFFF</bgColor><text>$[description]</text></BalloonStyle></Style>
  <Style id="GreenWNW"><IconStyle><Icon><href>http://downloads.swiftnav.com/kml-icons/track-13.png</href></Icon><color>FF00FF00</color><scale>1.2</scale></IconStyle><BalloonStyle><bgColor>FFDDFFFF</bgColor><text>$[description]</text></BalloonStyle></Style>
  <Style id="GreenNW"><IconStyle><Icon><href>http://downloads.swiftnav.com/kml-icons/track-14.png</href></Icon><color>FF00FF00</color><scale>1.2</scale></IconStyle><BalloonStyle><bgColor>FFDDFFFF</bgColor><text>$[description]</text></BalloonStyle></Style>
  <Style id="GreenNNW"><IconStyle><Icon><href>http://downloads.swiftnav.com/kml-icons/track-15.png</href></Icon><color>FF00FF00</color><scale>1.2</scale></IconStyle><BalloonStyle><bgColor>FFDDFFFF</bgColor><text>$[description]</text></BalloonStyle></Style>
  <Style id="BlueStatic"><IconStyle><Icon><href>http://downloads.swiftnav.com/kml-icons/track-none.png</href></Icon><color>FFFF0000</color><scale>1.2</scale></IconStyle><BalloonStyle><bgColor>FFDDFFFF</bgColor><text>$[description]</text></BalloonStyle></Style>
  <Style id="BlueN"><IconStyle><Icon><href>http://downloads.swiftnav.com/kml-icons/track-0.png</href></Icon><color>FFFF0000</color><scale>1.2</scale></IconStyle><BalloonStyle><bgColor>FFDDFFFF</bgColor><text>$[description]</text></BalloonStyle></Style>
  <Style id="BlueNNE"><IconStyle><Icon><href>http://downloads.swiftnav.com/kml-icons/track-1.png</href></Icon><color>FFFF0000</color><scale>1.2</scale></IconStyle><BalloonStyle><bgColor>FFDDFFFF</bgColor><text>$[description]</text></BalloonStyle></Style>
  <Style id="BlueNE"><IconStyle><Icon><href>http://downloads.swiftnav.com/kml-icons/track-2.png</href></Icon><color>FFFF0000</color><scale>1.2</scale></IconStyle><BalloonStyle><bgColor>FFDDFFFF</bgColor><text>$[description]</text></BalloonStyle></Style>
  <Style id="BlueENE"><IconStyle><Icon><href>http://downloads.swiftnav.com/kml-icons/track-3.png</href></Icon><color>FFFF0000</color><scale>1.2</scale></IconStyle><BalloonStyle><bgColor>FFDDFFFF</bgColor><text>$[description]</text></BalloonStyle></Style>
  <Style id="BlueE"><IconStyle><Icon><href>http://downloads.swiftnav.com/kml-icons/track-4.png</href></Icon><color>FFFF0000</color><scale>1.2</scale></IconStyle><BalloonStyle><bgColor>FFDDFFFF</bgColor><text>$[description]</text></BalloonStyle></Style>
  <Style id="BlueESE"><IconStyle><Icon><href>http://downloads.swiftnav.com/kml-icons/track-5.png</href></Icon><color>FFFF0000</color><scale>1.2</scale></IconStyle><BalloonStyle><bgColor>FFDDFFFF</bgColor><text>$[description]</text></BalloonStyle></Style>
  <Style id="BlueSE"><IconStyle><Icon><href>http://downloads.swiftnav.com/kml-icons/track-6.png</href></Icon><color>FFFF0000</color><scale>1.2</scale></IconStyle><BalloonStyle><bgColor>FFDDFFFF</bgColor><text>$[description]</text></BalloonStyle></Style>
  <Style id="BlueSSE"><IconStyle><Icon><href>http://downloads.swiftnav.com/kml-icons/track-7.png</href></Icon><color>FFFF0000</color><scale>1.2</scale></IconStyle><BalloonStyle><bgColor>FFDDFFFF</bgColor><text>$[description]</text></BalloonStyle></Style>
  <Style id="BlueS"><IconStyle><Icon><href>http://downloads.swiftnav.com/kml-icons/track-8.png</href></Icon><color>FFFF0000</color><scale>1.2</scale></IconStyle><BalloonStyle><bgColor>FFDDFFFF</bgColor><text>$[description]</text></BalloonStyle></Style>
  <Style id="BlueSSW"><IconStyle><Icon><href>http://downloads.swiftnav.com/kml-icons/track-9.png</href></Icon><color>FFFF0000</color><scale>1.2</scale></IconStyle><BalloonStyle><bgColor>FFDDFFFF</bgColor><text>$[description]</text></BalloonStyle></Style>
  <Style id="BlueSW"><IconStyle><Icon><href>http://downloads.swiftnav.com/kml-icons/track-10.png</href></Icon><color>FFFF0000</color><scale>1.2</scale></IconStyle><BalloonStyle><bgColor>FFDDFFFF</bgColor><text>$[description]</text></BalloonStyle></Style>
  <Style id="BlueWSW"><IconStyle><Icon><href>http://downloads.swiftnav.com/kml-icons/track-11.png</href></Icon><color>FFFF0000</color><scale>1.2</scale></IconStyle><BalloonStyle><bgColor>FFDDFFFF</bgColor><text>$[description]</text></BalloonStyle></Style>
  <Style id="BlueW"><IconStyle><Icon><href>http://downloads.swiftnav.com/kml-icons/track-12.png</href></Icon><color>FFFF0000</color><scale>1.2</scale></IconStyle><BalloonStyle><bgColor>FFDDFFFF</bgColor><text>$[description]</text></BalloonStyle></Style>
  <Style id="BlueWNW"><IconStyle><Icon><href>http://downloads.swiftnav.com/kml-icons/track-13.png</href></Icon><color>FFFF0000</color><scale>1.2</scale></IconStyle><BalloonStyle><bgColor>FFDDFFFF</bgColor><text>$[description]</text></BalloonStyle></Style>
  <Style id="BlueNW"><IconStyle><Icon><href>http://downloads.swiftnav.com/kml-icons/track-14.png</href></Icon><color>FFFF0000</color><scale>1.2</scale></IconStyle><BalloonStyle><bgColor>FFDDFFFF</bgColor><text>$[description]</text></BalloonStyle></Style>
  <Style id="BlueNNW"><IconStyle><Icon><href>http://downloads.swiftnav.com/kml-icons/track-15.png</href></Icon><color>FFFF0000</color><scale>1.2</scale></IconStyle><BalloonStyle><bgColor>FFDDFFFF</bgColor><text>$[description]</text></BalloonStyle></Style>
  <Style id="PurpleStatic"><IconStyle><Icon><href>http://downloads.swiftnav.com/kml-icons/track-none.png</href></Icon><color>FFFF00FF</color><scale>1.2</scale></IconStyle><BalloonStyle><bgColor>FFDDFFFF</bgColor><text>$[description]</text></BalloonStyle></Style>
  <Style id="PurpleN"><IconStyle><Icon><href>http://downloads.swiftnav.com/kml-icons/track-0.png</href></Icon><color>FFFF00FF</color><scale>1.2</scale></IconStyle><BalloonStyle><bgColor>FFDDFFFF</bgColor><text>$[description]</text></BalloonStyle></Style>
  <Style id="PurpleNNE"><IconStyle><Icon><href>http://downloads.swiftnav.com/kml-icons/track-1.png</href></Icon><color>FFFF00FF</color><scale>1.2</scale></IconStyle><BalloonStyle><bgColor>FFDDFFFF</bgColor><text>$[description]</text></BalloonStyle></Style>
  <Style id="PurpleNE"><IconStyle><Icon><href>http://downloads.swiftnav.com/kml-icons/track-2.png</href></Icon><color>FFFF00FF</color><scale>1.2</scale></IconStyle><BalloonStyle><bgColor>FFDDFFFF</bgColor><text>$[description]</text></BalloonStyle></Style>
  <Style id="PurpleENE"><IconStyle><Icon><href>http://downloads.swiftnav.com/kml-icons/track-3.png</href></Icon><color>FFFF00FF</color><scale>1.2</scale></IconStyle><BalloonStyle><bgColor>FFDDFFFF</bgColor><text>$[description]</text></BalloonStyle></Style>
  <Style id="PurpleE"><IconStyle><Icon><href>http://downloads.swiftnav.com/kml-icons/track-4.png</href></Icon><color>FFFF00FF</color><scale>1.2</scale></IconStyle><BalloonStyle><bgColor>FFDDFFFF</bgColor><text>$[description]</text></BalloonStyle></Style>
  <Style id="PurpleESE"><IconStyle><Icon><href>http://downloads.swiftnav.com/kml-icons/track-5.png</href></Icon><color>FFFF00FF</color><scale>1.2</scale></IconStyle><BalloonStyle><bgColor>FFDDFFFF</bgColor><text>$[description]</text></BalloonStyle></Style>
  <Style id="PurpleSE"><IconStyle><Icon><href>http://downloads.swiftnav.com/kml-icons/track-6.png</href></Icon><color>FFFF00FF</color><scale>1.2</scale></IconStyle><BalloonStyle><bgColor>FFDDFFFF</bgColor><text>$[description]</text></BalloonStyle></Style>
  <Style id="PurpleSSE"><IconStyle><Icon><href>http://downloads.swiftnav.com/kml-icons/track-7.png</href></Icon><color>FFFF00FF</color><scale>1.2</scale></IconStyle><BalloonStyle><bgColor>FFDDFFFF</bgColor><text>$[description]</text></BalloonStyle></Style>
  <Style id="PurpleS"><IconStyle><Icon><href>http://downloads.swiftnav.com/kml-icons/track-8.png</href></Icon><color>FFFF00FF</color><scale>1.2</scale></IconStyle><BalloonStyle><bgColor>FFDDFFFF</bgColor><text>$[description]</text></BalloonStyle></Style>
  <Style id="PurpleSSW"><IconStyle><Icon><href>http://downloads.swiftnav.com/kml-icons/track-9.png</href></Icon><color>FFFF00FF</color><scale>1.2</scale></IconStyle><BalloonStyle><bgColor>FFDDFFFF</bgColor><text>$[description]</text></BalloonStyle></Style>
  <Style id="PurpleSW"><IconStyle><Icon><href>http://downloads.swiftnav.com/kml-icons/track-10.png</href></Icon><color>FFFF00FF</color><scale>1.2</scale></IconStyle><BalloonStyle><bgColor>FFDDFFFF</bgColor><text>$[description]</text></BalloonStyle></Style>
  <Style id="PurpleWSW"><IconStyle><Icon><href>http://downloads.swiftnav.com/kml-icons/track-11.png</href></Icon><color>FFFF00FF</color><scale>1.2</scale></IconStyle><BalloonStyle><bgColor>FFDDFFFF</bgColor><text>$[description]</text></BalloonStyle></Style>
  <Style id="PurpleW"><IconStyle><Icon><href>http://downloads.swiftnav.com/kml-icons/track-12.png</href></Icon><color>FFFF00FF</color><scale>1.2</scale></IconStyle><BalloonStyle><bgColor>FFDDFFFF</bgColor><text>$[description]</text></BalloonStyle></Style>
  <Style id="PurpleWNW"><IconStyle><Icon><href>http://downloads.swiftnav.com/kml-icons/track-13.png</href></Icon><color>FFFF00FF</color><scale>1.2</scale></IconStyle><BalloonStyle><bgColor>FFDDFFFF</bgColor><text>$[description]</text></BalloonStyle></Style>
  <Style id="PurpleNW"><IconStyle><Icon><href>http://downloads.swiftnav.com/kml-icons/track-14.png</href></Icon><color>FFFF00FF</color><scale>1.2</scale></IconStyle><BalloonStyle><bgColor>FFDDFFFF</bgColor><text>$[description]</text></BalloonStyle></Style>
  <Style id="PurpleNNW"><IconStyle><Icon><href>http://downloads.swiftnav.com/kml-icons/track-15.png</href></Icon><color>FFFF00FF</color><scale>1.2</scale></IconStyle><BalloonStyle><bgColor>FFDDFFFF</bgColor><text>$[description]</text></BalloonStyle></Style>
  <Style id="CyanStatic"><IconStyle><Icon><href>http://downloads.swiftnav.com/kml-icons/track-none.png</href></Icon><color>FFFFFF00</color><scale>1.2</scale></IconStyle><BalloonStyle><bgColor>FFDDFFFF</bgColor><text>$[description]</text></BalloonStyle></Style>
  <Style id="CyanN"><IconStyle><Icon><href>http://downloads.swiftnav.com/kml-icons/track-0.png</href></Icon><color>FFFFFF00</color><scale>1.2</scale></IconStyle><BalloonStyle><bgColor>FFDDFFFF</bgColor><text>$[description]</text></BalloonStyle></Style>
  <Style id="CyanNNE"><IconStyle><Icon><href>http://downloads.swiftnav.com/kml-icons/track-1.png</href></Icon><color>FFFFFF00</color><scale>1.2</scale></IconStyle><BalloonStyle><bgColor>FFDDFFFF</bgColor><text>$[description]</text></BalloonStyle></Style>
  <Style id="CyanNE"><IconStyle><Icon><href>http://downloads.swiftnav.com/kml-icons/track-2.png</href></Icon><color>FFFFFF00</color><scale>1.2</scale></IconStyle><BalloonStyle><bgColor>FFDDFFFF</bgColor><text>$[description]</text></BalloonStyle></Style>
  <Style id="CyanENE"><IconStyle><Icon><href>http://downloads.swiftnav.com/kml-icons/track-3.png</href></Icon><color>FFFFFF00</color><scale>1.2</scale></IconStyle><BalloonStyle><bgColor>FFDDFFFF</bgColor><text>$[description]</text></BalloonStyle></Style>
  <Style id="CyanE"><IconStyle><Icon><href>http://downloads.swiftnav.com/kml-icons/track-4.png</href></Icon><color>FFFFFF00</color><scale>1.2</scale></IconStyle><BalloonStyle><bgColor>FFDDFFFF</bgColor><text>$[description]</text></BalloonStyle></Style>
  <Style id="CyanESE"><IconStyle><Icon><href>http://downloads.swiftnav.com/kml-icons/track-5.png</href></Icon><color>FFFFFF00</color><scale>1.2</scale></IconStyle><BalloonStyle><bgColor>FFDDFFFF</bgColor><text>$[description]</text></BalloonStyle></Style>
  <Style id="CyanSE"><IconStyle><Icon><href>http://downloads.swiftnav.com/kml-icons/track-6.png</href></Icon><color>FFFFFF00</color><scale>1.2</scale></IconStyle><BalloonStyle><bgColor>FFDDFFFF</bgColor><text>$[description]</text></BalloonStyle></Style>
  <Style id="CyanSSE"><IconStyle><Icon><href>http://downloads.swiftnav.com/kml-icons/track-7.png</href></Icon><color>FFFFFF00</color><scale>1.2</scale></IconStyle><BalloonStyle><bgColor>FFDDFFFF</bgColor><text>$[description]</text></BalloonStyle></Style>
  <Style id="CyanS"><IconStyle><Icon><href>http://downloads.swiftnav.com/kml-icons/track-8.png</href></Icon><color>FFFFFF00</color><scale>1.2</scale></IconStyle><BalloonStyle><bgColor>FFDDFFFF</bgColor><text>$[description]</text></BalloonStyle></Style>
  <Style id="CyanSSW"><IconStyle><Icon><href>http://downloads.swiftnav.com/kml-icons/track-9.png</href></Icon><color>FFFFFF00</color><scale>1.2</scale></IconStyle><BalloonStyle><bgColor>FFDDFFFF</bgColor><text>$[description]</text></BalloonStyle></Style>
  <Style id="CyanSW"><IconStyle><Icon><href>http://downloads.swiftnav.com/kml-icons/track-10.png</href></Icon><color>FFFFFF00</color><scale>1.2</scale></IconStyle><BalloonStyle><bgColor>FFDDFFFF</bgColor><text>$[description]</text></BalloonStyle></Style>
  <Style id="CyanWSW"><IconStyle><Icon><href>http://downloads.swiftnav.com/kml-icons/track-11.png</href></Icon><color>FFFFFF00</color><scale>1.2</scale></IconStyle><BalloonStyle><bgColor>FFDDFFFF</bgColor><text>$[description]</text></BalloonStyle></Style>
  <Style id="CyanW"><IconStyle><Icon><href>http://downloads.swiftnav.com/kml-icons/track-12.png</href></Icon><color>FFFFFF00</color><scale>1.2</scale></IconStyle><BalloonStyle><bgColor>FFDDFFFF</bgColor><text>$[description]</text></BalloonStyle></Style>
  <Style id="CyanWNW"><IconStyle><Icon><href>http://downloads.swiftnav.com/kml-icons/track-13.png</href></Icon><color>FFFFFF00</color><scale>1.2</scale></IconStyle><BalloonStyle><bgColor>FFDDFFFF</bgColor><text>$[description]</text></BalloonStyle></Style>
  <Style id="CyanNW"><IconStyle><Icon><href>http://downloads.swiftnav.com/kml-icons/track-14.png</href></Icon><color>FFFFFF00</color><scale>1.2</scale></IconStyle><BalloonStyle><bgColor>FFDDFFFF</bgColor><text>$[description]</text></BalloonStyle></Style>
  <Style id="CyanNNW"><IconStyle><Icon><href>http://downloads.swiftnav.com/kml-icons/track-15.png</href></Icon><color>FFFFFF00</color><scale>1.2</scale></IconStyle><BalloonStyle><bgColor>FFDDFFFF</bgColor><text>$[description]</text></BalloonStyle></Style>
  <Style id="BasePos"><IconStyle><Icon><href>http://downloads.swiftnav.com/kml-icons/target.png</href></Icon><scale>1.5</scale></IconStyle><BalloonStyle><bgColor>FFDDFFFF</bgColor><text>$[description]</text></BalloonStyle></Style>
  <Folder><name>GNSS Position</name>
   <Placemark>
    <name>Start</name>
    <styleUrl>#GreenSSW</styleUrl><Point><coordinates>9.15600608,45.50109129,173.15</coordinates></Point>
    <description><![CDATA[<table width="250"><tr><td><p style="line-height:18px;"><font face="Arial"><b>Position Mode:</b> RTK Fixed<br><br><b>UTC:</b> 2023-12-21&#160;&#160;12:39:03.600<br><b>Week:</b> 2293,  <b>TOW:</b> 391161.600 s<br><b>Lat:</b> 45.5010913&deg;, <b>Lon:</b>   9.1560061&deg;<br><b>Alt (ellips):</b> 173.15 m (568.1 ft)<br><b>SOG:</b> 0.02 m/s (0.06 km/h, 0.04 mph)<br><b>Vertical Velocity:</b> -0.01 m/s<br><b>COG:</b> 204.4&deg;&#160;&#160;<br><br><b>SVs Tracked:</b> 19 (GPS GAL BDS SBAS)<br><b>SVs Used:</b> 15<br><b>PDOP:</b> 1.6, <b>HDOP:</b> 0.8<br><b>EHPE:</b> 0.07 m, <b>EVPE:</b> 0.18 m<br><b>Baseline:</b> 206.22 m<br><b>Corrections Age:</b> 1.6 s</font></p></td></tr></table>]]></description>
   </Placemark>
   <Placemark>
    <styleUrl>#GreenNNW</styleUrl><Point><coordinates>9.15600608,45.50109129,173.16</coordinates></Point>
    <description><![CDATA[<table width="250"><tr><td><p style="line-height:18px;"><font face="Arial"><b>Position Mode:</b> RTK Fixed<br><br><b>UTC:</b> 2023-12-21&#160;&#160;12:39:03.700<br><b>Week:</b> 2293,  <b>TOW:</b> 391161.700 s<br><b>Lat:</b> 45.5010913&deg;, <b>Lon:</b>   9.1560061&deg;<br><b>Alt (ellips):</b> 173.16 m (568.1 ft)<br><b>SOG:</b> 0.01 m/s (0.04 km/h, 0.03 mph)<br><b>Vertical Velocity:</b> 0.01 m/s<br><b>COG:</b> 326.3&deg;&#160;&#160;<br><br><b>SVs Used:</b> 15<br><b>PDOP:</b> 1.6, <b>HDOP:</b> 0.8<br><b>EHPE:</b> 0.07 m, <b>EVPE:</b> 0.18 m<br><b>Baseline:</b> 206.22 m<br><b>Corrections Age:</b> 1.7 s</font></p></td></tr></table>]]></description>
   </Placemark>
   <Placemark>
    <styleUrl>#GreenSE</styleUrl><Point><coordinates>9.15600608,45.50109129,173.15</coordinates></Point>
    <description><![CDATA[<table width="250"><tr><td><p style="line-height:18px;"><font face="Arial"><b>Position Mode:</b> RTK Fixed<br><br><b>UTC:</b> 2023-12-21&#160;&#160;12:39:03.800<br><b>Week:</b> 2293,  <b>TOW:</b> 391161.800 s<br><b>Lat:</b> 45.5010913&deg;, <b>Lon:</b>   9.1560061&deg;<br><b>Alt (ellips):</b> 173.15 m (568.1 ft)<br><b>SOG:</b> 0.01 m/s (0.04 km/h, 0.03 mph)<br><b>Vertical Velocity:</b> -0.01 m/s<br><b>COG:</b> 129.8&deg;&#160;&#160;<br><br><b>SVs Used:</b> 15<br><b>PDOP:</b> 1.6, <b>HDOP:</b> 0.8<br><b>EHPE:</b> 0.07 m, <b>EVPE:</b> 0.18 m<br><b>Baseline:</b> 206.22 m<br><b>Corrections Age:</b> 1.8 s</font></p></td></tr></table>]]></description>
   </Placemark>
   <Placemark>
    <styleUrl>#GreenESE</styleUrl><Point><coordinates>9.15600608,45.50109128,173.16</coordinates></Point>
    <description><![CDATA[<table width="250"><tr><td><p style="line-height:18px;"><font face="Arial"><b>Position Mode:</b> RTK Fixed<br><br><b>UTC:</b> 2023-12-21&#160;&#160;12:39:03.900<br><b>Week:</b> 2293,  <b>TOW:</b> 391161.900 s<br><b>Lat:</b> 45.5010913&deg;, <b>Lon:</b>   9.1560061&deg;<br><b>Alt (ellips):</b> 173.16 m (568.1 ft)<br><b>SOG:</b> 0.01 m/s (0.02 km/h, 0.01 mph)<br><b>Vertical Velocity:</b> 0.00 m/s<br><b>COG:</b> 123.7&deg;&#160;&#160;<br><br><b>SVs Used:</b> 15<br><b>PDOP:</b> 1.6, <b>HDOP:</b> 0.8<br><b>EHPE:</b> 0.07 m, <b>EVPE:</b> 0.18 m<br><b>Baseline:</b> 206.21 m<br><b>Corrections Age:</b> 1.9 s</font></p></td></tr></table>]]></description>
   </Placemark>
   <Placemark>
    <styleUrl>#GreenNNE</styleUrl><Point><coordinates>9.15600609,45.50109130,173.15</coordinates></Point>
    <description><![CDATA[<table width="250"><tr><td><p style="line-height:18px;"><font face="Arial"><b>Position Mode:</b> RTK Fixed<br><br><b>UTC:</b> 2023-12-21&#160;&#160;12:39:04.000<br><b>Week:</b> 2293,  <b>TOW:</b> 391162.000 s<br><b>Lat:</b> 45.5010913&deg;, <b>Lon:</b>   9.1560061&deg;<br><b>Alt (ellips):</b> 173.15 m (568.1 ft)<br><b>SOG:</b> 0.03 m/s (0.11 km/h, 0.07 mph)<br><b>Vertical Velocity:</b> -0.03 m/s<br><b>COG:</b> 16.7&deg;&#160;&#160;<br><br><b>SVs Used:</b> 15<br><b>PDOP:</b> 1.6, <b>HDOP:</b> 0.8<br><b>EHPE:</b> 0.08 m, <b>EVPE:</b> 0.18 m<br><b>Baseline:</b> 206.21 m<br><b>Corrections Age:</b> 2.0 s</font></p></td></tr></table>]]></description>
   </Placemark>
   <Placemark>
    <styleUrl>#GreenS</styleUrl><Point><coordinates>9.15600609,45.50109129,173.15</coordinates></Point>
    <description><![CDATA[<table width="250"><tr><td><p style="line-height:18px;"><font face="Arial"><b>Position Mode:</b> RTK Fixed<br><br><b>UTC:</b> 2023-12-21&#160;&#160;12:39:04.100<br><b>Week:</b> 2293,  <b>TOW:</b> 391162.100 s<br><b>Lat:</b> 45.5010913&deg;, <b>Lon:</b>   9.1560061&deg;<br><b>Alt (ellips):</b> 173.15 m (568.1 ft)<br><b>SOG:</b> 0.02 m/s (0.07 km/h, 0.04 mph)<br><b>Vertical Velocity:</b> 0.01 m/s<br><b>COG:</b> 180.0&deg;&#160;&#160;<br><br><b>SVs Tracked:</b> 24 (GPS GLO GAL BDS SBAS)<br><b>SVs Used:</b> 15<br><b>PDOP:</b> 1.6, <b>HDOP:</b> 0.8<br><b>EHPE:</b> 0.08 m, <b>EVPE:</b> 0.18 m<br><b>Baseline:</b> 206.21 m<br><b>Corrections Age:</b> 2.1 s</font></p></td></tr></table>]]></description>
   </Placemark>
   <Placemark>
    <styleUrl>#GreenNE</styleUrl><Point><coordinates>9.15600609,45.50109129,173.15</coordinates></Point>
    <description><![CDATA[<table width="250"><tr><td><p style="line-height:18px;"><font face="Arial"><b>Position Mode:</b> RTK Fixed<br><br><b>UTC:</b> 2023-12-21&#160;&#160;12:39:04.200<br><b>Week:</b> 2293,  <b>TOW:</b> 391162.200 s<br><b>Lat:</b> 45.5010913&deg;, <b>Lon:</b>   9.1560061&deg;<br><b>Alt (ellips):</b> 173.15 m (568.1 ft)<br><b>SOG:</b> 0.01 m/s (0.05 km/h, 0.03 mph)<br><b>Vertical Velocity:</b> -0.01 m/s<br><b>COG:</b> 45.0&deg;&#160;&#160;<br><br><b>SVs Used:</b> 15<br><b>PDOP:</b> 1.6, <b>HDOP:</b> 0.8<br><b>EHPE:</b> 0.08 m, <b>EVPE:</b> 0.19 m<br><b>Baseline:</b> 206.21 m<br><b>Corrections Age:</b> 2.2 s</font></p></td></tr></table>]]></description>
   </Placemark>
   <Placemark>
    <styleUrl>#GreenENE</styleUrl><Point><coordinates>9.15600610,45.50109129,173.15</coordinates></Point>
    <description><![CDATA[<table width="250"><tr><td><p style="line-height:18px;"><font face="Arial"><b>Position Mode:</b> RTK Fixed<br><br><b>UTC:</b> 2023-12-21&#160;&#160;12:39:04.300<br><b>Week:</b> 2293,  <b>TOW:</b> 391162.300 s<br><b>Lat:</b> 45.5010913&deg;, <b>Lon:</b>   9.1560061&deg;<br><b>Alt (ellips):</b> 173.15 m (568.1 ft)<br><b>SOG:</b> 0.02 m/s (0.06 km/h, 0.04 mph)<br><b>Vertical Velocity:</b> -0.01 m/s<br><b>COG:</b> 63.4&deg;&#160;&#160;<br><br><b>SVs Used:</b> 15<br><b>PDOP:</b> 1.6, <b>HDOP:</b> 0.8<br><b>EHPE:</b> 0.08 m, <b>EVPE:</b> 0.19 m<br><b>Baseline:</b> 206.21 m<br><b>Corrections Age:</b> 2.3 s</font></p></td></tr></table>]]></description>
   </Placemark>
   <Placemark>
    <styleUrl>#GreenSSW</styleUrl><Point><coordinates>9.15600609,45.50109129,173.16</coordinates></Point>
    <description><![CDATA[<table width="250"><tr><td><p style="line-height:18px;"><font face="Arial"><b>Position Mode:</b> RTK Fixed<br><br><b>UTC:</b> 2023-12-21&#160;&#160;12:39:04.400<br><b>Week:</b> 2293,  <b>TOW:</b> 391162.400 s<br><b>Lat:</b> 45.5010913&deg;, <b>Lon:</b>   9.1560061&deg;<br><b>Alt (ellips):</b> 173.16 m (568.1 ft)<br><b>SOG:</b> 0.01 m/s (0.04 km/h, 0.03 mph)<br><b>Vertical Velocity:</b> 0.01 m/s<br><b>COG:</b> 198.4&deg;&#160;&#160;<br><br><b>SVs Used:</b> 15<br><b>PDOP:</b> 1.6, <b>HDOP:</b> 0.8<br><b>EHPE:</b> 0.08 m, <b>EVPE:</b> 0.19 m<br><b>Baseline:</b> 206.21 m<br><b>Corrections Age:</b> 2.4 s</font></p></td></tr></table>]]></description>
   </Placemark>
   <Placemark>
    <styleUrl>#GreenE</styleUrl><Point><coordinates>9.15600609,45.50109129,173.15</coordinates></Point>
    <description><![CDATA[<table width="250"><tr><td><p style="line-height:18px;"><font face="Arial"><b>Position Mode:</b> RTK Fixed<br><br><b>UTC:</b> 2023-12-21&#160;&#160;12:39:04.500<br><b>Week:</b> 2293,  <b>TOW:</b> 391162.500 s<br><b>Lat:</b> 45.5010913&deg;, <b>Lon:</b>   9.1560061&deg;<br><b>Alt (ellips):</b> 173.15 m (568.1 ft)<br><b>SOG:</b> 0.02 m/s (0.07 km/h, 0.05 mph)<br><b>Vertical Velocity:</b> -0.02 m/s<br><b>COG:</b> 98.1&deg;&#160;&#160;<br><br><b>SVs Used:</b> 15<br><b>PDOP:</b> 1.6, <b>HDOP:</b> 0.8<br><b>EHPE:</b> 0.08 m, <b>EVPE:</b> 0.19 m<br><b>Baseline:</b> 206.21 m<br><b>Corrections Age:</b> 2.5 s</font></p></td></tr></table>]]></description>
   </Placemark>
   <Placemark>
    <styleUrl>#GreenSSE</styleUrl><Point><coordinates>9.15600610,45.50109128,173.15</coordinates></Point>
    <description><![CDATA[<table width="250"><tr><td><p style="line-height:18px;"><font face="Arial"><b>Position Mode:</b> RTK Fixed<br><br><b>UTC:</b> 2023-12-21&#160;&#160;12:39:04.600<br><b>Week:</b> 2293,  <b>TOW:</b> 391162.600 s<br><b>Lat:</b> 45.5010913&deg;, <b>Lon:</b>   9.1560061&deg;<br><b>Alt (ellips):</b> 173.15 m (568.1 ft)<br><b>SOG:</b> 0.02 m/s (0.06 km/h, 0.04 mph)<br><b>Vertical Velocity:</b> -0.01 m/s<br><b>COG:</b> 146.3&deg;&#160;&#160;<br><br><b>SVs Tracked:</b> 19 (GPS GAL BDS SBAS)<br><b>SVs Used:</b> 15<br><b>PDOP:</b> 1.6, <b>HDOP:</b> 0.8<br><b>EHPE:</b> 0.08 m, <b>EVPE:</b> 0.19 m<br><b>Baseline:</b> 206.21 m<br><b>Corrections Age:</b> 2.6 s</font></p></td></tr></table>]]></description>
   </Placemark>
   <Placemark>
    <styleUrl>#GreenENE</styleUrl><Point><coordinates>9.15600609,45.50109128,173.16</coordinates></Point>
    <description><![CDATA[<table width="250"><tr><td><p style="line-height:18px;"><font face="Arial"><b>Position Mode:</b> RTK Fixed<br><br><b>UTC:</b> 2023-12-21&#160;&#160;12:39:04.700<br><b>Week:</b> 2293,  <b>TOW:</b> 391162.700 s<br><b>Lat:</b> 45.5010913&deg;, <b>Lon:</b>   9.1560061&deg;<br><b>Alt (ellips):</b> 173.16 m (568.1 ft)<br><b>SOG:</b> 0.01 m/s (0.03 km/h, 0.02 mph)<br><b>Vertical Velocity:</b> 0.01 m/s<br><b>COG:</b> 63.4&deg;&#160;&#160;<br><br><b>SVs Used:</b> 15<br><b>PDOP:</b> 1.6, <b>HDOP:</b> 0.8<br><b>EHPE:</b> 0.07 m, <b>EVPE:</b> 0.18 m<br><b>Baseline:</b> 206.21 m<br><b>Corrections Age:</b> 1.7 s</font></p></td></tr></table>]]></description>
   </Placemark>
   <Placemark>
    <styleUrl>#GreenNNE</styleUrl><Point><coordinates>9.15600610,45.50109131,173.15</coordinates></Point>
    <description><![CDATA[<table width="250"><tr><td><p style="line-height:18px;"><font face="Arial"><b>Position Mode:</b> RTK Fixed<br><br><b>UTC:</b> 2023-12-21&#160;&#160;12:39:04.800<br><b>Week:</b> 2293,  <b>TOW:</b> 391162.800 s<br><b>Lat:</b> 45.5010913&deg;, <b>Lon:</b>   9.1560061&deg;<br><b>Alt (ellips):</b> 173.15 m (568.1 ft)<br><b>SOG:</b> 0.05 m/s (0.18 km/h, 0.11 mph)<br><b>Vertical Velocity:</b> -0.04 m/s<br><b>COG:</b> 19.1&deg;&#160;&#160;<br><br><b>SVs Used:</b> 15<br><b>PDOP:</b> 1.6, <b>HDOP:</b> 0.8<br><b>EHPE:</b> 0.08 m, <b>EVPE:</b> 0.18 m<br><b>Baseline:</b> 206.21 m<br><b>Corrections Age:</b> 1.8 s</font></p></td></tr></table>]]></description>
   </Placemark>
   <Placemark>
    <styleUrl>#GreenSSW</styleUrl><Point><coordinates>9.15600608,45.50109130,173.15</coordinates></Point>
    <description><![CDATA[<table width="250"><tr><td><p style="line-height:18px;"><font face="Arial"><b>Position Mode:</b> RTK Fixed<br><br><b>UTC:</b> 2023-12-21&#160;&#160;12:39:04.900<br><b>Week:</b> 2293,  <b>TOW:</b> 391162.900 s<br><b>Lat:</b> 45.5010913&deg;, <b>Lon:</b>   9.1560061&deg;<br><b>Alt (ellips):</b> 173.15 m (568.1 ft)<br><b>SOG:</b> 0.02 m/s (0.08 km/h, 0.05 mph)<br><b>Vertical Velocity:</b> -0.02 m/s<br><b>COG:</b> 202.6&deg;&#160;&#160;<br><br><b>SVs Used:</b> 15<br><b>PDOP:</b> 1.6, <b>HDOP:</b> 0.8<br><b>EHPE:</b> 0.08 m, <b>EVPE:</b> 0.19 m<br><b>Baseline:</b> 206.21 m<br><b>Corrections Age:</b> 1.9 s</font></p></td></tr></table>]]></description>
   </Placemark>
   <Placemark>
    <styleUrl>#GreenE</styleUrl><Point><coordinates>9.15600608,45.50109130,173.15</coordinates></Point>
    <description><![CDATA[<table width="250"><tr><td><p style="line-height:18px;"><font face="Arial"><b>Position Mode:</b> RTK Fixed<br><br><b>UTC:</b> 2023-12-21&#160;&#160;12:39:05.000<br><b>Week:</b> 2293,  <b>TOW:</b> 391163.000 s<br><b>Lat:</b> 45.5010913&deg;, <b>Lon:</b>   9.1560061&deg;<br><b>Alt (ellips):</b> 173.15 m (568.1 ft)<br><b>SOG:</b> 0.01 m/s (0.03 km/h, 0.02 mph)<br><b>Vertical Velocity:</b> 0.01 m/s<br><b>COG:</b> 90.0&deg;&#160;&#160;<br><br><b>SVs Used:</b> 15<br><b>PDOP:</b> 1.6, <b>HDOP:</b> 0.8<br><b>EHPE:</b> 0.08 m, <b>EVPE:</b> 0.20 m<br><b>Baseline:</b> 206.21 m<br><b>Corrections Age:</b> 2.0 s</font></p></td></tr></table>]]></description>
   </Placemark>
   <Placemark>
    <styleUrl>#GreenNW</styleUrl><Point><coordinates>9.15600608,45.50109130,173.16</coordinates></Point>
    <description><![CDATA[<table width="250"><tr><td><p style="line-height:18px;"><font face="Arial"><b>Position Mode:</b> RTK Fixed<br><br><b>UTC:</b> 2023-12-21&#160;&#160;12:39:05.100<br><b>Week:</b> 2293,  <b>TOW:</b> 391163.100 s<br><b>Lat:</b> 45.5010913&deg;, <b>Lon:</b>   9.1560061&deg;<br><b>Alt (ellips):</b> 173.16 m (568.1 ft)<br><b>SOG:</b> 0.03 m/s (0.11 km/h, 0.07 mph)<br><b>Vertical Velocity:</b> 0.03 m/s<br><b>COG:</b> 319.4&deg;&#160;&#160;<br><br><b>SVs Tracked:</b> 24 (GPS GLO GAL BDS SBAS)<br><b>SVs Used:</b> 15<br><b>PDOP:</b> 1.6, <b>HDOP:</b> 0.8<br><b>EHPE:</b> 0.08 m, <b>EVPE:</b> 0.20 m<br><b>Baseline:</b> 206.22 m<br><b>Corrections Age:</b> 2.1 s</font></p></td></tr></table>]]></description>
   </Placemark>
   <Placemark>
    <styleUrl>#GreenENE</styleUrl><Point><coordinates>9.15600609,45.50109131,173.15</coordinates></Point>
    <description><![CDATA[<table width="250"><tr><td><p style="line-height:18px;"><font face="Arial"><b>Position Mode:</b> RTK Fixed<br><br><b>UTC:</b> 2023-12-21&#160;&#160;12:39:05.200<br><b>Week:</b> 2293,  <b>TOW:</b> 391163.200 s<br><b>Lat:</b> 45.5010913&deg;, <b>Lon:</b>   9.1560061&deg;<br><b>Alt (ellips):</b> 173.15 m (568.1 ft)<br><b>SOG:</b> 0.07 m/s (0.24 km/h, 0.15 mph)<br><b>Vertical Velocity:</b> -0.07 m/s<br><b>COG:</b> 74.7&deg;&#160;&#160;<br><br><b>SVs Used:</b> 15<br><b>PDOP:</b> 1.6, <b>HDOP:</b> 0.8<br><b>EHPE:</b> 0.08 m, <b>EVPE:</b> 0.20 m<br><b>Baseline:</b> 206.22 m<br><b>Corrections Age:</b> 2.2 s</font></p></td></tr></table>]]></description>
   </Placemark>
   <Placemark>
    <styleUrl>#GreenSSW</styleUrl><Point><coordinates>9.15600608,45.50109129,173.15</coordinates></Point>
    <description><![CDATA[<table width="250"><tr><td><p style="line-height:18px;"><font face="Arial"><b>Position Mode:</b> RTK Fixed<br><br><b>UTC:</b> 2023-12-21&#160;&#160;12:39:05.300<br><b>Week:</b> 2293,  <b>TOW:</b> 391163.300 s<br><b>Lat:</b> 45.5010913&deg;, <b>Lon:</b>   9.1560061&deg;<br><b>Alt (ellips):</b> 173.15 m (568.1 ft)<br><b>SOG:</b> 0.01 m/s (0.05 km/h, 0.03 mph)<br><b>Vertical Velocity:</b> 0.01 m/s<br><b>COG:</b> 206.6&deg;&#160;&#160;<br><br><b>SVs Used:</b> 15<br><b>PDOP:</b> 1.6, <b>HDOP:</b> 0.8<br><b>EHPE:</b> 0.08 m, <b>EVPE:</b> 0.19 m<br><b>Baseline:</b> 206.22 m<br><b>Corrections Age:</b> 1.3 s</font></p></td></tr></table>]]></description>
   </Placemark>
   <Placemark>
    <styleUrl>#GreenESE</styleUrl><Point><coordinates>9.15600608,45.50109129,173.15</coordinates></Point>
    <description><![CDATA[<table width="250"><tr><td><p style="line-height:18px;"><font face="Arial"><b>Position Mode:</b> RTK Fixed<br><br><b>UTC:</b> 2023-12-21&#160;&#160;12:39:05.400<br><b>Week:</b> 2293,  <b>TOW:</b> 391163.400 s<br><b>Lat:</b> 45.5010913&deg;, <b>Lon:</b>   9.1560061&deg;<br><b>Alt (ellips):</b> 173.15 m (568.1 ft)<br><b>SOG:</b> 0.01 m/s (0.04 km/h, 0.02 mph)<br><b>Vertical Velocity:</b> -0.01 m/s<br><b>COG:</b> 104.0&deg;&#160;&#160;<br><br><b>SVs Used:</b> 15<br><b>PDOP:</b> 1.6, <b>HDOP:</b> 0.8<br><b>EHPE:</b> 0.08 m, <b>EVPE:</b> 0.19 m<br><b>Baseline:</b> 206.22 m<br><b>Corrections Age:</b> 1.4 s</font></p></td></tr></table>]]></description>
   </Placemark>
   <Placemark>
    <styleUrl>#GreenESE</styleUrl><Point><coordinates>9.15600609,45.50109129,173.15</coordinates></Point>
    <description><![CDATA[<table width="250"><tr><td><p style="line-height:18px;"><font face="Arial"><b>Position Mode:</b> RTK Fixed<br><br><b>UTC:</b> 2023-12-21&#160;&#160;12:39:05.500<br><b>Week:</b> 2293,  <b>TOW:</b> 391163.500 s<br><b>Lat:</b> 45.5010913&deg;, <b>Lon:</b>   9.1560061&deg;<br><b>Alt (ellips):</b> 173.15 m (568.1 ft)<br><b>SOG:</b> 0.01 m/s (0.02 km/h, 0.01 mph)<br><b>Vertical Velocity:</b> 0.00 m/s<br><b>COG:</b> 104.0&deg;&#160;&#160;<br><br><b>SVs Used:</b> 15<br><b>PDOP:</b> 1.6, <b>HDOP:</b> 0.8<br><b>EHPE:</b> 0.08 m, <b>EVPE:</b> 0.19 m<br><b>Baseline:</b> 206.21 m<br><b>Corrections Age:</b> 1.5 s</font></p></td></tr></table>]]></description>
   </Placemark>
   <Placemark>
    <styleUrl>#GreenWNW</styleUrl><Point><coordinates>9.15600608,45.50109130,173.15</coordinates></Point>
    <description><![CDATA[<table width="250"><tr><td><p style="line-height:18px;"><font face="Arial"><b>Position Mode:</b> RTK Fixed<br><br><b>UTC:</b> 2023-12-21&#160;&#160;12:39:05.600<br><b>Week:</b> 2293,  <b>TOW:</b> 391163.600 s<br><b>Lat:</b> 45.5010913&deg;, <b>Lon:</b>   9.1560061&deg;<br><b>Alt (ellips):</b> 173.15 m (568.1 ft)<br><b>SOG:</b> 0.02 m/s (0.06 km/h, 0.04 mph)<br><b>Vertical Velocity:</b> -0.02 m/s<br><b>COG:</b> 303.7&deg;&#160;&#160;<br><br><b>SVs Tracked:</b> 19 (GPS GAL BDS SBAS)<br><b>SVs Used:</b> 15<br><b>PDOP:</b> 1.6, <b>HDOP:</b> 0.8<br><b>EHPE:</b> 0.08 m, <b>EVPE:</b> 0.19 m<br><b>Baseline:</b> 206.22 m<br><b>Corrections Age:</b> 1.6 s</font></p></td></tr></table>]]></description>
   </Placemark>
   <Placemark>
    <styleUrl>#GreenENE</styleUrl><Point><coordinates>9.15600609,45.50109130,173.15</coordinates></Point>
    <description><![CDATA[<table width="250"><tr><td><p style="line-height:18px;"><font face="Arial"><b>Position Mode:</b> RTK Fixed<br><br><b>UTC:</b> 2023-12-21&#160;&#160;12:39:05.700<br><b>Week:</b> 2293,  <b>TOW:</b> 391163.700 s<br><b>Lat:</b> 45.5010913&deg;, <b>Lon:</b>   9.1560061&deg;<br><b>Alt (ellips):</b> 173.15 m (568.1 ft)<br><b>SOG:</b> 0.01 m/s (0.04 km/h, 0.03 mph)<br><b>Vertical Velocity:</b> -0.01 m/s<br><b>COG:</b> 71.6&deg;&#160;&#160;<br><br><b>SVs Used:</b> 15<br><b>PDOP:</b> 1.6, <b>HDOP:</b> 0.8<br><b>EHPE:</b> 0.08 m, <b>EVPE:</b> 0.20 m<br><b>Baseline:</b> 206.22 m<br><b>Corrections Age:</b> 1.7 s</font></p></td></tr></table>]]></description>
   </Placemark>
   <Placemark>
    <styleUrl>#GreenSSE</styleUrl><Point><coordinates>9.15600609,45.50109130,173.15</coordinates></Point>
    <description><![CDATA[<table width="250"><tr><td><p style="line-height:18px;"><font face="Arial"><b>Position Mode:</b> RTK Fixed<br><br><b>UTC:</b> 2023-12-21&#160;&#160;12:39:05.800<br><b>Week:</b> 2293,  <b>TOW:</b> 391163.800 s<br><b>Lat:</b> 45.5010913&deg;, <b>Lon:</b>   9.1560061&deg;<br><b>Alt (ellips):</b> 173.15 m (568.1 ft)<br><b>SOG:</b> 0.01 m/s (0.05 km/h, 0.03 mph)<br><b>Vertical Velocity:</b> 0.01 m/s<br><b>COG:</b> 166.0&deg;&#160;&#160;<br><br><b>SVs Used:</b> 15<br><b>PDOP:</b> 1.6, <b>HDOP:</b> 0.8<br><b>EHPE:</b> 0.08 m, <b>EVPE:</b> 0.20 m<br><b>Baseline:</b> 206.21 m<br><b>Corrections Age:</b> 1.8 s</font></p></td></tr></table>]]></description>
   </Placemark>
   <Placemark>
    <styleUrl>#GreenWNW</styleUrl><Point><coordinates>9.15600607,45.50109130,173.15</coordinates></Point>
    <description><![CDATA[<table width="250"><tr><td><p style="line-height:18px;"><font face="Arial"><b>Position Mode:</b> RTK Fixed<br><br><b>UTC:</b> 2023-12-21&#160;&#160;12:39:05.900<br><b>Week:</b> 2293,  <b>TOW:</b> 391163.900 s<br><b>Lat:</b> 45.5010913&deg;, <b>Lon:</b>   9.1560061&deg;<br><b>Alt (ellips):</b> 173.15 m (568.1 ft)<br><b>SOG:</b> 0.01 m/s (0.04 km/h, 0.03 mph)<br><b>Vertical Velocity:</b> 0.01 m/s<br><b>COG:</b> 284.0&deg;&#160;&#160;<br><br><b>SVs Used:</b> 15<br><b>PDOP:</b> 1.6, <b>HDOP:</b> 0.8<br><b>EHPE:</b> 0.08 m, <b>EVPE:</b> 0.20 m<br><b>Baseline:</b> 206.22 m<br><b>Corrections Age:</b> 1.9 s</font></p></td></tr></table>]]></description>
   </Placemark>
   <Placemark>
    <styleUrl>#GreenE</styleUrl><Point><coordinates>9.15600608,45.50109130,173.15</coordinates></Point>
    <description><![CDATA[<table width="250"><tr><td><p style="line-height:18px;"><font face="Arial"><b>Position Mode:</b> RTK Fixed<br><br><b>UTC:</b> 2023-12-21&#160;&#160;12:39:06.000<br><b>Week:</b> 2293,  <b>TOW:</b> 391164.000 s<br><b>Lat:</b> 45.5010913&deg;, <b>Lon:</b>   9.1560061&deg;<br><b>Alt (ellips):</b> 173.15 m (568.1 ft)<br><b>SOG:</b> 0.02 m/s (0.08 km/h, 0.05 mph)<br><b>Vertical Velocity:</b> -0.02 m/s<br><b>COG:</b> 80.5&deg;&#160;&#160;<br><br><b>SVs Used:</b> 15<br><b>PDOP:</b> 1.6, <b>HDOP:</b> 0.8<br><b>EHPE:</b> 0.08 m, <b>EVPE:</b> 0.20 m<br><b>Baseline:</b> 206.22 m<br><b>Corrections Age:</b> 2.0 s</font></p></td></tr></table>]]></description>
   </Placemark>
   <Placemark>
    <styleUrl>#GreenENE</styleUrl><Point><coordinates>9.15600609,45.50109131,173.15</coordinates></Point>
    <description><![CDATA[<table width="250"><tr><td><p style="line-height:18px;"><font face="Arial"><b>Position Mode:</b> RTK Fixed<br><br><b>UTC:</b> 2023-12-21&#160;&#160;12:39:06.100<br><b>Week:</b> 2293,  <b>TOW:</b> 391164.100 s<br><b>Lat:</b> 45.5010913&deg;, <b>Lon:</b>   9.1560061&deg;<br><b>Alt (ellips):</b> 173.15 m (568.1 ft)<br><b>SOG:</b> 0.02 m/s (0.09 km/h, 0.05 mph)<br><b>Vertical Velocity:</b> -0.02 m/s<br><b>COG:</b> 78.7&deg;&#160;&#160;<br><br><b>SVs Tracked:</b> 24 (GPS GLO GAL BDS SBAS)<br><b>SVs Used:</b> 15<br><b>PDOP:</b> 1.6, <b>HDOP:</b> 0.8<br><b>EHPE:</b> 0.08 m, <b>EVPE:</b> 0.20 m<br><b>Baseline:</b> 206.22 m<br><b>Corrections Age:</b> 2.1 s</font></p></td></tr></table>]]></description>
   </Placemark>
   <Placemark>
    <styleUrl>#GreenS</styleUrl><Point><coordinates>9.15600608,45.50109130,173.15</coordinates></Point>
    <description><![CDATA[<table width="250"><tr><td><p style="line-height:18px;"><font face="Arial"><b>Position Mode:</b> RTK Fixed<br><br><b>UTC:</b> 2023-12-21&#160;&#160;12:39:06.200<br><b>Week:</b> 2293,  <b>TOW:</b> 391164.200 s<br><b>Lat:</b> 45.5010913&deg;, <b>Lon:</b>   9.1560061&deg;<br><b>Alt (ellips):</b> 173.15 m (568.1 ft)<br><b>SOG:</b> 0.01 m/s (0.02 km/h, 0.02 mph)<br><b>Vertical Velocity:</b> 0.00 m/s<br><b>COG:</b> 189.5&deg;&#160;&#160;<br><br><b>SVs Used:</b> 15<br><b>PDOP:</b> 1.6, <b>HDOP:</b> 0.8<br><b>EHPE:</b> 0.09 m, <b>EVPE:</b> 0.20 m<br><b>Baseline:</b> 206.22 m<br><b>Corrections Age:</b> 2.2 s</font></p></td></tr></table>]]></description>
   </Placemark>
   <Placemark>
    <styleUrl>#GreenNNE</styleUrl><Point><coordinates>9.15600607,45.50109130,173.15</coordinates></Point>
    <description><![CDATA[<table width="250"><tr><td><p style="line-height:18px;"><font face="Arial"><b>Position Mode:</b> RTK Fixed<br><br><b>UTC:</b> 2023-12-21&#160;&#160;12:39:06.300<br><b>Week:</b> 2293,  <b>TOW:</b> 391164.300 s<br><b>Lat:</b> 45.5010913&deg;, <b>Lon:</b>   9.1560061&deg;<br><b>Alt (ellips):</b> 173.15 m (568.1 ft)<br><b>SOG:</b> 0.03 m/s (0.10 km/h, 0.06 mph)<br><b>Vertical Velocity:</b> -0.03 m/s<br><b>COG:</b> 31.0&deg;&#160;&#160;<br><br><b>SVs Used:</b> 15<br><b>PDOP:</b> 1.6, <b>HDOP:</b> 0.8<br><b>EHPE:</b> 0.07 m, <b>EVPE:</b> 0.18 m<br><b>Baseline:</b> 206.22 m<br><b>Corrections Age:</b> 1.3 s</font></p></td></tr></table>]]></description>
   </Placemark>
   <Placemark>
    <styleUrl>#GreenSSE</styleUrl><Point><coordinates>9.15600607,45.50109130,173.15</coordinates></Point>
    <description><![CDATA[<table width="250"><tr><td><p style="line-height:18px;"><font face="Arial"><b>Position Mode:</b> RTK Fixed<br><br><b>UTC:</b> 2023-12-21&#160;&#160;12:39:06.400<br><b>Week:</b> 2293,  <b>TOW:</b> 391164.400 s<br><b>Lat:</b> 45.5010913&deg;, <b>Lon:</b>   9.1560061&deg;<br><b>Alt (ellips):</b> 173.15 m (568.1 ft)<br><b>SOG:</b> 0.02 m/s (0.06 km/h, 0.04 mph)<br><b>Vertical Velocity:</b> 0.02 m/s<br><b>COG:</b> 153.4&deg;&#160;&#160;<br><br><b>SVs Used:</b> 15<br><b>PDOP:</b> 1.6, <b>HDOP:</b> 0.8<br><b>EHPE:</b> 0.08 m, <b>EVPE:</b> 0.18 m<br><b>Baseline:</b> 206.22 m<br><b>Corrections Age:</b> 1.4 s</font></p></td></tr></table>]]></description>
   </Placemark>
   <Placemark>
    <styleUrl>#GreenSSW</styleUrl><Point><coordinates>9.15600606,45.50109128,173.15</coordinates></Point>
    <description><![CDATA[<table width="250"><tr><td><p style="line-height:18px;"><font face="Arial"><b>Position Mode:</b> RTK Fixed<br><br><b>UTC:</b> 2023-12-21&#160;&#160;12:39:06.500<br><b>Week:</b> 2293,  <b>TOW:</b> 391164.500 s<br><b>Lat:</b> 45.5010913&deg;, <b>Lon:</b>   9.1560061&deg;<br><b>Alt (ellips):</b> 173.15 m (568.1 ft)<br><b>SOG:</b> 0.02 m/s (0.07 km/h, 0.04 mph)<br><b>Vertical Velocity:</b> 0.01 m/s<br><b>COG:</b> 210.3&deg;&#160;&#160;<br><br><b>SVs Used:</b> 15<br><b>PDOP:</b> 1.6, <b>HDOP:</b> 0.8<br><b>EHPE:</b> 0.08 m, <b>EVPE:</b> 0.18 m<br><b>Baseline:</b> 206.22 m<br><b>Corrections Age:</b> 1.5 s</font></p></td></tr></table>]]></description>
   </Placemark>
   <Placemark>
    <styleUrl>#GreenESE</styleUrl><Point><coordinates>9.15600607,45.50109128,173.16</coordinates></Point>
    <description><![CDATA[<table width="250"><tr><td><p style="line-height:18px;"><font face="Arial"><b>Position Mode:</b> RTK Fixed<br><br><b>UTC:</b> 2023-12-21&#160;&#160;12:39:06.600<br><b>Week:</b> 2293,  <b>TOW:</b> 391164.600 s<br><b>Lat:</b> 45.5010913&deg;, <b>Lon:</b>   9.1560061&deg;<br><b>Alt (ellips):</b> 173.16 m (568.1 ft)<br><b>SOG:</b> 0.01 m/s (0.05 km/h, 0.03 mph)<br><b>Vertical Velocity:</b> 0.01 m/s<br><b>COG:</b> 106.7&deg;&#160;&#160;<br><br><b>SVs Tracked:</b> 19 (GPS GAL BDS SBAS)<br><b>SVs Used:</b> 15<br><b>PDOP:</b> 1.6, <b>HDOP:</b> 0.8<br><b>EHPE:</b> 0.08 m, <b>EVPE:</b> 0.18 m<br><b>Baseline:</b> 206.22 m<br><b>Corrections Age:</b> 1.6 s</font></p></td></tr></table>]]></description>
   </Placemark>
   <Placemark>
    <styleUrl>#GreenN</styleUrl><Point><coordinates>9.15600607,45.50109129,173.15</coordinates></Point>
    <description><![CDATA[<table width="250"><tr><td><p style="line-height:18px;"><font face="Arial"><b>Position Mode:</b> RTK Fixed<br><br><b>UTC:</b> 2023-12-21&#160;&#160;12:39:06.700<br><b>Week:</b> 2293,  <b>TOW:</b> 391164.700 s<br><b>Lat:</b> 45.5010913&deg;, <b>Lon:</b>   9.1560061&deg;<br><b>Alt (ellips):</b> 173.15 m (568.1 ft)<br><b>SOG:</b> 0.02 m/s (0.06 km/h, 0.04 mph)<br><b>Vertical Velocity:</b> -0.01 m/s<br><b>COG:</b> 0.0&deg;&#160;&#160;<br><br><b>SVs Used:</b> 15<br><b>PDOP:</b> 1.6, <b>HDOP:</b> 0.8<br><b>EHPE:</b> 0.08 m, <b>EVPE:</b> 0.19 m<br><b>Baseline:</b> 206.22 m<br><b>Corrections Age:</b> 1.7 s</font></p></td></tr></table>]]></description>
   </Placemark>
   <Placemark>
    <styleUrl>#GreenSE</styleUrl><Point><coordinates>9.15600608,45.50109129,173.15</coordinates></Point>
    <description><![CDATA[<table width="250"><tr><td><p style="line-height:18px;"><font face="Arial"><b>Position Mode:</b> RTK Fixed<br><br><b>UTC:</b> 2023-12-21&#160;&#160;12:39:06.800<br><b>Week:</b> 2293,  <b>TOW:</b> 391164.800 s<br><b>Lat:</b> 45.5010913&deg;, <b>Lon:</b>   9.1560061&deg;<br><b>Alt (ellips):</b> 173.15 m (568.1 ft)<br><b>SOG:</b> 0.02 m/s (0.08 km/h, 0.05 mph)<br><b>Vertical Velocity:</b> -0.02 m/s<br><b>COG:</b> 139.4&deg;&#160;&#160;<br><br><b>SVs Used:</b> 15<br><b>PDOP:</b> 1.6, <b>HDOP:</b> 0.8<br><b>EHPE:</b> 0.08 m, <b>EVPE:</b> 0.19 m<br><b>Baseline:</b> 206.22 m<br><b>Corrections Age:</b> 1.8 s</font></p></td></tr></table>]]></description>
   </Placemark>
   <Placemark>
    <styleUrl>#GreenS</styleUrl><Point><coordinates>9.15600608,45.50109128,173.15</coordinates></Point>
    <description><![CDATA[<table width="250"><tr><td><p style="line-height:18px;"><font face="Arial"><b>Position Mode:</b> RTK Fixed<br><br><b>UTC:</b> 2023-12-21&#160;&#160;12:39:06.900<br><b>Week:</b> 2293,  <b>TOW:</b> 391164.900 s<br><b>Lat:</b> 45.5010913&deg;, <b>Lon:</b>   9.1560061&deg;<br><b>Alt (ellips):</b> 173.15 m (568.1 ft)<br><b>SOG:</b> 0.03 m/s (0.10 km/h, 0.06 mph)<br><b>Vertical Velocity:</b> -0.03 m/s<br><b>COG:</b> 173.7&deg;&#160;&#160;<br><br><b>SVs Used:</b> 15<br><b>PDOP:</b> 1.6, <b>HDOP:</b> 0.8<br><b>EHPE:</b> 0.08 m, <b>EVPE:</b> 0.19 m<br><b>Baseline:</b> 206.22 m<br><b>Corrections Age:</b> 1.9 s</font></p></td></tr></table>]]></description>
   </Placemark>
   <Placemark>
    <styleUrl>#GreenENE</styleUrl><Point><coordinates>9.15600609,45.50109129,173.15</coordinates></Point>
    <description><![CDATA[<table width="250"><tr><td><p style="line-height:18px;"><font face="Arial"><b>Position Mode:</b> RTK Fixed<br><br><b>UTC:</b> 2023-12-21&#160;&#160;12:39:07.000<br><b>Week:</b> 2293,  <b>TOW:</b> 391165.000 s<br><b>Lat:</b> 45.5010913&deg;, <b>Lon:</b>   9.1560061&deg;<br><b>Alt (ellips):</b> 173.15 m (568.1 ft)<br><b>SOG:</b> 0.02 m/s (0.07 km/h, 0.04 mph)<br><b>Vertical Velocity:</b> -0.01 m/s<br><b>COG:</b> 65.6&deg;&#160;&#160;<br><br><b>SVs Used:</b> 15<br><b>PDOP:</b> 1.6, <b>HDOP:</b> 0.8<br><b>EHPE:</b> 0.08 m, <b>EVPE:</b> 0.19 m<br><b>Baseline:</b> 206.21 m<br><b>Corrections Age:</b> 2.0 s</font></p></td></tr></table>]]></description>
   </Placemark>
   <Placemark>
    <styleUrl>#GreenS</styleUrl><Point><coordinates>9.15600609,45.50109128,173.15</coordinates></Point>
    <description><![CDATA[<table width="250"><tr><td><p style="line-height:18px;"><font face="Arial"><b>Position Mode:</b> RTK Fixed<br><br><b>UTC:</b> 2023-12-21&#160;&#160;12:39:07.100<br><b>Week:</b> 2293,  <b>TOW:</b> 391165.100 s<br><b>Lat:</b> 45.5010913&deg;, <b>Lon:</b>   9.1560061&deg;<br><b>Alt (ellips):</b> 173.15 m (568.1 ft)<br><b>SOG:</b> 0.05 m/s (0.17 km/h, 0.10 mph)<br><b>Vertical Velocity:</b> 0.04 m/s<br><b>COG:</b> 176.2&deg;&#160;&#160;<br><br><b>SVs Tracked:</b> 24 (GPS GLO GAL BDS SBAS)<br><b>SVs Used:</b> 15<br><b>PDOP:</b> 1.6, <b>HDOP:</b> 0.8<br><b>EHPE:</b> 0.09 m, <b>EVPE:</b> 0.20 m<br><b>Baseline:</b> 206.21 m<br><b>Corrections Age:</b> 2.1 s</font></p></td></tr></table>]]></description>
   </Placemark>
   <Placemark>
    <styleUrl>#GreenWSW</styleUrl><Point><coordinates>9.15600608,45.50109128,173.15</coordinates></Point>
    <description><![CDATA[<table width="250"><tr><td><p style="line-height:18px;"><font face="Arial"><b>Position Mode:</b> RTK Fixed<br><br><b>UTC:</b> 2023-12-21&#160;&#160;12:39:07.200<br><b>Week:</b> 2293,  <b>TOW:</b> 391165.200 s<br><b>Lat:</b> 45.5010913&deg;, <b>Lon:</b>   9.1560061&deg;<br><b>Alt (ellips):</b> 173.15 m (568.1 ft)<br><b>SOG:</b> 0.01 m/s (0.05 km/h, 0.03 mph)<br><b>Vertical Velocity:</b> -0.01 m/s<br><b>COG:</b> 243.4&deg;&#160;&#160;<br><br><b>SVs Used:</b> 15<br><b>PDOP:</b> 1.6, <b>HDOP:</b> 0.8<br><b>EHPE:</b> 0.09 m, <b>EVPE:</b> 0.20 m<br><b>Baseline:</b> 206.21 m<br><b>Corrections Age:</b> 2.2 s</font></p></td></tr></table>]]></description>
   </Placemark>
   <Placemark>
    <styleUrl>#GreenE</styleUrl><Point><coordinates>9.15600610,45.50109128,173.15</coordinates></Point>
    <description><![CDATA[<table width="250"><tr><td><p style="line-height:18px;"><font face="Arial"><b>Position Mode:</b> RTK Fixed<br><br><b>UTC:</b> 2023-12-21&#160;&#160;12:39:07.300<br><b>Week:</b> 2293,  <b>TOW:</b> 391165.300 s<br><b>Lat:</b> 45.5010913&deg;, <b>Lon:</b>   9.1560061&deg;<br><b>Alt (ellips):</b> 173.15 m (568.1 ft)<br><b>SOG:</b> 0.02 m/s (0.05 km/h, 0.03 mph)<br><b>Vertical Velocity:</b> -0.01 m/s<br><b>COG:</b> 94.8&deg;&#160;&#160;<br><br><b>SVs Used:</b> 15<br><b>PDOP:</b> 1.6, <b>HDOP:</b> 0.8<br><b>EHPE:</b> 0.09 m, <b>EVPE:</b> 0.20 m<br><b>Baseline:</b> 206.21 m<br><b>Corrections Age:</b> 2.3 s</font></p></td></tr></table>]]></description>
   </Placemark>
   <Placemark>
    <styleUrl>#GreenW</styleUrl><Point><coordinates>9.15600608,45.50109126,173.15</coordinates></Point>
    <description><![CDATA[<table width="250"><tr><td><p style="line-height:18px;"><font face="Arial"><b>Position Mode:</b> RTK Fixed<br><br><b>UTC:</b> 2023-12-21&#160;&#160;12:39:07.400<br><b>Week:</b> 2293,  <b>TOW:</b> 391165.400 s<br><b>Lat:</b> 45.5010913&deg;, <b>Lon:</b>   9.1560061&deg;<br><b>Alt (ellips):</b> 173.15 m (568.1 ft)<br><b>SOG:</b> 0.02 m/s (0.06 km/h, 0.04 mph)<br><b>Vertical Velocity:</b> 0.02 m/s<br><b>COG:</b> 279.5&deg;&#160;&#160;<br><br><b>SVs Used:</b> 15<br><b>PDOP:</b> 1.6, <b>HDOP:</b> 0.8<br><b>EHPE:</b> 0.08 m, <b>EVPE:</b> 0.19 m<br><b>Baseline:</b> 206.21 m<br><b>Corrections Age:</b> 1.4 s</font></p></td></tr></table>]]></description>
   </Placemark>
   <Placemark>
    <styleUrl>#GreenSE</styleUrl><Point><coordinates>9.15600610,45.50109126,173.15</coordinates></Point>
    <description><![CDATA[<table width="250"><tr><td><p style="line-height:18px;"><font face="Arial"><b>Position Mode:</b> RTK Fixed<br><br><b>UTC:</b> 2023-12-21&#160;&#160;12:39:07.500<br><b>Week:</b> 2293,  <b>TOW:</b> 391165.500 s<br><b>Lat:</b> 45.5010913&deg;, <b>Lon:</b>   9.1560061&deg;<br><b>Alt (ellips):</b> 173.15 m (568.1 ft)<br><b>SOG:</b> 0.03 m/s (0.11 km/h, 0.07 mph)<br><b>Vertical Velocity:</b> -0.03 m/s<br><b>COG:</b> 129.3&deg;&#160;&#160;<br><br><b>SVs Used:</b> 15<br><b>PDOP:</b> 1.6, <b>HDOP:</b> 0.8<br><b>EHPE:</b> 0.08 m, <b>EVPE:</b> 0.20 m<br><b>Baseline:</b> 206.21 m<br><b>Corrections Age:</b> 1.5 s</font></p></td></tr></table>]]></description>
   </Placemark>
   <Placemark>
    <styleUrl>#GreenWSW</styleUrl><Point><coordinates>9.15600608,45.50109126,173.15</coordinates></Point>
    <description><![CDATA[<table width="250"><tr><td><p style="line-height:18px;"><font face="Arial"><b>Position Mode:</b> RTK Fixed<br><br><b>UTC:</b> 2023-12-21&#160;&#160;12:39:07.600<br><b>Week:</b> 2293,  <b>TOW:</b> 391165.600 s<br><b>Lat:</b> 45.5010913&deg;, <b>Lon:</b>   9.1560061&deg;<br><b>Alt (ellips):</b> 173.15 m (568.1 ft)<br><b>SOG:</b> 0.01 m/s (0.04 km/h, 0.02 mph)<br><b>Vertical Velocity:</b> 0.01 m/s<br><b>COG:</b> 243.4&deg;&#160;&#160;<br><br><b>SVs Tracked:</b> 19 (GPS GAL BDS SBAS)<br><b>SVs Used:</b> 15<br><b>PDOP:</b> 1.6, <b>HDOP:</b> 0.8<br><b>EHPE:</b> 0.08 m, <b>EVPE:</b> 0.20 m<br><b>Baseline:</b> 206.22 m<br><b>Corrections Age:</b> 1.6 s</font></p></td></tr></table>]]></description>
   </Placemark>
   <Placemark>
    <styleUrl>#GreenNNE</styleUrl><Point><coordinates>9.15600608,45.50109127,173.15</coordinates></Point>
    <description><![CDATA[<table width="250"><tr><td><p style="line-height:18px;"><font face="Arial"><b>Position Mode:</b> RTK Fixed<br><br><b>UTC:</b> 2023-12-21&#160;&#160;12:39:07.700<br><b>Week:</b> 2293,  <b>TOW:</b> 391165.700 s<br><b>Lat:</b> 45.5010913&deg;, <b>Lon:</b>   9.1560061&deg;<br><b>Alt (ellips):</b> 173.15 m (568.1 ft)<br><b>SOG:</b> 0.02 m/s (0.07 km/h, 0.04 mph)<br><b>Vertical Velocity:</b> -0.01 m/s<br><b>COG:</b> 18.4&deg;&#160;&#160;<br><br><b>SVs Used:</b> 15<br><b>PDOP:</b> 1.6, <b>HDOP:</b> 0.8<br><b>EHPE:</b> 0.09 m, <b>EVPE:</b> 0.20 m<br><b>Baseline:</b> 206.21 m<br><b>Corrections Age:</b> 1.7 s</font></p></td></tr></table>]]></description>
   </Placemark>
   <Placemark>
    <styleUrl>#GreenSE</styleUrl><Point><coordinates>9.15600609,45.50109127,173.15</coordinates></Point>
    <description><![CDATA[<table width="250"><tr><td><p style="line-height:18px;"><font face="Arial"><b>Position Mode:</b> RTK Fixed<br><br><b>UTC:</b> 2023-12-21&#160;&#160;12:39:07.800<br><b>Week:</b> 2293,  <b>TOW:</b> 391165.800 s<br><b>Lat:</b> 45.5010913&deg;, <b>Lon:</b>   9.1560061&deg;<br><b>Alt (ellips):</b> 173.15 m (568.1 ft)<br><b>SOG:</b> 0.02 m/s (0.08 km/h, 0.05 mph)<br><b>Vertical Velocity:</b> 0.02 m/s<br><b>COG:</b> 144.5&deg;&#160;&#160;<br><br><b>SVs Used:</b> 15<br><b>PDOP:</b> 1.6, <b>HDOP:</b> 0.8<br><b>EHPE:</b> 0.09 m, <b>EVPE:</b> 0.21 m<br><b>Baseline:</b> 206.21 m<br><b>Corrections Age:</b> 1.8 s</font></p></td></tr></table>]]></description>
   </Placemark>
   <Placemark>
    <styleUrl>#GreenW</styleUrl><Point><coordinates>9.15600608,45.50109126,173.15</coordinates></Point>
    <description><![CDATA[<table width="250"><tr><td><p style="line-height:18px;"><font face="Arial"><b>Position Mode:</b> RTK Fixed<br><br><b>UTC:</b> 2023-12-21&#160;&#160;12:39:07.900<br><b>Week:</b> 2293,  <b>TOW:</b> 391165.900 s<br><b>Lat:</b> 45.5010913&deg;, <b>Lon:</b>   9.1560061&deg;<br><b>Alt (ellips):</b> 173.15 m (568.1 ft)<br><b>SOG:</b> 0.01 m/s (0.03 km/h, 0.02 mph)<br><b>Vertical Velocity:</b> -0.01 m/s<br><b>COG:</b> 270.0&deg;&#160;&#160;<br><br><b>SVs Used:</b> 15<br><b>PDOP:</b> 1.6, <b>HDOP:</b> 0.8<br><b>EHPE:</b> 0.09 m, <b>EVPE:</b> 0.21 m<br><b>Baseline:</b> 206.22 m<br><b>Corrections Age:</b> 1.9 s</font></p></td></tr></table>]]></description>
   </Placemark>
   <Placemark>
    <styleUrl>#GreenSE</styleUrl><Point><coordinates>9.15600608,45.50109126,173.15</coordinates></Point>
    <description><![CDATA[<table width="250"><tr><td><p style="line-height:18px;"><font face="Arial"><b>Position Mode:</b> RTK Fixed<br><br><b>UTC:</b> 2023-12-21&#160;&#160;12:39:08.000<br><b>Week:</b> 2293,  <b>TOW:</b> 391166.000 s<br><b>Lat:</b> 45.5010913&deg;, <b>Lon:</b>   9.1560061&deg;<br><b>Alt (ellips):</b> 173.15 m (568.1 ft)<br><b>SOG:</b> 0.01 m/s (0.03 km/h, 0.02 mph)<br><b>Vertical Velocity:</b> -0.01 m/s<br><b>COG:</b> 141.3&deg;&#160;&#160;<br><br><b>SVs Used:</b> 15<br><b>PDOP:</b> 1.6, <b>HDOP:</b> 0.8<br><b>EHPE:</b> 0.09 m, <b>EVPE:</b> 0.21 m<br><b>Baseline:</b> 206.22 m<br><b>Corrections Age:</b> 2.0 s</font></p></td></tr></table>]]></description>
   </Placemark>
   <Placemark>
    <styleUrl>#GreenENE</styleUrl><Point><coordinates>9.15600609,45.50109127,173.15</coordinates></Point>
    <description><![CDATA[<table width="250"><tr><td><p style="line-height:18px;"><font face="Arial"><b>Position Mode:</b> RTK Fixed<br><br><b>UTC:</b> 2023-12-21&#160;&#160;12:39:08.100<br><b>Week:</b> 2293,  <b>TOW:</b> 391166.100 s<br><b>Lat:</b> 45.5010913&deg;, <b>Lon:</b>   9.1560061&deg;<br><b>Alt (ellips):</b> 173.15 m (568.1 ft)<br><b>SOG:</b> 0.03 m/s (0.10 km/h, 0.06 mph)<br><b>Vertical Velocity:</b> -0.03 m/s<br><b>COG:</b> 56.3&deg;&#160;&#160;<br><br><b>SVs Tracked:</b> 24 (GPS GLO GAL BDS SBAS)<br><b>SVs Used:</b> 15<br><b>PDOP:</b> 1.6, <b>HDOP:</b> 0.8<br><b>EHPE:</b> 0.09 m, <b>EVPE:</b> 0.21 m<br><b>Baseline:</b> 206.21 m<br><b>Corrections Age:</b> 2.1 s</font></p></td></tr></table>]]></description>
   </Placemark>
   <Placemark>
    <styleUrl>#GreenWSW</styleUrl><Point><coordinates>9.15600608,45.50109127,173.15</coordinates></Point>
    <description><![CDATA[<table width="250"><tr><td><p style="line-height:18px;"><font face="Arial"><b>Position Mode:</b> RTK Fixed<br><br><b>UTC:</b> 2023-12-21&#160;&#160;12:39:08.200<br><b>Week:</b> 2293,  <b>TOW:</b> 391166.200 s<br><b>Lat:</b> 45.5010913&deg;, <b>Lon:</b>   9.1560061&deg;<br><b>Alt (ellips):</b> 173.15 m (568.1 ft)<br><b>SOG:</b> 0.01 m/s (0.02 km/h, 0.01 mph)<br><b>Vertical Velocity:</b> 0.01 m/s<br><b>COG:</b> 243.4&deg;&#160;&#160;<br><br><b>SVs Used:</b> 15<br><b>PDOP:</b> 1.6, <b>HDOP:</b> 0.8<br><b>EHPE:</b> 0.09 m, <b>EVPE:</b> 0.21 m<br><b>Baseline:</b> 206.21 m<br><b>Corrections Age:</b> 2.2 s</font></p></td></tr></table>]]></description>
   </Placemark>
   <Placemark>
    <styleUrl>#GreenENE</styleUrl><Point><coordinates>9.15600610,45.50109127,173.15</coordinates></Point>
    <description><![CDATA[<table width="250"><tr><td><p style="line-height:18px;"><font face="Arial"><b>Position Mode:</b> RTK Fixed<br><br><b>UTC:</b> 2023-12-21&#160;&#160;12:39:08.300<br><b>Week:</b> 2293,  <b>TOW:</b> 391166.300 s<br><b>Lat:</b> 45.5010913&deg;, <b>Lon:</b>   9.1560061&deg;<br><b>Alt (ellips):</b> 173.15 m (568.1 ft)<br><b>SOG:</b> 0.01 m/s (0.05 km/h, 0.03 mph)<br><b>Vertical Velocity:</b> -0.01 m/s<br><b>COG:</b> 70.0&deg;&#160;&#160;<br><br><b>SVs Used:</b> 15<br><b>PDOP:</b> 1.6, <b>HDOP:</b> 0.8<br><b>EHPE:</b> 0.09 m, <b>EVPE:</b> 0.21 m<br><b>Baseline:</b> 206.21 m<br><b>Corrections Age:</b> 2.3 s</font></p></td></tr></table>]]></description>
   </Placemark>
   <Placemark>
    <styleUrl>#GreenSSE</styleUrl><Point><coordinates>9.15600611,45.50109132,173.14</coordinates></Point>
    <description><![CDATA[<table width="250"><tr><td><p style="line-height:18px;"><font face="Arial"><b>Position Mode:</b> RTK Fixed<br><br><b>UTC:</b> 2023-12-21&#160;&#160;12:39:08.400<br><b>Week:</b> 2293,  <b>TOW:</b> 391166.400 s<br><b>Lat:</b> 45.5010913&deg;, <b>Lon:</b>   9.1560061&deg;<br><b>Alt (ellips):</b> 173.14 m (568.1 ft)<br><b>SOG:</b> 0.01 m/s (0.02 km/h, 0.01 mph)<br><b>Vertical Velocity:</b> -0.00 m/s<br><b>COG:</b> 149.0&deg;&#160;&#160;<br><br><b>SVs Used:</b> 15<br><b>PDOP:</b> 1.6, <b>HDOP:</b> 0.8<br><b>EHPE:</b> 0.08 m, <b>EVPE:</b> 0.20 m<br><b>Baseline:</b> 206.21 m<br><b>Corrections Age:</b> 1.4 s</font></p></td></tr></table>]]></description>
   </Placemark>
   <Placemark>
    <styleUrl>#GreenSW</styleUrl><Point><coordinates>9.15600611,45.50109132,173.15</coordinates></Point>
    <description><![CDATA[<table width="250"><tr><td><p style="line-height:18px;"><font face="Arial"><b>Position Mode:</b> RTK Fixed<br><br><b>UTC:</b> 2023-12-21&#160;&#160;12:39:08.500<br><b>Week:</b> 2293,  <b>TOW:</b> 391166.500 s<br><b>Lat:</b> 45.5010913&deg;, <b>Lon:</b>   9.1560061&deg;<br><b>Alt (ellips):</b> 173.15 m (568.1 ft)<br><b>SOG:</b> 0.01 m/s (0.05 km/h, 0.03 mph)<br><b>Vertical Velocity:</b> 0.01 m/s<br><b>COG:</b> 225.0&deg;&#160;&#160;<br><br><b>SVs Used:</b> 15<br><b>PDOP:</b> 1.6, <b>HDOP:</b> 0.8<br><b>EHPE:</b> 0.09 m, <b>EVPE:</b> 0.20 m<br><b>Baseline:</b> 206.21 m<br><b>Corrections Age:</b> 1.5 s</font></p></td></tr></table>]]></description>
   </Placemark>
   <Placemark>
    <styleUrl>#GreenS</styleUrl><Point><coordinates>9.15600610,45.50109131,173.15</coordinates></Point>
    <description><![CDATA[<table width="250"><tr><td><p style="line-height:18px;"><font face="Arial"><b>Position Mode:</b> RTK Fixed<br><br><b>UTC:</b> 2023-12-21&#160;&#160;12:39:08.600<br><b>Week:</b> 2293,  <b>TOW:</b> 391166.600 s<br><b>Lat:</b> 45.5010913&deg;, <b>Lon:</b>   9.1560061&deg;<br><b>Alt (ellips):</b> 173.15 m (568.1 ft)<br><b>SOG:</b> 0.01 m/s (0.05 km/h, 0.03 mph)<br><b>Vertical Velocity:</b> 0.01 m/s<br><b>COG:</b> 184.4&deg;&#160;&#160;<br><br><b>SVs Tracked:</b> 19 (GPS GAL BDS SBAS)<br><b>SVs Used:</b> 15<br><b>PDOP:</b> 1.6, <b>HDOP:</b> 0.8<br><b>EHPE:</b> 0.09 m, <b>EVPE:</b> 0.21 m<br><b>Baseline:</b> 206.21 m<br><b>Corrections Age:</b> 1.6 s</font></p></td></tr></table>]]></description>
   </Placemark>
   <Placemark>
    <styleUrl>#GreenENE</styleUrl><Point><coordinates>9.15600611,45.50109131,173.15</coordinates></Point>
    <description><![CDATA[<table width="250"><tr><td><p style="line-height:18px;"><font face="Arial"><b>Position Mode:</b> RTK Fixed<br><br><b>UTC:</b> 2023-12-21&#160;&#160;12:39:08.700<br><b>Week:</b> 2293,  <b>TOW:</b> 391166.700 s<br><b>Lat:</b> 45.5010913&deg;, <b>Lon:</b>   9.1560061&deg;<br><b>Alt (ellips):</b> 173.15 m (568.1 ft)<br><b>SOG:</b> 0.02 m/s (0.07 km/h, 0.05 mph)<br><b>Vertical Velocity:</b> -0.02 m/s<br><b>COG:</b> 63.4&deg;&#160;&#160;<br><br><b>SVs Used:</b> 15<br><b>PDOP:</b> 1.6, <b>HDOP:</b> 0.8<br><b>EHPE:</b> 0.09 m, <b>EVPE:</b> 0.21 m<br><b>Baseline:</b> 206.21 m<br><b>Corrections Age:</b> 1.7 s</font></p></td></tr></table>]]></description>
   </Placemark>
   <Placemark>
    <styleUrl>#GreenSSE</styleUrl><Point><coordinates>9.15600613,45.50109131,173.15</coordinates></Point>
    <description><![CDATA[<table width="250"><tr><td><p style="line-height:18px;"><font face="Arial"><b>Position Mode:</b> RTK Fixed<br><br><b>UTC:</b> 2023-12-21&#160;&#160;12:39:08.800<br><b>Week:</b> 2293,  <b>TOW:</b> 391166.800 s<br><b>Lat:</b> 45.5010913&deg;, <b>Lon:</b>   9.1560061&deg;<br><b>Alt (ellips):</b> 173.15 m (568.1 ft)<br><b>SOG:</b> 0.05 m/s (0.19 km/h, 0.12 mph)<br><b>Vertical Velocity:</b> 0.05 m/s<br><b>COG:</b> 153.4&deg;&#160;&#160;<br><br><b>SVs Used:</b> 15<br><b>PDOP:</b> 1.6, <b>HDOP:</b> 0.8<br><b>EHPE:</b> 0.09 m, <b>EVPE:</b> 0.21 m<br><b>Baseline:</b> 206.21 m<br><b>Corrections Age:</b> 1.8 s</font></p></td></tr></table>]]></description>
   </Placemark>
   <Placemark>
    <styleUrl>#GreenSE</styleUrl><Point><coordinates>9.15600615,45.50109131,173.14</coordinates></Point>
    <description><![CDATA[<table width="250"><tr><td><p style="line-height:18px;"><font face="Arial"><b>Position Mode:</b> RTK Fixed<br><br><b>UTC:</b> 2023-12-21&#160;&#160;12:39:08.900<br><b>Week:</b> 2293,  <b>TOW:</b> 391166.900 s<br><b>Lat:</b> 45.5010913&deg;, <b>Lon:</b>   9.1560061&deg;<br><b>Alt (ellips):</b> 173.14 m (568.1 ft)<br><b>SOG:</b> 0.02 m/s (0.07 km/h, 0.04 mph)<br><b>Vertical Velocity:</b> -0.01 m/s<br><b>COG:</b> 127.9&deg;&#160;&#160;<br><br><b>SVs Used:</b> 15<br><b>PDOP:</b> 1.6, <b>HDOP:</b> 0.8<br><b>EHPE:</b> 0.09 m, <b>EVPE:</b> 0.21 m<br><b>Baseline:</b> 206.21 m<br><b>Corrections Age:</b> 1.9 s</font></p></td></tr></table>]]></description>
   </Placemark>
   <Placemark>
    <styleUrl>#GreenWSW</styleUrl><Point><coordinates>9.15600613,45.50109131,173.15</coordinates></Point>
    <description><![CDATA[<table width="250"><tr><td><p style="line-height:18px;"><font face="Arial"><b>Position Mode:</b> RTK Fixed<br><br><b>UTC:</b> 2023-12-21&#160;&#160;12:39:09.000<br><b>Week:</b> 2293,  <b>TOW:</b> 391167.000 s<br><b>Lat:</b> 45.5010913&deg;, <b>Lon:</b>   9.1560061&deg;<br><b>Alt (ellips):</b> 173.15 m (568.1 ft)<br><b>SOG:</b> 0.02 m/s (0.08 km/h, 0.05 mph)<br><b>Vertical Velocity:</b> 0.02 m/s<br><b>COG:</b> 249.0&deg;&#160;&#160;<br><br><b>SVs Used:</b> 15<br><b>PDOP:</b> 1.6, <b>HDOP:</b> 0.8<br><b>EHPE:</b> 0.09 m, <b>EVPE:</b> 0.21 m<br><b>Baseline:</b> 206.21 m<br><b>Corrections Age:</b> 2.0 s</font></p></td></tr></table>]]></description>
   </Placemark>
   <Placemark>
    <styleUrl>#GreenSE</styleUrl><Point><coordinates>9.15600615,45.50109130,173.14</coordinates></Point>
    <description><![CDATA[<table width="250"><tr><td><p style="line-height:18px;"><font face="Arial"><b>Position Mode:</b> RTK Fixed<br><br><b>UTC:</b> 2023-12-21&#160;&#160;12:39:09.100<br><b>Week:</b> 2293,  <b>TOW:</b> 391167.100 s<br><b>Lat:</b> 45.5010913&deg;, <b>Lon:</b>   9.1560062&deg;<br><b>Alt (ellips):</b> 173.14 m (568.1 ft)<br><b>SOG:</b> 0.03 m/s (0.09 km/h, 0.06 mph)<br><b>Vertical Velocity:</b> -0.01 m/s<br><b>COG:</b> 144.2&deg;&#160;&#160;<br><br><b>SVs Tracked:</b> 24 (GPS GLO GAL BDS SBAS)<br><b>SVs Used:</b> 15<br><b>PDOP:</b> 1.6, <b>HDOP:</b> 0.8<br><b>EHPE:</b> 0.09 m, <b>EVPE:</b> 0.21 m<br><b>Baseline:</b> 206.21 m<br><b>Corrections Age:</b> 2.1 s</font></p></td></tr></table>]]></description>
   </Placemark>
   <Placemark>
    <styleUrl>#GreenNW</styleUrl><Point><coordinates>9.15600614,45.50109131,173.14</coordinates></Point>
    <description><![CDATA[<table width="250"><tr><td><p style="line-height:18px;"><font face="Arial"><b>Position Mode:</b> RTK Fixed<br><br><b>UTC:</b> 2023-12-21&#160;&#160;12:39:09.200<br><b>Week:</b> 2293,  <b>TOW:</b> 391167.200 s<br><b>Lat:</b> 45.5010913&deg;, <b>Lon:</b>   9.1560061&deg;<br><b>Alt (ellips):</b> 173.14 m (568.1 ft)<br><b>SOG:</b> 0.02 m/s (0.09 km/h, 0.05 mph)<br><b>Vertical Velocity:</b> 0.02 m/s<br><b>COG:</b> 318.4&deg;&#160;&#160;<br><br><b>SVs Used:</b> 15<br><b>PDOP:</b> 1.6, <b>HDOP:</b> 0.8<br><b>EHPE:</b> 0.09 m, <b>EVPE:</b> 0.21 m<br><b>Baseline:</b> 206.21 m<br><b>Corrections Age:</b> 2.2 s</font></p></td></tr></table>]]></description>
   </Placemark>
   <Placemark>
    <styleUrl>#GreenS</styleUrl><Point><coordinates>9.15600613,45.50109132,173.14</coordinates></Point>
    <description><![CDATA[<table width="250"><tr><td><p style="line-height:18px;"><font face="Arial"><b>Position Mode:</b> RTK Fixed<br><br><b>UTC:</b> 2023-12-21&#160;&#160;12:39:09.300<br><b>Week:</b> 2293,  <b>TOW:</b> 391167.300 s<br><b>Lat:</b> 45.5010913&deg;, <b>Lon:</b>   9.1560061&deg;<br><b>Alt (ellips):</b> 173.14 m (568.1 ft)<br><b>SOG:</b> 0.01 m/s (0.03 km/h, 0.02 mph)<br><b>Vertical Velocity:</b> 0.00 m/s<br><b>COG:</b> 188.1&deg;&#160;&#160;<br><br><b>SVs Used:</b> 15<br><b>PDOP:</b> 1.6, <b>HDOP:</b> 0.8<br><b>EHPE:</b> 0.08 m, <b>EVPE:</b> 0.19 m<br><b>Baseline:</b> 206.21 m<br><b>Corrections Age:</b> 1.3 s</font></p></td></tr></table>]]></description>
   </Placemark>
   <Placemark>
    <styleUrl>#GreenS</styleUrl><Point><coordinates>9.15600613,45.50109132,173.15</coordinates></Point>
    <description><![CDATA[<table width="250"><tr><td><p style="line-height:18px;"><font face="Arial"><b>Position Mode:</b> RTK Fixed<br><br><b>UTC:</b> 2023-12-21&#160;&#160;12:39:09.400<br><b>Week:</b> 2293,  <b>TOW:</b> 391167.400 s<br><b>Lat:</b> 45.5010913&deg;, <b>Lon:</b>   9.1560061&deg;<br><b>Alt (ellips):</b> 173.15 m (568.1 ft)<br><b>SOG:</b> 0.03 m/s (0.10 km/h, 0.06 mph)<br><b>Vertical Velocity:</b> 0.03 m/s<br><b>COG:</b> 180.0&deg;&#160;&#160;<br><br><b>SVs Used:</b> 15<br><b>PDOP:</b> 1.6, <b>HDOP:</b> 0.8<br><b>EHPE:</b> 0.08 m, <b>EVPE:</b> 0.20 m<br><b>Baseline:</b> 206.21 m<br><b>Corrections Age:</b> 1.4 s</font></p></td></tr></table>]]></description>
   </Placemark>
   <Placemark>
    <styleUrl>#GreenSSW</styleUrl><Point><coordinates>9.15600613,45.50109131,173.15</coordinates></Point>
    <description><![CDATA[<table width="250"><tr><td><p style="line-height:18px;"><font face="Arial"><b>Position Mode:</b> RTK Fixed<br><br><b>UTC:</b> 2023-12-21&#160;&#160;12:39:09.500<br><b>Week:</b> 2293,  <b>TOW:</b> 391167.500 s<br><b>Lat:</b> 45.5010913&deg;, <b>Lon:</b>   9.1560061&deg;<br><b>Alt (ellips):</b> 173.15 m (568.1 ft)<br><b>SOG:</b> 0.01 m/s (0.05 km/h, 0.03 mph)<br><b>Vertical Velocity:</b> 0.01 m/s<br><b>COG:</b> 193.0&deg;&#160;&#160;<br><br><b>SVs Used:</b> 15<br><b>PDOP:</b> 1.6, <b>HDOP:</b> 0.8<br><b>EHPE:</b> 0.08 m, <b>EVPE:</b> 0.20 m<br><b>Baseline:</b> 206.21 m<br><b>Corrections Age:</b> 1.5 s</font></p></td></tr></table>]]></description>
   </Placemark>
   <Placemark>
    <styleUrl>#GreenSW</styleUrl><Point><coordinates>9.15600613,45.50109131,173.15</coordinates></Point>
    <description><![CDATA[<table width="250"><tr><td><p style="line-height:18px;"><font face="Arial"><b>Position Mode:</b> RTK Fixed<br><br><b>UTC:</b> 2023-12-21&#160;&#160;12:39:09.600<br><b>Week:</b> 2293,  <b>TOW:</b> 391167.600 s<br><b>Lat:</b> 45.5010913&deg;, <b>Lon:</b>   9.1560061&deg;<br><b>Alt (ellips):</b> 173.15 m (568.1 ft)<br><b>SOG:</b> 0.02 m/s (0.08 km/h, 0.05 mph)<br><b>Vertical Velocity:</b> 0.02 m/s<br><b>COG:</b> 225.0&deg;&#160;&#160;<br><br><b>SVs Tracked:</b> 19 (GPS GAL BDS SBAS)<br><b>SVs Used:</b> 15<br><b>PDOP:</b> 1.6, <b>HDOP:</b> 0.8<br><b>EHPE:</b> 0.09 m, <b>EVPE:</b> 0.20 m<br><b>Baseline:</b> 206.21 m<br><b>Corrections Age:</b> 1.6 s</font></p></td></tr></table>]]></description>
   </Placemark>
   <Placemark>
    <styleUrl>#GreenWSW</styleUrl><Point><coordinates>9.15600613,45.50109132,173.14</coordinates></Point>
    <description><![CDATA[<table width="250"><tr><td><p style="line-height:18px;"><font face="Arial"><b>Position Mode:</b> RTK Fixed<br><br><b>UTC:</b> 2023-12-21&#160;&#160;12:39:09.700<br><b>Week:</b> 2293,  <b>TOW:</b> 391167.700 s<br><b>Lat:</b> 45.5010913&deg;, <b>Lon:</b>   9.1560061&deg;<br><b>Alt (ellips):</b> 173.14 m (568.1 ft)<br><b>SOG:</b> 0.03 m/s (0.11 km/h, 0.07 mph)<br><b>Vertical Velocity:</b> -0.03 m/s<br><b>COG:</b> 243.4&deg;&#160;&#160;<br><br><b>SVs Used:</b> 15<br><b>PDOP:</b> 1.6, <b>HDOP:</b> 0.8<br><b>EHPE:</b> 0.09 m, <b>EVPE:</b> 0.20 m<br><b>Baseline:</b> 206.21 m<br><b>Corrections Age:</b> 1.7 s</font></p></td></tr></table>]]></description>
   </Placemark>
   <Placemark>
    <styleUrl>#GreenSSW</styleUrl><Point><coordinates>9.15600613,45.50109131,173.15</coordinates></Point>
    <description><![CDATA[<table width="250"><tr><td><p style="line-height:18px;"><font face="Arial"><b>Position Mode:</b> RTK Fixed<br><br><b>UTC:</b> 2023-12-21&#160;&#160;12:39:09.800<br><b>Week:</b> 2293,  <b>TOW:</b> 391167.800 s<br><b>Lat:</b> 45.5010913&deg;, <b>Lon:</b>   9.1560061&deg;<br><b>Alt (ellips):</b> 173.15 m (568.1 ft)<br><b>SOG:</b> 0.05 m/s (0.16 km/h, 0.10 mph)<br><b>Vertical Velocity:</b> 0.04 m/s<br><b>COG:</b> 209.7&deg;&#160;&#160;<br><br><b>SVs Used:</b> 15<br><b>PDOP:</b> 1.6, <b>HDOP:</b> 0.8<br><b>EHPE:</b> 0.09 m, <b>EVPE:</b> 0.21 m<br><b>Baseline:</b> 206.21 m<br><b>Corrections Age:</b> 1.8 s</font></p></td></tr></table>]]></description>
   </Placemark>
   <Placemark>
    <styleUrl>#GreenS</styleUrl><Point><coordinates>9.15600613,45.50109130,173.15</coordinates></Point>
    <description><![CDATA[<table width="250"><tr><td><p style="line-height:18px;"><font face="Arial"><b>Position Mode:</b> RTK Fixed<br><br><b>UTC:</b> 2023-12-21&#160;&#160;12:39:09.900<br><b>Week:</b> 2293,  <b>TOW:</b> 391167.900 s<br><b>Lat:</b> 45.5010913&deg;, <b>Lon:</b>   9.1560061&deg;<br><b>Alt (ellips):</b> 173.15 m (568.1 ft)<br><b>SOG:</b> 0.01 m/s (0.05 km/h, 0.03 mph)<br><b>Vertical Velocity:</b> 0.00 m/s<br><b>COG:</b> 171.3&deg;&#160;&#160;<br><br><b>SVs Used:</b> 15<br><b>PDOP:</b> 1.6, <b>HDOP:</b> 0.8<br><b>EHPE:</b> 0.09 m, <b>EVPE:</b> 0.21 m<br><b>Baseline:</b> 206.21 m<br><b>Corrections Age:</b> 1.9 s</font></p></td></tr></table>]]></description>
   </Placemark>
   <Placemark>
    <styleUrl>#GreenSE</styleUrl><Point><coordinates>9.15600614,45.50109130,173.15</coordinates></Point>
    <description><![CDATA[<table width="250"><tr><td><p style="line-height:18px;"><font face="Arial"><b>Position Mode:</b> RTK Fixed<br><br><b>UTC:</b> 2023-12-21&#160;&#160;12:39:10.000<br><b>Week:</b> 2293,  <b>TOW:</b> 391168.000 s<br><b>Lat:</b> 45.5010913&deg;, <b>Lon:</b>   9.1560061&deg;<br><b>Alt (ellips):</b> 173.15 m (568.1 ft)<br><b>SOG:</b> 0.01 m/s (0.04 km/h, 0.02 mph)<br><b>Vertical Velocity:</b> 0.01 m/s<br><b>COG:</b> 125.5&deg;&#160;&#160;<br><br><b>SVs Used:</b> 15<br><b>PDOP:</b> 1.6, <b>HDOP:</b> 0.8<br><b>EHPE:</b> 0.09 m, <b>EVPE:</b> 0.21 m<br><b>Baseline:</b> 206.21 m<br><b>Corrections Age:</b> 2.0 s</font></p></td></tr></table>]]></description>
   </Placemark>
   <Placemark>
    <styleUrl>#GreenWNW</styleUrl><Point><coordinates>9.15600614,45.50109131,173.15</coordinates></Point>
    <description><![CDATA[<table width="250"><tr><td><p style="line-height:18px;"><font face="Arial"><b>Position Mode:</b> RTK Fixed<br><br><b>UTC:</b> 2023-12-21&#160;&#160;12:39:10.100<br><b>Week:</b> 2293,  <b>TOW:</b> 391168.100 s<br><b>Lat:</b> 45.5010913&deg;, <b>Lon:</b>   9.1560061&deg;<br><b>Alt (ellips):</b> 173.15 m (568.1 ft)<br><b>SOG:</b> 0.01 m/s (0.02 km/h, 0.01 mph)<br><b>Vertical Velocity:</b> -0.00 m/s<br><b>COG:</b> 281.3&deg;&#160;&#160;<br><br><b>SVs Tracked:</b> 24 (GPS GLO GAL BDS SBAS)<br><b>SVs Used:</b> 15<br><b>PDOP:</b> 1.6, <b>HDOP:</b> 0.8<br><b>EHPE:</b> 0.09 m, <b>EVPE:</b> 0.21 m<br><b>Baseline:</b> 206.21 m<br><b>Corrections Age:</b> 2.1 s</font></p></td></tr></table>]]></description>
   </Placemark>
   <Placemark>
    <styleUrl>#GreenNW</styleUrl><Point><coordinates>9.15600614,45.50109132,173.15</coordinates></Point>
    <description><![CDATA[<table width="250"><tr><td><p style="line-height:18px;"><font face="Arial"><b>Position Mode:</b> RTK Fixed<br><br><b>UTC:</b> 2023-12-21&#160;&#160;12:39:10.200<br><b>Week:</b> 2293,  <b>TOW:</b> 391168.200 s<br><b>Lat:</b> 45.5010913&deg;, <b>Lon:</b>   9.1560061&deg;<br><b>Alt (ellips):</b> 173.15 m (568.1 ft)<br><b>SOG:</b> 0.03 m/s (0.10 km/h, 0.07 mph)<br><b>Vertical Velocity:</b> 0.03 m/s<br><b>COG:</b> 320.2&deg;&#160;&#160;<br><br><b>SVs Used:</b> 15<br><b>PDOP:</b> 1.6, <b>HDOP:</b> 0.8<br><b>EHPE:</b> 0.09 m, <b>EVPE:</b> 0.22 m<br><b>Baseline:</b> 206.21 m<br><b>Corrections Age:</b> 2.2 s</font></p></td></tr></table>]]></description>
   </Placemark>
   <Placemark>
    <styleUrl>#GreenSSE</styleUrl><Point><coordinates>9.15600612,45.50109130,173.15</coordinates></Point>
    <description><![CDATA[<table width="250"><tr><td><p style="line-height:18px;"><font face="Arial"><b>Position Mode:</b> RTK Fixed<br><br><b>UTC:</b> 2023-12-21&#160;&#160;12:39:10.300<br><b>Week:</b> 2293,  <b>TOW:</b> 391168.300 s<br><b>Lat:</b> 45.5010913&deg;, <b>Lon:</b>   9.1560061&deg;<br><b>Alt (ellips):</b> 173.15 m (568.1 ft)<br><b>SOG:</b> 0.03 m/s (0.10 km/h, 0.06 mph)<br><b>Vertical Velocity:</b> 0.03 m/s<br><b>COG:</b> 150.3&deg;&#160;&#160;<br><br><b>SVs Used:</b> 15<br><b>PDOP:</b> 1.6, <b>HDOP:</b> 0.8<br><b>EHPE:</b> 0.08 m, <b>EVPE:</b> 0.20 m<br><b>Baseline:</b> 206.21 m<br><b>Corrections Age:</b> 1.3 s</font></p></td></tr></table>]]></description>
   </Placemark>
   <Placemark>
    <styleUrl>#GreenSSW</styleUrl><Point><coordinates>9.15600611,45.50109130,173.15</coordinates></Point>
    <description><![CDATA[<table width="250"><tr><td><p style="line-height:18px;"><font face="Arial"><b>Position Mode:</b> RTK Fixed<br><br><b>UTC:</b> 2023-12-21&#160;&#160;12:39:10.400<br><b>Week:</b> 2293,  <b>TOW:</b> 391168.400 s<br><b>Lat:</b> 45.5010913&deg;, <b>Lon:</b>   9.1560061&deg;<br><b>Alt (ellips):</b> 173.15 m (568.1 ft)<br><b>SOG:</b> 0.03 m/s (0.11 km/h, 0.07 mph)<br><b>Vertical Velocity:</b> -0.03 m/s<br><b>COG:</b> 198.4&deg;&#160;&#160;<br><br><b>SVs Used:</b> 15<br><b>PDOP:</b> 1.6, <b>HDOP:</b> 0.8<br><b>EHPE:</b> 0.09 m, <b>EVPE:</b> 0.20 m<br><b>Baseline:</b> 206.21 m<br><b>Corrections Age:</b> 1.4 s</font></p></td></tr></table>]]></description>
   </Placemark>
   <Placemark>
    <styleUrl>#GreenENE</styleUrl><Point><coordinates>9.15600611,45.50109130,173.15</coordinates></Point>
    <description><![CDATA[<table width="250"><tr><td><p style="line-height:18px;"><font face="Arial"><b>Position Mode:</b> RTK Fixed<br><br><b>UTC:</b> 2023-12-21&#160;&#160;12:39:10.500<br><b>Week:</b> 2293,  <b>TOW:</b> 391168.500 s<br><b>Lat:</b> 45.5010913&deg;, <b>Lon:</b>   9.1560061&deg;<br><b>Alt (ellips):</b> 173.15 m (568.1 ft)<br><b>SOG:</b> 0.01 m/s (0.05 km/h, 0.03 mph)<br><b>Vertical Velocity:</b> -0.01 m/s<br><b>COG:</b> 68.2&deg;&#160;&#160;<br><br><b>SVs Used:</b> 15<br><b>PDOP:</b> 1.6, <b>HDOP:</b> 0.8<br><b>EHPE:</b> 0.09 m, <b>EVPE:</b> 0.20 m<br><b>Baseline:</b> 206.21 m<br><b>Corrections Age:</b> 1.5 s</font></p></td></tr></table>]]></description>
   </Placemark>
   <Placemark>
    <styleUrl>#GreenE</styleUrl><Point><coordinates>9.15600613,45.50109130,173.15</coordinates></Point>
    <description><![CDATA[<table width="250"><tr><td><p style="line-height:18px;"><font face="Arial"><b>Position Mode:</b> RTK Fixed<br><br><b>UTC:</b> 2023-12-21&#160;&#160;12:39:10.600<br><b>Week:</b> 2293,  <b>TOW:</b> 391168.600 s<br><b>Lat:</b> 45.5010913&deg;, <b>Lon:</b>   9.1560061&deg;<br><b>Alt (ellips):</b> 173.15 m (568.1 ft)<br><b>SOG:</b> 0.05 m/s (0.18 km/h, 0.11 mph)<br><b>Vertical Velocity:</b> -0.05 m/s<br><b>COG:</b> 90.0&deg;&#160;&#160;<br><br><b>SVs Tracked:</b> 19 (GPS GAL BDS SBAS)<br><b>SVs Used:</b> 15<br><b>PDOP:</b> 1.6, <b>HDOP:</b> 0.8<br><b>EHPE:</b> 0.09 m, <b>EVPE:</b> 0.20 m<br><b>Baseline:</b> 206.21 m<br><b>Corrections Age:</b> 1.6 s</font></p></td></tr></table>]]></description>
   </Placemark>
   <Placemark>
    <styleUrl>#GreenW</styleUrl><Point><coordinates>9.15600611,45.50109130,173.15</coordinates></Point>
    <description><![CDATA[<table width="250"><tr><td><p style="line-height:18px;"><font face="Arial"><b>Position Mode:</b> RTK Fixed<br><br><b>UTC:</b> 2023-12-21&#160;&#160;12:39:10.700<br><b>Week:</b> 2293,  <b>TOW:</b> 391168.700 s<br><b>Lat:</b> 45.5010913&deg;, <b>Lon:</b>   9.1560061&deg;<br><b>Alt (ellips):</b> 173.15 m (568.1 ft)<br><b>SOG:</b> 0.07 m/s (0.26 km/h, 0.16 mph)<br><b>Vertical Velocity:</b> 0.07 m/s<br><b>COG:</b> 265.2&deg;&#160;&#160;<br><br><b>SVs Used:</b> 15<br><b>PDOP:</b> 1.6, <b>HDOP:</b> 0.8<br><b>EHPE:</b> 0.09 m, <b>EVPE:</b> 0.20 m<br><b>Baseline:</b> 206.21 m<br><b>Corrections Age:</b> 1.7 s</font></p></td></tr></table>]]></description>
   </Placemark>
   <Placemark>
    <styleUrl>#GreenWSW</styleUrl><Point><coordinates>9.15600611,45.50109130,173.16</coordinates></Point>
    <description><![CDATA[<table width="250"><tr><td><p style="line-height:18px;"><font face="Arial"><b>Position Mode:</b> RTK Fixed<br><br><b>UTC:</b> 2023-12-21&#160;&#160;12:39:10.800<br><b>Week:</b> 2293,  <b>TOW:</b> 391168.800 s<br><b>Lat:</b> 45.5010913&deg;, <b>Lon:</b>   9.1560061&deg;<br><b>Alt (ellips):</b> 173.16 m (568.1 ft)<br><b>SOG:</b> 0.03 m/s (0.11 km/h, 0.07 mph)<br><b>Vertical Velocity:</b> 0.03 m/s<br><b>COG:</b> 236.3&deg;&#160;&#160;<br><br><b>SVs Used:</b> 15<br><b>PDOP:</b> 1.6, <b>HDOP:</b> 0.8<br><b>EHPE:</b> 0.09 m, <b>EVPE:</b> 0.20 m<br><b>Baseline:</b> 206.21 m<br><b>Corrections Age:</b> 1.8 s</font></p></td></tr></table>]]></description>
   </Placemark>
   <Placemark>
    <styleUrl>#GreenE</styleUrl><Point><coordinates>9.15600613,45.50109130,173.15</coordinates></Point>
    <description><![CDATA[<table width="250"><tr><td><p style="line-height:18px;"><font face="Arial"><b>Position Mode:</b> RTK Fixed<br><br><b>UTC:</b> 2023-12-21&#160;&#160;12:39:10.900<br><b>Week:</b> 2293,  <b>TOW:</b> 391168.900 s<br><b>Lat:</b> 45.5010913&deg;, <b>Lon:</b>   9.1560061&deg;<br><b>Alt (ellips):</b> 173.15 m (568.1 ft)<br><b>SOG:</b> 0.03 m/s (0.12 km/h, 0.08 mph)<br><b>Vertical Velocity:</b> -0.03 m/s<br><b>COG:</b> 94.4&deg;&#160;&#160;<br><br><b>SVs Used:</b> 15<br><b>PDOP:</b> 1.6, <b>HDOP:</b> 0.8<br><b>EHPE:</b> 0.09 m, <b>EVPE:</b> 0.20 m<br><b>Baseline:</b> 206.21 m<br><b>Corrections Age:</b> 1.9 s</font></p></td></tr></table>]]></description>
   </Placemark>
   <Placemark>
    <styleUrl>#GreenS</styleUrl><Point><coordinates>9.15600613,45.50109129,173.15</coordinates></Point>
    <description><![CDATA[<table width="250"><tr><td><p style="line-height:18px;"><font face="Arial"><b>Position Mode:</b> RTK Fixed<br><br><b>UTC:</b> 2023-12-21&#160;&#160;12:39:11.000<br><b>Week:</b> 2293,  <b>TOW:</b> 391169.000 s<br><b>Lat:</b> 45.5010913&deg;, <b>Lon:</b>   9.1560061&deg;<br><b>Alt (ellips):</b> 173.15 m (568.1 ft)<br><b>SOG:</b> 0.01 m/s (0.03 km/h, 0.02 mph)<br><b>Vertical Velocity:</b> 0.00 m/s<br><b>COG:</b> 173.7&deg;&#160;&#160;<br><br><b>SVs Used:</b> 15<br><b>PDOP:</b> 1.6, <b>HDOP:</b> 0.8<br><b>EHPE:</b> 0.09 m, <b>EVPE:</b> 0.21 m<br><b>Baseline:</b> 206.21 m<br><b>Corrections Age:</b> 2.0 s</font></p></td></tr></table>]]></description>
   </Placemark>
   <Placemark>
    <styleUrl>#GreenSSE</styleUrl><Point><coordinates>9.15600613,45.50109129,173.15</coordinates></Point>
    <description><![CDATA[<table width="250"><tr><td><p style="line-height:18px;"><font face="Arial"><b>Position Mode:</b> RTK Fixed<br><br><b>UTC:</b> 2023-12-21&#160;&#160;12:39:11.100<br><b>Week:</b> 2293,  <b>TOW:</b> 391169.100 s<br><b>Lat:</b> 45.5010913&deg;, <b>Lon:</b>   9.1560061&deg;<br><b>Alt (ellips):</b> 173.15 m (568.1 ft)<br><b>SOG:</b> 0.02 m/s (0.06 km/h, 0.04 mph)<br><b>Vertical Velocity:</b> -0.01 m/s<br><b>COG:</b> 150.3&deg;&#160;&#160;<br><br><b>SVs Tracked:</b> 24 (GPS GLO GAL BDS SBAS)<br><b>SVs Used:</b> 15<br><b>PDOP:</b> 1.6, <b>HDOP:</b> 0.8<br><b>EHPE:</b> 0.09 m, <b>EVPE:</b> 0.21 m<br><b>Baseline:</b> 206.21 m<br><b>Corrections Age:</b> 2.1 s</font></p></td></tr></table>]]></description>
   </Placemark>
   <Placemark>
    <styleUrl>#GreenNNW</styleUrl><Point><coordinates>9.15600612,45.50109130,173.16</coordinates></Point>
    <description><![CDATA[<table width="250"><tr><td><p style="line-height:18px;"><font face="Arial"><b>Position Mode:</b> RTK Fixed<br><br><b>UTC:</b> 2023-12-21&#160;&#160;12:39:11.200<br><b>Week:</b> 2293,  <b>TOW:</b> 391169.200 s<br><b>Lat:</b> 45.5010913&deg;, <b>Lon:</b>   9.1560061&deg;<br><b>Alt (ellips):</b> 173.16 m (568.1 ft)<br><b>SOG:</b> 0.03 m/s (0.12 km/h, 0.08 mph)<br><b>Vertical Velocity:</b> 0.03 m/s<br><b>COG:</b> 341.6&deg;&#160;&#160;<br><br><b>SVs Used:</b> 15<br><b>PDOP:</b> 1.6, <b>HDOP:</b> 0.8<br><b>EHPE:</b> 0.08 m, <b>EVPE:</b> 0.19 m<br><b>Baseline:</b> 206.21 m<br><b>Corrections Age:</b> 1.2 s</font></p></td></tr></table>]]></description>
   </Placemark>
   <Placemark>
    <styleUrl>#GreenNNW</styleUrl><Point><coordinates>9.15600612,45.50109130,173.16</coordinates></Point>
    <description><![CDATA[<table width="250"><tr><td><p style="line-height:18px;"><font face="Arial"><b>Position Mode:</b> RTK Fixed<br><br><b>UTC:</b> 2023-12-21&#160;&#160;12:39:11.300<br><b>Week:</b> 2293,  <b>TOW:</b> 391169.300 s<br><b>Lat:</b> 45.5010913&deg;, <b>Lon:</b>   9.1560061&deg;<br><b>Alt (ellips):</b> 173.16 m (568.1 ft)<br><b>SOG:</b> 0.02 m/s (0.05 km/h, 0.03 mph)<br><b>Vertical Velocity:</b> -0.01 m/s<br><b>COG:</b> 333.4&deg;&#160;&#160;<br><br><b>SVs Used:</b> 15<br><b>PDOP:</b> 1.6, <b>HDOP:</b> 0.8<br><b>EHPE:</b> 0.08 m, <b>EVPE:</b> 0.19 m<br><b>Baseline:</b> 206.21 m<br><b>Corrections Age:</b> 1.3 s</font></p></td></tr></table>]]></description>
   </Placemark>
   <Placemark>
    <styleUrl>#GreenS</styleUrl><Point><coordinates>9.15600611,45.50109128,173.16</coordinates></Point>
    <description><![CDATA[<table width="250"><tr><td><p style="line-height:18px;"><font face="Arial"><b>Position Mode:</b> RTK Fixed<br><br><b>UTC:</b> 2023-12-21&#160;&#160;12:39:11.400<br><b>Week:</b> 2293,  <b>TOW:</b> 391169.400 s<br><b>Lat:</b> 45.5010913&deg;, <b>Lon:</b>   9.1560061&deg;<br><b>Alt (ellips):</b> 173.16 m (568.1 ft)<br><b>SOG:</b> 0.05 m/s (0.16 km/h, 0.10 mph)<br><b>Vertical Velocity:</b> 0.04 m/s<br><b>COG:</b> 182.5&deg;&#160;&#160;<br><br><b>SVs Used:</b> 15<br><b>PDOP:</b> 1.6, <b>HDOP:</b> 0.8<br><b>EHPE:</b> 0.08 m, <b>EVPE:</b> 0.19 m<br><b>Baseline:</b> 206.21 m<br><b>Corrections Age:</b> 1.4 s</font></p></td></tr></table>]]></description>
   </Placemark>
   <Placemark>
    <styleUrl>#GreenSW</styleUrl><Point><coordinates>9.15600610,45.50109127,173.16</coordinates></Point>
    <description><![CDATA[<table width="250"><tr><td><p style="line-height:18px;"><font face="Arial"><b>Position Mode:</b> RTK Fixed<br><br><b>UTC:</b> 2023-12-21&#160;&#160;12:39:11.500<br><b>Week:</b> 2293,  <b>TOW:</b> 391169.500 s<br><b>Lat:</b> 45.5010913&deg;, <b>Lon:</b>   9.1560061&deg;<br><b>Alt (ellips):</b> 173.16 m (568.1 ft)<br><b>SOG:</b> 0.02 m/s (0.08 km/h, 0.05 mph)<br><b>Vertical Velocity:</b> -0.02 m/s<br><b>COG:</b> 220.6&deg;&#160;&#160;<br><br><b>SVs Used:</b> 15<br><b>PDOP:</b> 1.6, <b>HDOP:</b> 0.8<br><b>EHPE:</b> 0.08 m, <b>EVPE:</b> 0.19 m<br><b>Baseline:</b> 206.21 m<br><b>Corrections Age:</b> 1.5 s</font></p></td></tr></table>]]></description>
   </Placemark>
   <Placemark>
    <styleUrl>#GreenS</styleUrl><Point><coordinates>9.15600610,45.50109127,173.16</coordinates></Point>
    <description><![CDATA[<table width="250"><tr><td><p style="line-height:18px;"><font face="Arial"><b>Position Mode:</b> RTK Fixed<br><br><b>UTC:</b> 2023-12-21&#160;&#160;12:39:11.600<br><b>Week:</b> 2293,  <b>TOW:</b> 391169.600 s<br><b>Lat:</b> 45.5010913&deg;, <b>Lon:</b>   9.1560061&deg;<br><b>Alt (ellips):</b> 173.16 m (568.1 ft)<br><b>SOG:</b> 0.01 m/s (0.03 km/h, 0.02 mph)<br><b>Vertical Velocity:</b> -0.01 m/s<br><b>COG:</b> 180.0&deg;&#160;&#160;<br><br><b>SVs Tracked:</b> 19 (GPS GAL BDS SBAS)<br><b>SVs Used:</b> 15<br><b>PDOP:</b> 1.6, <b>HDOP:</b> 0.8<br><b>EHPE:</b> 0.08 m, <b>EVPE:</b> 0.19 m<br><b>Baseline:</b> 206.21 m<br><b>Corrections Age:</b> 1.6 s</font></p></td></tr></table>]]></description>
   </Placemark>
   <Placemark>
    <styleUrl>#GreenENE</styleUrl><Point><coordinates>9.15600611,45.50109128,173.16</coordinates></Point>
    <description><![CDATA[<table width="250"><tr><td><p style="line-height:18px;"><font face="Arial"><b>Position Mode:</b> RTK Fixed<br><br><b>UTC:</b> 2023-12-21&#160;&#160;12:39:11.700<br><b>Week:</b> 2293,  <b>TOW:</b> 391169.700 s<br><b>Lat:</b> 45.5010913&deg;, <b>Lon:</b>   9.1560061&deg;<br><b>Alt (ellips):</b> 173.16 m (568.1 ft)<br><b>SOG:</b> 0.02 m/s (0.07 km/h, 0.05 mph)<br><b>Vertical Velocity:</b> -0.02 m/s<br><b>COG:</b> 56.3&deg;&#160;&#160;<br><br><b>SVs Used:</b> 15<br><b>PDOP:</b> 1.6, <b>HDOP:</b> 0.8<br><b>EHPE:</b> 0.08 m, <b>EVPE:</b> 0.19 m<br><b>Baseline:</b> 206.21 m<br><b>Corrections Age:</b> 1.7 s</font></p></td></tr></table>]]></description>
   </Placemark>
   <Placemark>
    <styleUrl>#GreenSE</styleUrl><Point><coordinates>9.15600611,45.50109127,173.16</coordinates></Point>
    <description><![CDATA[<table width="250"><tr><td><p style="line-height:18px;"><font face="Arial"><b>Position Mode:</b> RTK Fixed<br><br><b>UTC:</b> 2023-12-21&#160;&#160;12:39:11.800<br><b>Week:</b> 2293,  <b>TOW:</b> 391169.800 s<br><b>Lat:</b> 45.5010913&deg;, <b>Lon:</b>   9.1560061&deg;<br><b>Alt (ellips):</b> 173.16 m (568.1 ft)<br><b>SOG:</b> 0.07 m/s (0.25 km/h, 0.15 mph)<br><b>Vertical Velocity:</b> 0.07 m/s<br><b>COG:</b> 135.0&deg;&#160;&#160;<br><br><b>SVs Used:</b> 15<br><b>PDOP:</b> 1.6, <b>HDOP:</b> 0.8<br><b>EHPE:</b> 0.08 m, <b>EVPE:</b> 0.20 m<br><b>Baseline:</b> 206.21 m<br><b>Corrections Age:</b> 1.8 s</font></p></td></tr></table>]]></description>
   </Placemark>
   <Placemark>
    <styleUrl>#GreenESE</styleUrl><Point><coordinates>9.15600613,45.50109127,173.16</coordinates></Point>
    <description><![CDATA[<table width="250"><tr><td><p style="line-height:18px;"><font face="Arial"><b>Position Mode:</b> RTK Fixed<br><br><b>UTC:</b> 2023-12-21&#160;&#160;12:39:11.900<br><b>Week:</b> 2293,  <b>TOW:</b> 391169.900 s<br><b>Lat:</b> 45.5010913&deg;, <b>Lon:</b>   9.1560061&deg;<br><b>Alt (ellips):</b> 173.16 m (568.1 ft)<br><b>SOG:</b> 0.01 m/s (0.04 km/h, 0.03 mph)<br><b>Vertical Velocity:</b> -0.01 m/s<br><b>COG:</b> 105.3&deg;&#160;&#160;<br><br><b>SVs Used:</b> 15<br><b>PDOP:</b> 1.6, <b>HDOP:</b> 0.8<br><b>EHPE:</b> 0.09 m, <b>EVPE:</b> 0.20 m<br><b>Baseline:</b> 206.21 m<br><b>Corrections Age:</b> 1.9 s</font></p></td></tr></table>]]></description>
   </Placemark>
   <Placemark>
    <styleUrl>#GreenSSW</styleUrl><Point><coordinates>9.15600612,45.50109126,173.16</coordinates></Point>
    <description><![CDATA[<table width="250"><tr><td><p style="line-height:18px;"><font face="Arial"><b>Position Mode:</b> RTK Fixed<br><br><b>UTC:</b> 2023-12-21&#160;&#160;12:39:12.000<br><b>Week:</b> 2293,  <b>TOW:</b> 391170.000 s<br><b>Lat:</b> 45.5010913&deg;, <b>Lon:</b>   9.1560061&deg;<br><b>Alt (ellips):</b> 173.16 m (568.1 ft)<br><b>SOG:</b> 0.02 m/s (0.08 km/h, 0.05 mph)<br><b>Vertical Velocity:</b> 0.02 m/s<br><b>COG:</b> 201.8&deg;&#160;&#160;<br><br><b>SVs Used:</b> 15<br><b>PDOP:</b> 1.6, <b>HDOP:</b> 0.8<br><b>EHPE:</b> 0.09 m, <b>EVPE:</b> 0.20 m<br><b>Baseline:</b> 206.21 m<br><b>Corrections Age:</b> 2.0 s</font></p></td></tr></table>]]></description>
   </Placemark>
   <Placemark>
    <styleUrl>#GreenNNW</styleUrl><Point><coordinates>9.15600612,45.50109126,173.16</coordinates></Point>
    <description><![CDATA[<table width="250"><tr><td><p style="line-height:18px;"><font face="Arial"><b>Position Mode:</b> RTK Fixed<br><br><b>UTC:</b> 2023-12-21&#160;&#160;12:39:12.100<br><b>Week:</b> 2293,  <b>TOW:</b> 391170.100 s<br><b>Lat:</b> 45.5010913&deg;, <b>Lon:</b>   9.1560061&deg;<br><b>Alt (ellips):</b> 173.16 m (568.1 ft)<br><b>SOG:</b> 0.06 m/s (0.21 km/h, 0.13 mph)<br><b>Vertical Velocity:</b> -0.06 m/s<br><b>COG:</b> 348.7&deg;&#160;&#160;<br><br><b>SVs Tracked:</b> 24 (GPS GLO GAL BDS SBAS)<br><b>SVs Used:</b> 15<br><b>PDOP:</b> 1.6, <b>HDOP:</b> 0.8<br><b>EHPE:</b> 0.09 m, <b>EVPE:</b> 0.20 m<br><b>Baseline:</b> 206.21 m<br><b>Corrections Age:</b> 2.1 s</font></p></td></tr></table>]]></description>
   </Placemark>
   <Placemark>
    <styleUrl>#GreenNNW</styleUrl><Point><coordinates>9.15600612,45.50109126,173.16</coordinates></Point>
    <description><![CDATA[<table width="250"><tr><td><p style="line-height:18px;"><font face="Arial"><b>Position Mode:</b> RTK Fixed<br><br><b>UTC:</b> 2023-12-21&#160;&#160;12:39:12.200<br><b>Week:</b> 2293,  <b>TOW:</b> 391170.200 s<br><b>Lat:</b> 45.5010913&deg;, <b>Lon:</b>   9.1560061&deg;<br><b>Alt (ellips):</b> 173.16 m (568.1 ft)<br><b>SOG:</b> 0.04 m/s (0.15 km/h, 0.09 mph)<br><b>Vertical Velocity:</b> 0.04 m/s<br><b>COG:</b> 346.0&deg;&#160;&#160;<br><br><b>SVs Used:</b> 15<br><b>PDOP:</b> 1.6, <b>HDOP:</b> 0.8<br><b>EHPE:</b> 0.09 m, <b>EVPE:</b> 0.21 m<br><b>Baseline:</b> 206.21 m<br><b>Corrections Age:</b> 2.2 s</font></p></td></tr></table>]]></description>
   </Placemark>
   <Placemark>
    <styleUrl>#GreenW</styleUrl><Point><coordinates>9.15600611,45.50109127,173.16</coordinates></Point>
    <description><![CDATA[<table width="250"><tr><td><p style="line-height:18px;"><font face="Arial"><b>Position Mode:</b> RTK Fixed<br><br><b>UTC:</b> 2023-12-21&#160;&#160;12:39:12.300<br><b>Week:</b> 2293,  <b>TOW:</b> 391170.300 s<br><b>Lat:</b> 45.5010913&deg;, <b>Lon:</b>   9.1560061&deg;<br><b>Alt (ellips):</b> 173.16 m (568.1 ft)<br><b>SOG:</b> 0.02 m/s (0.07 km/h, 0.04 mph)<br><b>Vertical Velocity:</b> 0.02 m/s<br><b>COG:</b> 270.0&deg;&#160;&#160;<br><br><b>SVs Used:</b> 15<br><b>PDOP:</b> 1.6, <b>HDOP:</b> 0.8<br><b>EHPE:</b> 0.09 m, <b>EVPE:</b> 0.21 m<br><b>Baseline:</b> 206.21 m<br><b>Corrections Age:</b> 2.3 s</font></p></td></tr></table>]]></description>
   </Placemark>
   <Placemark>
    <styleUrl>#GreenS</styleUrl><Point><coordinates>9.15600610,45.50109127,173.16</coordinates></Point>
    <description><![CDATA[<table width="250"><tr><td><p style="line-height:18px;"><font face="Arial"><b>Position Mode:</b> RTK Fixed<br><br><b>UTC:</b> 2023-12-21&#160;&#160;12:39:12.400<br><b>Week:</b> 2293,  <b>TOW:</b> 391170.400 s<br><b>Lat:</b> 45.5010913&deg;, <b>Lon:</b>   9.1560061&deg;<br><b>Alt (ellips):</b> 173.16 m (568.1 ft)<br><b>SOG:</b> 0.03 m/s (0.11 km/h, 0.07 mph)<br><b>Vertical Velocity:</b> 0.03 m/s<br><b>COG:</b> 185.2&deg;&#160;&#160;<br><br><b>SVs Used:</b> 15<br><b>PDOP:</b> 1.6, <b>HDOP:</b> 0.8<br><b>EHPE:</b> 0.09 m, <b>EVPE:</b> 0.20 m<br><b>Baseline:</b> 206.21 m<br><b>Corrections Age:</b> 1.4 s</font></p></td></tr></table>]]></description>
   </Placemark>
   <Placemark>
    <styleUrl>#GreenNE</styleUrl><Point><coordinates>9.15600611,45.50109128,173.16</coordinates></Point>
    <description><![CDATA[<table width="250"><tr><td><p style="line-height:18px;"><font face="Arial"><b>Position Mode:</b> RTK Fixed<br><br><b>UTC:</b> 2023-12-21&#160;&#160;12:39:12.500<br><b>Week:</b> 2293,  <b>TOW:</b> 391170.500 s<br><b>Lat:</b> 45.5010913&deg;, <b>Lon:</b>   9.1560061&deg;<br><b>Alt (ellips):</b> 173.16 m (568.1 ft)<br><b>SOG:</b> 0.01 m/s (0.05 km/h, 0.03 mph)<br><b>Vertical Velocity:</b> -0.01 m/s<br><b>COG:</b> 36.9&deg;&#160;&#160;<br><br><b>SVs Used:</b> 15<br><b>PDOP:</b> 1.6, <b>HDOP:</b> 0.8<br><b>EHPE:</b> 0.08 m, <b>EVPE:</b> 0.20 m<br><b>Baseline:</b> 206.21 m<br><b>Corrections Age:</b> 1.5 s</font></p></td></tr></table>]]></description>
   </Placemark>
   <Placemark>
    <styleUrl>#GreenNE</styleUrl><Point><coordinates>9.15600611,45.50109128,173.16</coordinates></Point>
    <description><![CDATA[<table width="250"><tr><td><p style="line-height:18px;"><font face="Arial"><b>Position Mode:</b> RTK Fixed<br><br><b>UTC:</b> 2023-12-21&#160;&#160;12:39:12.600<br><b>Week:</b> 2293,  <b>TOW:</b> 391170.600 s<br><b>Lat:</b> 45.5010913&deg;, <b>Lon:</b>   9.1560061&deg;<br><b>Alt (ellips):</b> 173.16 m (568.1 ft)<br><b>SOG:</b> 0.01 m/s (0.04 km/h, 0.03 mph)<br><b>Vertical Velocity:</b> -0.01 m/s<br><b>COG:</b> 36.9&deg;&#160;&#160;<br><br><b>SVs Tracked:</b> 19 (GPS GAL BDS SBAS)<br><b>SVs Used:</b> 15<br><b>PDOP:</b> 1.6, <b>HDOP:</b> 0.8<br><b>EHPE:</b> 0.09 m, <b>EVPE:</b> 0.20 m<br><b>Baseline:</b> 206.21 m<br><b>Corrections Age:</b> 1.6 s</font></p></td></tr></table>]]></description>
   </Placemark>
   <Placemark>
    <styleUrl>#GreenNE</styleUrl><Point><coordinates>9.15600611,45.50109128,173.16</coordinates></Point>
    <description><![CDATA[<table width="250"><tr><td><p style="line-height:18px;"><font face="Arial"><b>Position Mode:</b> RTK Fixed<br><br><b>UTC:</b> 2023-12-21&#160;&#160;12:39:12.700<br><b>Week:</b> 2293,  <b>TOW:</b> 391170.700 s<br><b>Lat:</b> 45.5010913&deg;, <b>Lon:</b>   9.1560061&deg;<br><b>Alt (ellips):</b> 173.16 m (568.1 ft)<br><b>SOG:</b> 0.02 m/s (0.07 km/h, 0.04 mph)<br><b>Vertical Velocity:</b> -0.02 m/s<br><b>COG:</b> 45.0&deg;&#160;&#160;<br><br><b>SVs Used:</b> 15<br><b>PDOP:</b> 1.6, <b>HDOP:</b> 0.8<br><b>EHPE:</b> 0.09 m, <b>EVPE:</b> 0.20 m<br><b>Baseline:</b> 206.21 m<br><b>Corrections Age:</b> 1.7 s</font></p></td></tr></table>]]></description>
   </Placemark>
   <Placemark>
    <styleUrl>#GreenSSW</styleUrl><Point><coordinates>9.15600610,45.50109128,173.16</coordinates></Point>
    <description><![CDATA[<table width="250"><tr><td><p style="line-height:18px;"><font face="Arial"><b>Position Mode:</b> RTK Fixed<br><br><b>UTC:</b> 2023-12-21&#160;&#160;12:39:12.800<br><b>Week:</b> 2293,  <b>TOW:</b> 391170.800 s<br><b>Lat:</b> 45.5010913&deg;, <b>Lon:</b>   9.1560061&deg;<br><b>Alt (ellips):</b> 173.16 m (568.1 ft)<br><b>SOG:</b> 0.03 m/s (0.10 km/h, 0.06 mph)<br><b>Vertical Velocity:</b> 0.03 m/s<br><b>COG:</b> 191.3&deg;&#160;&#160;<br><br><b>SVs Used:</b> 15<br><b>PDOP:</b> 1.6, <b>HDOP:</b> 0.8<br><b>EHPE:</b> 0.09 m, <b>EVPE:</b> 0.20 m<br><b>Baseline:</b> 206.21 m<br><b>Corrections Age:</b> 1.8 s</font></p></td></tr></table>]]></description>
   </Placemark>
   <Placemark>
    <styleUrl>#GreenE</styleUrl><Point><coordinates>9.15600612,45.50109128,173.16</coordinates></Point>
    <description><![CDATA[<table width="250"><tr><td><p style="line-height:18px;"><font face="Arial"><b>Position Mode:</b> RTK Fixed<br><br><b>UTC:</b> 2023-12-21&#160;&#160;12:39:12.900<br><b>Week:</b> 2293,  <b>TOW:</b> 391170.900 s<br><b>Lat:</b> 45.5010913&deg;, <b>Lon:</b>   9.1560061&deg;<br><b>Alt (ellips):</b> 173.16 m (568.1 ft)<br><b>SOG:</b> 0.04 m/s (0.15 km/h, 0.09 mph)<br><b>Vertical Velocity:</b> -0.04 m/s<br><b>COG:</b> 86.4&deg;&#160;&#160;<br><br><b>SVs Used:</b> 15<br><b>PDOP:</b> 1.6, <b>HDOP:</b> 0.8<br><b>EHPE:</b> 0.09 m, <b>EVPE:</b> 0.20 m<br><b>Baseline:</b> 206.21 m<br><b>Corrections Age:</b> 1.9 s</font></p></td></tr></table>]]></description>
   </Placemark>
   <Placemark>
    <styleUrl>#GreenNE</styleUrl><Point><coordinates>9.15600613,45.50109128,173.15</coordinates></Point>
    <description><![CDATA[<table width="250"><tr><td><p style="line-height:18px;"><font face="Arial"><b>Position Mode:</b> RTK Fixed<br><br><b>UTC:</b> 2023-12-21&#160;&#160;12:39:13.000<br><b>Week:</b> 2293,  <b>TOW:</b> 391171.000 s<br><b>Lat:</b> 45.5010913&deg;, <b>Lon:</b>   9.1560061&deg;<br><b>Alt (ellips):</b> 173.15 m (568.1 ft)<br><b>SOG:</b> 0.04 m/s (0.16 km/h, 0.10 mph)<br><b>Vertical Velocity:</b> -0.04 m/s<br><b>COG:</b> 34.7&deg;&#160;&#160;<br><br><b>SVs Used:</b> 15<br><b>PDOP:</b> 1.6, <b>HDOP:</b> 0.8<br><b>EHPE:</b> 0.09 m, <b>EVPE:</b> 0.20 m<br><b>Baseline:</b> 206.21 m<br><b>Corrections Age:</b> 2.0 s</font></p></td></tr></table>]]></description>
   </Placemark>
   <Placemark>
    <styleUrl>#GreenS</styleUrl><Point><coordinates>9.15600612,45.50109127,173.16</coordinates></Point>
    <description><![CDATA[<table width="250"><tr><td><p style="line-height:18px;"><font face="Arial"><b>Position Mode:</b> RTK Fixed<br><br><b>UTC:</b> 2023-12-21&#160;&#160;12:39:13.100<br><b>Week:</b> 2293,  <b>TOW:</b> 391171.100 s<br><b>Lat:</b> 45.5010913&deg;, <b>Lon:</b>   9.1560061&deg;<br><b>Alt (ellips):</b> 173.16 m (568.1 ft)<br><b>SOG:</b> 0.04 m/s (0.16 km/h, 0.10 mph)<br><b>Vertical Velocity:</b> 0.04 m/s<br><b>COG:</b> 189.5&deg;&#160;&#160;<br><br><b>SVs Tracked:</b> 24 (GPS GLO GAL BDS SBAS)<br><b>SVs Used:</b> 15<br><b>PDOP:</b> 1.6, <b>HDOP:</b> 0.8<br><b>EHPE:</b> 0.09 m, <b>EVPE:</b> 0.21 m<br><b>Baseline:</b> 206.21 m<br><b>Corrections Age:</b> 2.1 s</font></p></td></tr></table>]]></description>
   </Placemark>
   <Placemark>
    <styleUrl>#GreenNNW</styleUrl><Point><coordinates>9.15600611,45.50109127,173.16</coordinates></Point>
    <description><![CDATA[<table width="250"><tr><td><p style="line-height:18px;"><font face="Arial"><b>Position Mode:</b> RTK Fixed<br><br><b>UTC:</b> 2023-12-21&#160;&#160;12:39:13.200<br><b>Week:</b> 2293,  <b>TOW:</b> 391171.200 s<br><b>Lat:</b> 45.5010913&deg;, <b>Lon:</b>   9.1560061&deg;<br><b>Alt (ellips):</b> 173.16 m (568.1 ft)<br><b>SOG:</b> 0.05 m/s (0.17 km/h, 0.11 mph)<br><b>Vertical Velocity:</b> 0.05 m/s<br><b>COG:</b> 329.0&deg;&#160;&#160;<br><br><b>SVs Used:</b> 15<br><b>PDOP:</b> 1.6, <b>HDOP:</b> 0.8<br><b>EHPE:</b> 0.09 m, <b>EVPE:</b> 0.21 m<br><b>Baseline:</b> 206.21 m<br><b>Corrections Age:</b> 2.2 s</font></p></td></tr></table>]]></description>
   </Placemark>
   <Placemark>
    <styleUrl>#GreenNE</styleUrl><Point><coordinates>9.15600612,45.50109128,173.16</coordinates></Point>
    <description><![CDATA[<table width="250"><tr><td><p style="line-height:18px;"><font face="Arial"><b>Position Mode:</b> RTK Fixed<br><br><b>UTC:</b> 2023-12-21&#160;&#160;12:39:13.300<br><b>Week:</b> 2293,  <b>TOW:</b> 391171.300 s<br><b>Lat:</b> 45.5010913&deg;, <b>Lon:</b>   9.1560061&deg;<br><b>Alt (ellips):</b> 173.16 m (568.1 ft)<br><b>SOG:</b> 0.02 m/s (0.08 km/h, 0.05 mph)<br><b>Vertical Velocity:</b> -0.02 m/s<br><b>COG:</b> 41.2&deg;&#160;&#160;<br><br><b>SVs Used:</b> 15<br><b>PDOP:</b> 1.6, <b>HDOP:</b> 0.8<br><b>EHPE:</b> 0.09 m, <b>EVPE:</b> 0.21 m<br><b>Baseline:</b> 206.21 m<br><b>Corrections Age:</b> 2.3 s</font></p></td></tr></table>]]></description>
   </Placemark>
   <Placemark>
    <styleUrl>#GreenENE</styleUrl><Point><coordinates>9.15600612,45.50109128,173.16</coordinates></Point>
    <description><![CDATA[<table width="250"><tr><td><p style="line-height:18px;"><font face="Arial"><b>Position Mode:</b> RTK Fixed<br><br><b>UTC:</b> 2023-12-21&#160;&#160;12:39:13.400<br><b>Week:</b> 2293,  <b>TOW:</b> 391171.400 s<br><b>Lat:</b> 45.5010913&deg;, <b>Lon:</b>   9.1560061&deg;<br><b>Alt (ellips):</b> 173.16 m (568.1 ft)<br><b>SOG:</b> 0.01 m/s (0.02 km/h, 0.02 mph)<br><b>Vertical Velocity:</b> -0.00 m/s<br><b>COG:</b> 63.4&deg;&#160;&#160;<br><br><b>SVs Used:</b> 15<br><b>PDOP:</b> 1.6, <b>HDOP:</b> 0.8<br><b>EHPE:</b> 0.09 m, <b>EVPE:</b> 0.22 m<br><b>Baseline:</b> 206.21 m<br><b>Corrections Age:</b> 2.4 s</font></p></td></tr></table>]]></description>
   </Placemark>
   <Placemark>
    <styleUrl>#GreenNW</styleUrl><Point><coordinates>9.15600610,45.50109130,173.16</coordinates></Point>
    <description><![CDATA[<table width="250"><tr><td><p style="line-height:18px;"><font face="Arial"><b>Position Mode:</b> RTK Fixed<br><br><b>UTC:</b> 2023-12-21&#160;&#160;12:39:13.500<br><b>Week:</b> 2293,  <b>TOW:</b> 391171.500 s<br><b>Lat:</b> 45.5010913&deg;, <b>Lon:</b>   9.1560061&deg;<br><b>Alt (ellips):</b> 173.16 m (568.1 ft)<br><b>SOG:</b> 0.02 m/s (0.08 km/h, 0.05 mph)<br><b>Vertical Velocity:</b> 0.02 m/s<br><b>COG:</b> 315.0&deg;&#160;&#160;<br><br><b>SVs Used:</b> 15<br><b>PDOP:</b> 1.6, <b>HDOP:</b> 0.8<br><b>EHPE:</b> 0.08 m, <b>EVPE:</b> 0.20 m<br><b>Baseline:</b> 206.21 m<br><b>Corrections Age:</b> 1.5 s</font></p></td></tr></table>]]></description>
   </Placemark>
   <Placemark>
    <styleUrl>#GreenENE</styleUrl><Point><coordinates>9.15600611,45.50109131,173.16</coordinates></Point>
    <description><![CDATA[<table width="250"><tr><td><p style="line-height:18px;"><font face="Arial"><b>Position Mode:</b> RTK Fixed<br><br><b>UTC:</b> 2023-12-21&#160;&#160;12:39:13.600<br><b>Week:</b> 2293,  <b>TOW:</b> 391171.600 s<br><b>Lat:</b> 45.5010913&deg;, <b>Lon:</b>   9.1560061&deg;<br><b>Alt (ellips):</b> 173.16 m (568.1 ft)<br><b>SOG:</b> 0.02 m/s (0.06 km/h, 0.04 mph)<br><b>Vertical Velocity:</b> -0.02 m/s<br><b>COG:</b> 56.3&deg;&#160;&#160;<br><br><b>SVs Tracked:</b> 19 (GPS GAL BDS SBAS)<br><b>SVs Used:</b> 15<br><b>PDOP:</b> 1.6, <b>HDOP:</b> 0.8<br><b>EHPE:</b> 0.09 m, <b>EVPE:</b> 0.20 m<br><b>Baseline:</b> 206.21 m<br><b>Corrections Age:</b> 1.6 s</font></p></td></tr></table>]]></description>
   </Placemark>
   <Placemark>
    <styleUrl>#GreenN</styleUrl><Point><coordinates>9.15600610,45.50109131,173.16</coordinates></Point>
    <description><![CDATA[<table width="250"><tr><td><p style="line-height:18px;"><font face="Arial"><b>Position Mode:</b> RTK Fixed<br><br><b>UTC:</b> 2023-12-21&#160;&#160;12:39:13.700<br><b>Week:</b> 2293,  <b>TOW:</b> 391171.700 s<br><b>Lat:</b> 45.5010913&deg;, <b>Lon:</b>   9.1560061&deg;<br><b>Alt (ellips):</b> 173.16 m (568.1 ft)<br><b>SOG:</b> 0.03 m/s (0.11 km/h, 0.07 mph)<br><b>Vertical Velocity:</b> 0.03 m/s<br><b>COG:</b> 0.0&deg;&#160;&#160;<br><br><b>SVs Used:</b> 15<br><b>PDOP:</b> 1.6, <b>HDOP:</b> 0.8<br><b>EHPE:</b> 0.09 m, <b>EVPE:</b> 0.20 m<br><b>Baseline:</b> 206.21 m<br><b>Corrections Age:</b> 1.7 s</font></p></td></tr></table>]]></description>
   </Placemark>
   <Placemark>
    <styleUrl>#GreenSSW</styleUrl><Point><coordinates>9.15600610,45.50109130,173.16</coordinates></Point>
    <description><![CDATA[<table width="250"><tr><td><p style="line-height:18px;"><font face="Arial"><b>Position Mode:</b> RTK Fixed<br><br><b>UTC:</b> 2023-12-21&#160;&#160;12:39:13.800<br><b>Week:</b> 2293,  <b>TOW:</b> 391171.800 s<br><b>Lat:</b> 45.5010913&deg;, <b>Lon:</b>   9.1560061&deg;<br><b>Alt (ellips):</b> 173.16 m (568.1 ft)<br><b>SOG:</b> 0.03 m/s (0.10 km/h, 0.06 mph)<br><b>Vertical Velocity:</b> 0.03 m/s<br><b>COG:</b> 195.9&deg;&#160;&#160;<br><br><b>SVs Used:</b> 15<br><b>PDOP:</b> 1.6, <b>HDOP:</b> 0.8<br><b>EHPE:</b> 0.09 m, <b>EVPE:</b> 0.20 m<br><b>Baseline:</b> 206.21 m<br><b>Corrections Age:</b> 1.8 s</font></p></td></tr></table>]]></description>
   </Placemark>
   <Placemark>
    <styleUrl>#GreenESE</styleUrl><Point><coordinates>9.15600611,45.50109130,173.16</coordinates></Point>
    <description><![CDATA[<table width="250"><tr><td><p style="line-height:18px;"><font face="Arial"><b>Position Mode:</b> RTK Fixed<br><br><b>UTC:</b> 2023-12-21&#160;&#160;12:39:13.900<br><b>Week:</b> 2293,  <b>TOW:</b> 391171.900 s<br><b>Lat:</b> 45.5010913&deg;, <b>Lon:</b>   9.1560061&deg;<br><b>Alt (ellips):</b> 173.16 m (568.1 ft)<br><b>SOG:</b> 0.01 m/s (0.05 km/h, 0.03 mph)<br><b>Vertical Velocity:</b> -0.01 m/s<br><b>COG:</b> 119.7&deg;&#160;&#160;<br><br><b>SVs Used:</b> 15<br><b>PDOP:</b> 1.6, <b>HDOP:</b> 0.8<br><b>EHPE:</b> 0.09 m, <b>EVPE:</b> 0.20 m<br><b>Baseline:</b> 206.21 m<br><b>Corrections Age:</b> 1.9 s</font></p></td></tr></table>]]></description>
   </Placemark>
   <Placemark>
    <styleUrl>#GreenS</styleUrl><Point><coordinates>9.15600610,45.50109129,173.16</coordinates></Point>
    <description><![CDATA[<table width="250"><tr><td><p style="line-height:18px;"><font face="Arial"><b>Position Mode:</b> RTK Fixed<br><br><b>UTC:</b> 2023-12-21&#160;&#160;12:39:14.000<br><b>Week:</b> 2293,  <b>TOW:</b> 391172.000 s<br><b>Lat:</b> 45.5010913&deg;, <b>Lon:</b>   9.1560061&deg;<br><b>Alt (ellips):</b> 173.16 m (568.1 ft)<br><b>SOG:</b> 0.01 m/s (0.04 km/h, 0.02 mph)<br><b>Vertical Velocity:</b> -0.00 m/s<br><b>COG:</b> 185.7&deg;&#160;&#160;<br><br><b>SVs Used:</b> 15<br><b>PDOP:</b> 1.6, <b>HDOP:</b> 0.8<br><b>EHPE:</b> 0.09 m, <b>EVPE:</b> 0.21 m<br><b>Baseline:</b> 206.21 m<br><b>Corrections Age:</b> 2.0 s</font></p></td></tr></table>]]></description>
   </Placemark>
   <Placemark>
    <styleUrl>#GreenENE</styleUrl><Point><coordinates>9.15600612,45.50109130,173.16</coordinates></Point>
    <description><![CDATA[<table width="250"><tr><td><p style="line-height:18px;"><font face="Arial"><b>Position Mode:</b> RTK Fixed<br><br><b>UTC:</b> 2023-12-21&#160;&#160;12:39:14.100<br><b>Week:</b> 2293,  <b>TOW:</b> 391172.100 s<br><b>Lat:</b> 45.5010913&deg;, <b>Lon:</b>   9.1560061&deg;<br><b>Alt (ellips):</b> 173.16 m (568.1 ft)<br><b>SOG:</b> 0.03 m/s (0.12 km/h, 0.07 mph)<br><b>Vertical Velocity:</b> -0.03 m/s<br><b>COG:</b> 61.9&deg;&#160;&#160;<br><br><b>SVs Tracked:</b> 24 (GPS GLO GAL BDS SBAS)<br><b>SVs Used:</b> 15<br><b>PDOP:</b> 1.6, <b>HDOP:</b> 0.8<br><b>EHPE:</b> 0.09 m, <b>EVPE:</b> 0.21 m<br><b>Baseline:</b> 206.21 m<br><b>Corrections Age:</b> 2.1 s</font></p></td></tr></table>]]></description>
   </Placemark>
   <Placemark>
    <styleUrl>#GreenNW</styleUrl><Point><coordinates>9.15600611,45.50109130,173.16</coordinates></Point>
    <description><![CDATA[<table width="250"><tr><td><p style="line-height:18px;"><font face="Arial"><b>Position Mode:</b> RTK Fixed<br><br><b>UTC:</b> 2023-12-21&#160;&#160;12:39:14.200<br><b>Week:</b> 2293,  <b>TOW:</b> 391172.200 s<br><b>Lat:</b> 45.5010913&deg;, <b>Lon:</b>   9.1560061&deg;<br><b>Alt (ellips):</b> 173.16 m (568.1 ft)<br><b>SOG:</b> 0.01 m/s (0.03 km/h, 0.02 mph)<br><b>Vertical Velocity:</b> -0.00 m/s<br><b>COG:</b> 305.5&deg;&#160;&#160;<br><br><b>SVs Used:</b> 15<br><b>PDOP:</b> 1.6, <b>HDOP:</b> 0.8<br><b>EHPE:</b> 0.09 m, <b>EVPE:</b> 0.21 m<br><b>Baseline:</b> 206.21 m<br><b>Corrections Age:</b> 2.2 s</font></p></td></tr></table>]]></description>
   </Placemark>
   <Placemark>
    <styleUrl>#GreenS</styleUrl><Point><coordinates>9.15600610,45.50109129,173.16</coordinates></Point>
    <description><![CDATA[<table width="250"><tr><td><p style="line-height:18px;"><font face="Arial"><b>Position Mode:</b> RTK Fixed<br><br><b>UTC:</b> 2023-12-21&#160;&#160;12:39:14.300<br><b>Week:</b> 2293,  <b>TOW:</b> 391172.300 s<br><b>Lat:</b> 45.5010913&deg;, <b>Lon:</b>   9.1560061&deg;<br><b>Alt (ellips):</b> 173.16 m (568.1 ft)<br><b>SOG:</b> 0.02 m/s (0.07 km/h, 0.05 mph)<br><b>Vertical Velocity:</b> -0.01 m/s<br><b>COG:</b> 182.9&deg;&#160;&#160;<br><br><b>SVs Used:</b> 15<br><b>PDOP:</b> 1.6, <b>HDOP:</b> 0.8<br><b>EHPE:</b> 0.09 m, <b>EVPE:</b> 0.21 m<br><b>Baseline:</b> 206.21 m<br><b>Corrections Age:</b> 2.3 s</font></p></td></tr></table>]]></description>
   </Placemark>
   <Placemark>
    <styleUrl>#GreenE</styleUrl><Point><coordinates>9.15600612,45.50109129,173.16</coordinates></Point>
    <description><![CDATA[<table width="250"><tr><td><p style="line-height:18px;"><font face="Arial"><b>Position Mode:</b> RTK Fixed<br><br><b>UTC:</b> 2023-12-21&#160;&#160;12:39:14.400<br><b>Week:</b> 2293,  <b>TOW:</b> 391172.400 s<br><b>Lat:</b> 45.5010913&deg;, <b>Lon:</b>   9.1560061&deg;<br><b>Alt (ellips):</b> 173.16 m (568.1 ft)<br><b>SOG:</b> 0.01 m/s (0.05 km/h, 0.03 mph)<br><b>Vertical Velocity:</b> -0.01 m/s<br><b>COG:</b> 80.5&deg;&#160;&#160;<br><br><b>SVs Used:</b> 15<br><b>PDOP:</b> 1.6, <b>HDOP:</b> 0.8<br><b>EHPE:</b> 0.08 m, <b>EVPE:</b> 0.19 m<br><b>Baseline:</b> 206.21 m<br><b>Corrections Age:</b> 1.4 s</font></p></td></tr></table>]]></description>
   </Placemark>
   <Placemark>
    <styleUrl>#GreenNNE</styleUrl><Point><coordinates>9.15600612,45.50109130,173.16</coordinates></Point>
    <description><![CDATA[<table width="250"><tr><td><p style="line-height:18px;"><font face="Arial"><b>Position Mode:</b> RTK Fixed<br><br><b>UTC:</b> 2023-12-21&#160;&#160;12:39:14.500<br><b>Week:</b> 2293,  <b>TOW:</b> 391172.500 s<br><b>Lat:</b> 45.5010913&deg;, <b>Lon:</b>   9.1560061&deg;<br><b>Alt (ellips):</b> 173.16 m (568.1 ft)<br><b>SOG:</b> 0.01 m/s (0.03 km/h, 0.02 mph)<br><b>Vertical Velocity:</b> -0.00 m/s<br><b>COG:</b> 26.6&deg;&#160;&#160;<br><br><b>SVs Used:</b> 15<br><b>PDOP:</b> 1.6, <b>HDOP:</b> 0.8<br><b>EHPE:</b> 0.08 m, <b>EVPE:</b> 0.20 m<br><b>Baseline:</b> 206.21 m<br><b>Corrections Age:</b> 1.5 s</font></p></td></tr></table>]]></description>
   </Placemark>
   <Placemark>
    <styleUrl>#GreenSSE</styleUrl><Point><coordinates>9.15600613,45.50109129,173.16</coordinates></Point>
    <description><![CDATA[<table width="250"><tr><td><p style="line-height:18px;"><font face="Arial"><b>Position Mode:</b> RTK Fixed<br><br><b>UTC:</b> 2023-12-21&#160;&#160;12:39:14.600<br><b>Week:</b> 2293,  <b>TOW:</b> 391172.600 s<br><b>Lat:</b> 45.5010913&deg;, <b>Lon:</b>   9.1560061&deg;<br><b>Alt (ellips):</b> 173.16 m (568.1 ft)<br><b>SOG:</b> 0.04 m/s (0.14 km/h, 0.09 mph)<br><b>Vertical Velocity:</b> 0.04 m/s<br><b>COG:</b> 161.6&deg;&#160;&#160;<br><br><b>SVs Tracked:</b> 19 (GPS GAL BDS SBAS)<br><b>SVs Used:</b> 15<br><b>PDOP:</b> 1.6, <b>HDOP:</b> 0.8<br><b>EHPE:</b> 0.09 m, <b>EVPE:</b> 0.20 m<br><b>Baseline:</b> 206.21 m<br><b>Corrections Age:</b> 1.6 s</font></p></td></tr></table>]]></description>
   </Placemark>
   <Placemark>
    <styleUrl>#GreenSW</styleUrl><Point><coordinates>9.15600612,45.50109129,173.16</coordinates></Point>
    <description><![CDATA[<table width="250"><tr><td><p style="line-height:18px;"><font face="Arial"><b>Position Mode:</b> RTK Fixed<br><br><b>UTC:</b> 2023-12-21&#160;&#160;12:39:14.700<br><b>Week:</b> 2293,  <b>TOW:</b> 391172.700 s<br><b>Lat:</b> 45.5010913&deg;, <b>Lon:</b>   9.1560061&deg;<br><b>Alt (ellips):</b> 173.16 m (568.1 ft)<br><b>SOG:</b> 0.02 m/s (0.08 km/h, 0.05 mph)<br><b>Vertical Velocity:</b> -0.02 m/s<br><b>COG:</b> 219.8&deg;&#160;&#160;<br><br><b>SVs Used:</b> 15<br><b>PDOP:</b> 1.6, <b>HDOP:</b> 0.8<br><b>EHPE:</b> 0.09 m, <b>EVPE:</b> 0.20 m<br><b>Baseline:</b> 206.21 m<br><b>Corrections Age:</b> 1.7 s</font></p></td></tr></table>]]></description>
   </Placemark>
   <Placemark>
    <styleUrl>#GreenSW</styleUrl><Point><coordinates>9.15600610,45.50109128,173.16</coordinates></Point>
    <description><![CDATA[<table width="250"><tr><td><p style="line-height:18px;"><font face="Arial"><b>Position Mode:</b> RTK Fixed<br><br><b>UTC:</b> 2023-12-21&#160;&#160;12:39:14.800<br><b>Week:</b> 2293,  <b>TOW:</b> 391172.800 s<br><b>Lat:</b> 45.5010913&deg;, <b>Lon:</b>   9.1560061&deg;<br><b>Alt (ellips):</b> 173.16 m (568.1 ft)<br><b>SOG:</b> 0.01 m/s (0.05 km/h, 0.03 mph)<br><b>Vertical Velocity:</b> 0.01 m/s<br><b>COG:</b> 230.2&deg;&#160;&#160;<br><br><b>SVs Used:</b> 15<br><b>PDOP:</b> 1.6, <b>HDOP:</b> 0.8<br><b>EHPE:</b> 0.09 m, <b>EVPE:</b> 0.20 m<br><b>Baseline:</b> 206.21 m<br><b>Corrections Age:</b> 1.8 s</font></p></td></tr></table>]]></description>
   </Placemark>
   <Placemark>
    <styleUrl>#GreenSE</styleUrl><Point><coordinates>9.15600611,45.50109128,173.16</coordinates></Point>
    <description><![CDATA[<table width="250"><tr><td><p style="line-height:18px;"><font face="Arial"><b>Position Mode:</b> RTK Fixed<br><br><b>UTC:</b> 2023-12-21&#160;&#160;12:39:14.900<br><b>Week:</b> 2293,  <b>TOW:</b> 391172.900 s<br><b>Lat:</b> 45.5010913&deg;, <b>Lon:</b>   9.1560061&deg;<br><b>Alt (ellips):</b> 173.16 m (568.1 ft)<br><b>SOG:</b> 0.02 m/s (0.08 km/h, 0.05 mph)<br><b>Vertical Velocity:</b> 0.02 m/s<br><b>COG:</b> 125.5&deg;&#160;&#160;<br><br><b>SVs Used:</b> 15<br><b>PDOP:</b> 1.6, <b>HDOP:</b> 0.8<br><b>EHPE:</b> 0.09 m, <b>EVPE:</b> 0.20 m<br><b>Baseline:</b> 206.21 m<br><b>Corrections Age:</b> 1.9 s</font></p></td></tr></table>]]></description>
   </Placemark>
   <Placemark>
    <styleUrl>#GreenSSE</styleUrl><Point><coordinates>9.15600612,45.50109127,173.16</coordinates></Point>
    <description><![CDATA[<table width="250"><tr><td><p style="line-height:18px;"><font face="Arial"><b>Position Mode:</b> RTK Fixed<br><br><b>UTC:</b> 2023-12-21&#160;&#160;12:39:15.000<br><b>Week:</b> 2293,  <b>TOW:</b> 391173.000 s<br><b>Lat:</b> 45.5010913&deg;, <b>Lon:</b>   9.1560061&deg;<br><b>Alt (ellips):</b> 173.16 m (568.1 ft)<br><b>SOG:</b> 0.02 m/s (0.07 km/h, 0.04 mph)<br><b>Vertical Velocity:</b> 0.01 m/s<br><b>COG:</b> 146.3&deg;&#160;&#160;<br><br><b>SVs Used:</b> 15<br><b>PDOP:</b> 1.6, <b>HDOP:</b> 0.8<br><b>EHPE:</b> 0.09 m, <b>EVPE:</b> 0.21 m<br><b>Baseline:</b> 206.21 m<br><b>Corrections Age:</b> 2.0 s</font></p></td></tr></table>]]></description>
   </Placemark>
   <Placemark>
    <styleUrl>#GreenENE</styleUrl><Point><coordinates>9.15600612,45.50109128,173.16</coordinates></Point>
    <description><![CDATA[<table width="250"><tr><td><p style="line-height:18px;"><font face="Arial"><b>Position Mode:</b> RTK Fixed<br><br><b>UTC:</b> 2023-12-21&#160;&#160;12:39:15.100<br><b>Week:</b> 2293,  <b>TOW:</b> 391173.100 s<br><b>Lat:</b> 45.5010913&deg;, <b>Lon:</b>   9.1560061&deg;<br><b>Alt (ellips):</b> 173.16 m (568.1 ft)<br><b>SOG:</b> 0.01 m/s (0.05 km/h, 0.03 mph)<br><b>Vertical Velocity:</b> -0.01 m/s<br><b>COG:</b> 56.3&deg;&#160;&#160;<br><br><b>SVs Tracked:</b> 24 (GPS GLO GAL BDS SBAS)<br><b>SVs Used:</b> 15<br><b>PDOP:</b> 1.6, <b>HDOP:</b> 0.8<br><b>EHPE:</b> 0.09 m, <b>EVPE:</b> 0.21 m<br><b>Baseline:</b> 206.21 m<br><b>Corrections Age:</b> 2.1 s</font></p></td></tr></table>]]></description>
   </Placemark>
   <Placemark>
    <styleUrl>#GreenN</styleUrl><Point><coordinates>9.15600612,45.50109129,173.16</coordinates></Point>
    <description><![CDATA[<table width="250"><tr><td><p style="line-height:18px;"><font face="Arial"><b>Position Mode:</b> RTK Fixed<br><br><b>UTC:</b> 2023-12-21&#160;&#160;12:39:15.200<br><b>Week:</b> 2293,  <b>TOW:</b> 391173.200 s<br><b>Lat:</b> 45.5010913&deg;, <b>Lon:</b>   9.1560061&deg;<br><b>Alt (ellips):</b> 173.16 m (568.1 ft)<br><b>SOG:</b> 0.02 m/s (0.08 km/h, 0.05 mph)<br><b>Vertical Velocity:</b> -0.02 m/s<br><b>COG:</b> 5.2&deg;&#160;&#160;<br><br><b>SVs Used:</b> 15<br><b>PDOP:</b> 1.6, <b>HDOP:</b> 0.8<br><b>EHPE:</b> 0.09 m, <b>EVPE:</b> 0.21 m<br><b>Baseline:</b> 206.21 m<br><b>Corrections Age:</b> 2.2 s</font></p></td></tr></table>]]></description>
   </Placemark>
   <Placemark>
    <styleUrl>#GreenS</styleUrl><Point><coordinates>9.15600611,45.50109128,173.16</coordinates></Point>
    <description><![CDATA[<table width="250"><tr><td><p style="line-height:18px;"><font face="Arial"><b>Position Mode:</b> RTK Fixed<br><br><b>UTC:</b> 2023-12-21&#160;&#160;12:39:15.300<br><b>Week:</b> 2293,  <b>TOW:</b> 391173.300 s<br><b>Lat:</b> 45.5010913&deg;, <b>Lon:</b>   9.1560061&deg;<br><b>Alt (ellips):</b> 173.16 m (568.1 ft)<br><b>SOG:</b> 0.06 m/s (0.20 km/h, 0.13 mph)<br><b>Vertical Velocity:</b> 0.05 m/s<br><b>COG:</b> 178.2&deg;&#160;&#160;<br><br><b>SVs Used:</b> 15<br><b>PDOP:</b> 1.6, <b>HDOP:</b> 0.8<br><b>EHPE:</b> 0.08 m, <b>EVPE:</b> 0.19 m<br><b>Baseline:</b> 206.21 m<br><b>Corrections Age:</b> 1.3 s</font></p></td></tr></table>]]></description>
   </Placemark>
   <Placemark>
    <styleUrl>#GreenESE</styleUrl><Point><coordinates>9.15600613,45.50109127,173.16</coordinates></Point>
    <description><![CDATA[<table width="250"><tr><td><p style="line-height:18px;"><font face="Arial"><b>Position Mode:</b> RTK Fixed<br><br><b>UTC:</b> 2023-12-21&#160;&#160;12:39:15.400<br><b>Week:</b> 2293,  <b>TOW:</b> 391173.400 s<br><b>Lat:</b> 45.5010913&deg;, <b>Lon:</b>   9.1560061&deg;<br><b>Alt (ellips):</b> 173.16 m (568.1 ft)<br><b>SOG:</b> 0.01 m/s (0.05 km/h, 0.03 mph)<br><b>Vertical Velocity:</b> -0.01 m/s<br><b>COG:</b> 103.0&deg;&#160;&#160;<br><br><b>SVs Used:</b> 15<br><b>PDOP:</b> 1.6, <b>HDOP:</b> 0.8<br><b>EHPE:</b> 0.08 m, <b>EVPE:</b> 0.19 m<br><b>Baseline:</b> 206.21 m<br><b>Corrections Age:</b> 1.4 s</font></p></td></tr></table>]]></description>
   </Placemark>
   <Placemark>
    <styleUrl>#GreenWNW</styleUrl><Point><coordinates>9.15600612,45.50109128,173.16</coordinates></Point>
    <description><![CDATA[<table width="250"><tr><td><p style="line-height:18px;"><font face="Arial"><b>Position Mode:</b> RTK Fixed<br><br><b>UTC:</b> 2023-12-21&#160;&#160;12:39:15.500<br><b>Week:</b> 2293,  <b>TOW:</b> 391173.500 s<br><b>Lat:</b> 45.5010913&deg;, <b>Lon:</b>   9.1560061&deg;<br><b>Alt (ellips):</b> 173.16 m (568.1 ft)<br><b>SOG:</b> 0.01 m/s (0.05 km/h, 0.03 mph)<br><b>Vertical Velocity:</b> 0.01 m/s<br><b>COG:</b> 281.3&deg;&#160;&#160;<br><br><b>SVs Used:</b> 15<br><b>PDOP:</b> 1.6, <b>HDOP:</b> 0.8<br><b>EHPE:</b> 0.08 m, <b>EVPE:</b> 0.19 m<br><b>Baseline:</b> 206.21 m<br><b>Corrections Age:</b> 1.5 s</font></p></td></tr></table>]]></description>
   </Placemark>
   <Placemark>
    <styleUrl>#GreenENE</styleUrl><Point><coordinates>9.15600613,45.50109128,173.16</coordinates></Point>
    <description><![CDATA[<table width="250"><tr><td><p style="line-height:18px;"><font face="Arial"><b>Position Mode:</b> RTK Fixed<br><br><b>UTC:</b> 2023-12-21&#160;&#160;12:39:15.600<br><b>Week:</b> 2293,  <b>TOW:</b> 391173.600 s<br><b>Lat:</b> 45.5010913&deg;, <b>Lon:</b>   9.1560061&deg;<br><b>Alt (ellips):</b> 173.16 m (568.1 ft)<br><b>SOG:</b> 0.02 m/s (0.07 km/h, 0.04 mph)<br><b>Vertical Velocity:</b> -0.02 m/s<br><b>COG:</b> 63.4&deg;&#160;&#160;<br><br><b>SVs Tracked:</b> 19 (GPS GAL BDS SBAS)<br><b>SVs Used:</b> 15<br><b>PDOP:</b> 1.6, <b>HDOP:</b> 0.8<br><b>EHPE:</b> 0.08 m, <b>EVPE:</b> 0.19 m<br><b>Baseline:</b> 206.21 m<br><b>Corrections Age:</b> 1.6 s</font></p></td></tr></table>]]></description>
   </Placemark>
   <Placemark>
    <styleUrl>#GreenESE</styleUrl><Point><coordinates>9.15600614,45.50109127,173.15</coordinates></Point>
    <description><![CDATA[<table width="250"><tr><td><p style="line-height:18px;"><font face="Arial"><b>Position Mode:</b> RTK Fixed<br><br><b>UTC:</b> 2023-12-21&#160;&#160;12:39:15.700<br><b>Week:</b> 2293,  <b>TOW:</b> 391173.700 s<br><b>Lat:</b> 45.5010913&deg;, <b>Lon:</b>   9.1560061&deg;<br><b>Alt (ellips):</b> 173.15 m (568.1 ft)<br><b>SOG:</b> 0.02 m/s (0.08 km/h, 0.05 mph)<br><b>Vertical Velocity:</b> -0.02 m/s<br><b>COG:</b> 119.1&deg;&#160;&#160;<br><br><b>SVs Used:</b> 15<br><b>PDOP:</b> 1.6, <b>HDOP:</b> 0.8<br><b>EHPE:</b> 0.08 m, <b>EVPE:</b> 0.20 m<br><b>Baseline:</b> 206.21 m<br><b>Corrections Age:</b> 1.7 s</font></p></td></tr></table>]]></description>
   </Placemark>
   <Placemark>
    <styleUrl>#GreenWSW</styleUrl><Point><coordinates>9.15600611,45.50109126,173.16</coordinates></Point>
    <description><![CDATA[<table width="250"><tr><td><p style="line-height:18px;"><font face="Arial"><b>Position Mode:</b> RTK Fixed<br><br><b>UTC:</b> 2023-12-21&#160;&#160;12:39:15.800<br><b>Week:</b> 2293,  <b>TOW:</b> 391173.800 s<br><b>Lat:</b> 45.5010913&deg;, <b>Lon:</b>   9.1560061&deg;<br><b>Alt (ellips):</b> 173.16 m (568.1 ft)<br><b>SOG:</b> 0.06 m/s (0.21 km/h, 0.13 mph)<br><b>Vertical Velocity:</b> 0.06 m/s<br><b>COG:</b> 241.9&deg;&#160;&#160;<br><br><b>SVs Used:</b> 15<br><b>PDOP:</b> 1.6, <b>HDOP:</b> 0.8<br><b>EHPE:</b> 0.09 m, <b>EVPE:</b> 0.20 m<br><b>Baseline:</b> 206.21 m<br><b>Corrections Age:</b> 1.8 s</font></p></td></tr></table>]]></description>
   </Placemark>
   <Placemark>
    <styleUrl>#GreenNE</styleUrl><Point><coordinates>9.15600613,45.50109127,173.16</coordinates></Point>
    <description><![CDATA[<table width="250"><tr><td><p style="line-height:18px;"><font face="Arial"><b>Position Mode:</b> RTK Fixed<br><br><b>UTC:</b> 2023-12-21&#160;&#160;12:39:15.900<br><b>Week:</b> 2293,  <b>TOW:</b> 391173.900 s<br><b>Lat:</b> 45.5010913&deg;, <b>Lon:</b>   9.1560061&deg;<br><b>Alt (ellips):</b> 173.16 m (568.1 ft)<br><b>SOG:</b> 0.04 m/s (0.14 km/h, 0.09 mph)<br><b>Vertical Velocity:</b> -0.04 m/s<br><b>COG:</b> 51.3&deg;&#160;&#160;<br><br><b>SVs Used:</b> 15<br><b>PDOP:</b> 1.6, <b>HDOP:</b> 0.8<br><b>EHPE:</b> 0.09 m, <b>EVPE:</b> 0.20 m<br><b>Baseline:</b> 206.21 m<br><b>Corrections Age:</b> 1.9 s</font></p></td></tr></table>]]></description>
   </Placemark>
   <Placemark>
    <styleUrl>#GreenNNW</styleUrl><Point><coordinates>9.15600613,45.50109128,173.15</coordinates></Point>
    <description><![CDATA[<table width="250"><tr><td><p style="line-height:18px;"><font face="Arial"><b>Position Mode:</b> RTK Fixed<br><br><b>UTC:</b> 2023-12-21&#160;&#160;12:39:16.000<br><b>Week:</b> 2293,  <b>TOW:</b> 391174.000 s<br><b>Lat:</b> 45.5010913&deg;, <b>Lon:</b>   9.1560061&deg;<br><b>Alt (ellips):</b> 173.15 m (568.1 ft)<br><b>SOG:</b> 0.01 m/s (0.05 km/h, 0.03 mph)<br><b>Vertical Velocity:</b> -0.01 m/s<br><b>COG:</b> 336.0&deg;&#160;&#160;<br><br><b>SVs Used:</b> 15<br><b>PDOP:</b> 1.6, <b>HDOP:</b> 0.8<br><b>EHPE:</b> 0.09 m, <b>EVPE:</b> 0.20 m<br><b>Baseline:</b> 206.21 m<br><b>Corrections Age:</b> 2.0 s</font></p></td></tr></table>]]></description>
   </Placemark>
   <Placemark>
    <styleUrl>#GreenESE</styleUrl><Point><coordinates>9.15600612,45.50109127,173.16</coordinates></Point>
    <description><![CDATA[<table width="250"><tr><td><p style="line-height:18px;"><font face="Arial"><b>Position Mode:</b> RTK Fixed<br><br><b>UTC:</b> 2023-12-21&#160;&#160;12:39:16.100<br><b>Week:</b> 2293,  <b>TOW:</b> 391174.100 s<br><b>Lat:</b> 45.5010913&deg;, <b>Lon:</b>   9.1560061&deg;<br><b>Alt (ellips):</b> 173.16 m (568.1 ft)<br><b>SOG:</b> 0.02 m/s (0.08 km/h, 0.05 mph)<br><b>Vertical Velocity:</b> 0.02 m/s<br><b>COG:</b> 108.4&deg;&#160;&#160;<br><br><b>SVs Tracked:</b> 24 (GPS GLO GAL BDS SBAS)<br><b>SVs Used:</b> 15<br><b>PDOP:</b> 1.6, <b>HDOP:</b> 0.8<br><b>EHPE:</b> 0.09 m, <b>EVPE:</b> 0.20 m<br><b>Baseline:</b> 206.21 m<br><b>Corrections Age:</b> 2.1 s</font></p></td></tr></table>]]></description>
   </Placemark>
   <Placemark>
    <styleUrl>#GreenSSE</styleUrl><Point><coordinates>9.15600612,45.50109127,173.16</coordinates></Point>
    <description><![CDATA[<table width="250"><tr><td><p style="line-height:18px;"><font face="Arial"><b>Position Mode:</b> RTK Fixed<br><br><b>UTC:</b> 2023-12-21&#160;&#160;12:39:16.200<br><b>Week:</b> 2293,  <b>TOW:</b> 391174.200 s<br><b>Lat:</b> 45.5010913&deg;, <b>Lon:</b>   9.1560061&deg;<br><b>Alt (ellips):</b> 173.16 m (568.1 ft)<br><b>SOG:</b> 0.02 m/s (0.08 km/h, 0.05 mph)<br><b>Vertical Velocity:</b> 0.02 m/s<br><b>COG:</b> 164.1&deg;&#160;&#160;<br><br><b>SVs Used:</b> 15<br><b>PDOP:</b> 1.6, <b>HDOP:</b> 0.8<br><b>EHPE:</b> 0.09 m, <b>EVPE:</b> 0.20 m<br><b>Baseline:</b> 206.21 m<br><b>Corrections Age:</b> 2.2 s</font></p></td></tr></table>]]></description>
   </Placemark>
   <Placemark>
    <styleUrl>#GreenNNE</styleUrl><Point><coordinates>9.15600614,45.50109128,173.15</coordinates></Point>
    <description><![CDATA[<table width="250"><tr><td><p style="line-height:18px;"><font face="Arial"><b>Position Mode:</b> RTK Fixed<br><br><b>UTC:</b> 2023-12-21&#160;&#160;12:39:16.300<br><b>Week:</b> 2293,  <b>TOW:</b> 391174.300 s<br><b>Lat:</b> 45.5010913&deg;, <b>Lon:</b>   9.1560061&deg;<br><b>Alt (ellips):</b> 173.15 m (568.1 ft)<br><b>SOG:</b> 0.05 m/s (0.17 km/h, 0.10 mph)<br><b>Vertical Velocity:</b> -0.04 m/s<br><b>COG:</b> 28.3&deg;&#160;&#160;<br><br><b>SVs Used:</b> 15<br><b>PDOP:</b> 1.6, <b>HDOP:</b> 0.8<br><b>EHPE:</b> 0.09 m, <b>EVPE:</b> 0.21 m<br><b>Baseline:</b> 206.21 m<br><b>Corrections Age:</b> 2.3 s</font></p></td></tr></table>]]></description>
   </Placemark>
   <Placemark>
    <styleUrl>#GreenSW</styleUrl><Point><coordinates>9.15600611,45.50109129,173.15</coordinates></Point>
    <description><![CDATA[<table width="250"><tr><td><p style="line-height:18px;"><font face="Arial"><b>Position Mode:</b> RTK Fixed<br><br><b>UTC:</b> 2023-12-21&#160;&#160;12:39:16.400<br><b>Week:</b> 2293,  <b>TOW:</b> 391174.400 s<br><b>Lat:</b> 45.5010913&deg;, <b>Lon:</b>   9.1560061&deg;<br><b>Alt (ellips):</b> 173.15 m (568.1 ft)<br><b>SOG:</b> 0.01 m/s (0.05 km/h, 0.03 mph)<br><b>Vertical Velocity:</b> 0.01 m/s<br><b>COG:</b> 215.0&deg;&#160;&#160;<br><br><b>SVs Used:</b> 15<br><b>PDOP:</b> 1.6, <b>HDOP:</b> 0.8<br><b>EHPE:</b> 0.08 m, <b>EVPE:</b> 0.19 m<br><b>Baseline:</b> 206.21 m<br><b>Corrections Age:</b> 1.4 s</font></p></td></tr></table>]]></description>
   </Placemark>
   <Placemark>
    <styleUrl>#GreenSSE</styleUrl><Point><coordinates>9.15600612,45.50109128,173.15</coordinates></Point>
    <description><![CDATA[<table width="250"><tr><td><p style="line-height:18px;"><font face="Arial"><b>Position Mode:</b> RTK Fixed<br><br><b>UTC:</b> 2023-12-21&#160;&#160;12:39:16.500<br><b>Week:</b> 2293,  <b>TOW:</b> 391174.500 s<br><b>Lat:</b> 45.5010913&deg;, <b>Lon:</b>   9.1560061&deg;<br><b>Alt (ellips):</b> 173.15 m (568.1 ft)<br><b>SOG:</b> 0.02 m/s (0.06 km/h, 0.04 mph)<br><b>Vertical Velocity:</b> -0.00 m/s<br><b>COG:</b> 158.2&deg;&#160;&#160;<br><br><b>SVs Used:</b> 15<br><b>PDOP:</b> 1.6, <b>HDOP:</b> 0.8<br><b>EHPE:</b> 0.08 m, <b>EVPE:</b> 0.19 m<br><b>Baseline:</b> 206.21 m<br><b>Corrections Age:</b> 1.5 s</font></p></td></tr></table>]]></description>
   </Placemark>
   <Placemark>
    <styleUrl>#GreenN</styleUrl><Point><coordinates>9.15600611,45.50109129,173.15</coordinates></Point>
    <description><![CDATA[<table width="250"><tr><td><p style="line-height:18px;"><font face="Arial"><b>Position Mode:</b> RTK Fixed<br><br><b>UTC:</b> 2023-12-21&#160;&#160;12:39:16.600<br><b>Week:</b> 2293,  <b>TOW:</b> 391174.600 s<br><b>Lat:</b> 45.5010913&deg;, <b>Lon:</b>   9.1560061&deg;<br><b>Alt (ellips):</b> 173.15 m (568.1 ft)<br><b>SOG:</b> 0.01 m/s (0.05 km/h, 0.03 mph)<br><b>Vertical Velocity:</b> -0.01 m/s<br><b>COG:</b> 0.0&deg;&#160;&#160;<br><br><b>SVs Tracked:</b> 19 (GPS GAL BDS SBAS)<br><b>SVs Used:</b> 15<br><b>PDOP:</b> 1.6, <b>HDOP:</b> 0.8<br><b>EHPE:</b> 0.08 m, <b>EVPE:</b> 0.19 m<br><b>Baseline:</b> 206.21 m<br><b>Corrections Age:</b> 1.6 s</font></p></td></tr></table>]]></description>
   </Placemark>
   <Placemark>
    <styleUrl>#GreenE</styleUrl><Point><coordinates>9.15600613,45.50109129,173.15</coordinates></Point>
    <description><![CDATA[<table width="250"><tr><td><p style="line-height:18px;"><font face="Arial"><b>Position Mode:</b> RTK Fixed<br><br><b>UTC:</b> 2023-12-21&#160;&#160;12:39:16.700<br><b>Week:</b> 2293,  <b>TOW:</b> 391174.700 s<br><b>Lat:</b> 45.5010913&deg;, <b>Lon:</b>   9.1560061&deg;<br><b>Alt (ellips):</b> 173.15 m (568.1 ft)<br><b>SOG:</b> 0.02 m/s (0.08 km/h, 0.05 mph)<br><b>Vertical Velocity:</b> 0.02 m/s<br><b>COG:</b> 94.4&deg;&#160;&#160;<br><br><b>SVs Used:</b> 15<br><b>PDOP:</b> 1.6, <b>HDOP:</b> 0.8<br><b>EHPE:</b> 0.08 m, <b>EVPE:</b> 0.20 m<br><b>Baseline:</b> 206.21 m<br><b>Corrections Age:</b> 1.7 s</font></p></td></tr></table>]]></description>
   </Placemark>
   <Placemark>
    <styleUrl>#GreenSSW</styleUrl><Point><coordinates>9.15600612,45.50109128,173.15</coordinates></Point>
    <description><![CDATA[<table width="250"><tr><td><p style="line-height:18px;"><font face="Arial"><b>Position Mode:</b> RTK Fixed<br><br><b>UTC:</b> 2023-12-21&#160;&#160;12:39:16.800<br><b>Week:</b> 2293,  <b>TOW:</b> 391174.800 s<br><b>Lat:</b> 45.5010913&deg;, <b>Lon:</b>   9.1560061&deg;<br><b>Alt (ellips):</b> 173.15 m (568.1 ft)<br><b>SOG:</b> 0.04 m/s (0.13 km/h, 0.08 mph)<br><b>Vertical Velocity:</b> -0.04 m/s<br><b>COG:</b> 206.6&deg;&#160;&#160;<br><br><b>SVs Used:</b> 15<br><b>PDOP:</b> 1.6, <b>HDOP:</b> 0.8<br><b>EHPE:</b> 0.09 m, <b>EVPE:</b> 0.20 m<br><b>Baseline:</b> 206.21 m<br><b>Corrections Age:</b> 1.8 s</font></p></td></tr></table>]]></description>
   </Placemark>
   <Placemark>
    <styleUrl>#GreenESE</styleUrl><Point><coordinates>9.15600612,45.50109128,173.16</coordinates></Point>
    <description><![CDATA[<table width="250"><tr><td><p style="line-height:18px;"><font face="Arial"><b>Position Mode:</b> RTK Fixed<br><br><b>UTC:</b> 2023-12-21&#160;&#160;12:39:16.900<br><b>Week:</b> 2293,  <b>TOW:</b> 391174.900 s<br><b>Lat:</b> 45.5010913&deg;, <b>Lon:</b>   9.1560061&deg;<br><b>Alt (ellips):</b> 173.16 m (568.1 ft)<br><b>SOG:</b> 0.06 m/s (0.20 km/h, 0.12 mph)<br><b>Vertical Velocity:</b> 0.06 m/s<br><b>COG:</b> 108.4&deg;&#160;&#160;<br><br><b>SVs Used:</b> 15<br><b>PDOP:</b> 1.6, <b>HDOP:</b> 0.8<br><b>EHPE:</b> 0.09 m, <b>EVPE:</b> 0.20 m<br><b>Baseline:</b> 206.21 m<br><b>Corrections Age:</b> 1.9 s</font></p></td></tr></table>]]></description>
   </Placemark>
   <Placemark>
    <styleUrl>#GreenWNW</styleUrl><Point><coordinates>9.15600609,45.50109129,173.16</coordinates></Point>
    <description><![CDATA[<table width="250"><tr><td><p style="line-height:18px;"><font face="Arial"><b>Position Mode:</b> RTK Fixed<br><br><b>UTC:</b> 2023-12-21&#160;&#160;12:39:17.000<br><b>Week:</b> 2293,  <b>TOW:</b> 391175.000 s<br><b>Lat:</b> 45.5010913&deg;, <b>Lon:</b>   9.1560061&deg;<br><b>Alt (ellips):</b> 173.16 m (568.1 ft)<br><b>SOG:</b> 0.03 m/s (0.10 km/h, 0.06 mph)<br><b>Vertical Velocity:</b> 0.02 m/s<br><b>COG:</b> 293.6&deg;&#160;&#160;<br><br><b>SVs Used:</b> 15<br><b>PDOP:</b> 1.6, <b>HDOP:</b> 0.8<br><b>EHPE:</b> 0.09 m, <b>EVPE:</b> 0.21 m<br><b>Baseline:</b> 206.21 m<br><b>Corrections Age:</b> 2.0 s</font></p></td></tr></table>]]></description>
   </Placemark>
   <Placemark>
    <styleUrl>#GreenS</styleUrl><Point><coordinates>9.15600609,45.50109128,173.16</coordinates></Point>
    <description><![CDATA[<table width="250"><tr><td><p style="line-height:18px;"><font face="Arial"><b>Position Mode:</b> RTK Fixed<br><br><b>UTC:</b> 2023-12-21&#160;&#160;12:39:17.100<br><b>Week:</b> 2293,  <b>TOW:</b> 391175.100 s<br><b>Lat:</b> 45.5010913&deg;, <b>Lon:</b>   9.1560061&deg;<br><b>Alt (ellips):</b> 173.16 m (568.1 ft)<br><b>SOG:</b> 0.01 m/s (0.03 km/h, 0.02 mph)<br><b>Vertical Velocity:</b> -0.00 m/s<br><b>COG:</b> 180.0&deg;&#160;&#160;<br><br><b>SVs Tracked:</b> 24 (GPS GLO GAL BDS SBAS)<br><b>SVs Used:</b> 15<br><b>PDOP:</b> 1.6, <b>HDOP:</b> 0.8<br><b>EHPE:</b> 0.09 m, <b>EVPE:</b> 0.21 m<br><b>Baseline:</b> 206.21 m<br><b>Corrections Age:</b> 2.1 s</font></p></td></tr></table>]]></description>
   </Placemark>
   <Placemark>
    <styleUrl>#GreenNNE</styleUrl><Point><coordinates>9.15600609,45.50109129,173.16</coordinates></Point>
    <description><![CDATA[<table width="250"><tr><td><p style="line-height:18px;"><font face="Arial"><b>Position Mode:</b> RTK Fixed<br><br><b>UTC:</b> 2023-12-21&#160;&#160;12:39:17.200<br><b>Week:</b> 2293,  <b>TOW:</b> 391175.200 s<br><b>Lat:</b> 45.5010913&deg;, <b>Lon:</b>   9.1560061&deg;<br><b>Alt (ellips):</b> 173.16 m (568.1 ft)<br><b>SOG:</b> 0.01 m/s (0.05 km/h, 0.03 mph)<br><b>Vertical Velocity:</b> -0.01 m/s<br><b>COG:</b> 29.7&deg;&#160;&#160;<br><br><b>SVs Used:</b> 15<br><b>PDOP:</b> 1.6, <b>HDOP:</b> 0.8<br><b>EHPE:</b> 0.09 m, <b>EVPE:</b> 0.21 m<br><b>Baseline:</b> 206.21 m<br><b>Corrections Age:</b> 2.2 s</font></p></td></tr></table>]]></description>
   </Placemark>
   <Placemark>
    <styleUrl>#GreenESE</styleUrl><Point><coordinates>9.15600610,45.50109129,173.16</coordinates></Point>
    <description><![CDATA[<table width="250"><tr><td><p style="line-height:18px;"><font face="Arial"><b>Position Mode:</b> RTK Fixed<br><br><b>UTC:</b> 2023-12-21&#160;&#160;12:39:17.300<br><b>Week:</b> 2293,  <b>TOW:</b> 391175.300 s<br><b>Lat:</b> 45.5010913&deg;, <b>Lon:</b>   9.1560061&deg;<br><b>Alt (ellips):</b> 173.16 m (568.1 ft)<br><b>SOG:</b> 0.01 m/s (0.03 km/h, 0.02 mph)<br><b>Vertical Velocity:</b> -0.00 m/s<br><b>COG:</b> 104.0&deg;&#160;&#160;<br><br><b>SVs Used:</b> 15<br><b>PDOP:</b> 1.6, <b>HDOP:</b> 0.8<br><b>EHPE:</b> 0.09 m, <b>EVPE:</b> 0.20 m<br><b>Baseline:</b> 206.21 m<br><b>Corrections Age:</b> 2.3 s</font></p></td></tr></table>]]></description>
   </Placemark>
   <Placemark>
    <styleUrl>#GreenNNW</styleUrl><Point><coordinates>9.15600608,45.50109132,173.16</coordinates></Point>
    <description><![CDATA[<table width="250"><tr><td><p style="line-height:18px;"><font face="Arial"><b>Position Mode:</b> RTK Fixed<br><br><b>UTC:</b> 2023-12-21&#160;&#160;12:39:17.400<br><b>Week:</b> 2293,  <b>TOW:</b> 391175.400 s<br><b>Lat:</b> 45.5010913&deg;, <b>Lon:</b>   9.1560061&deg;<br><b>Alt (ellips):</b> 173.16 m (568.1 ft)<br><b>SOG:</b> 0.03 m/s (0.09 km/h, 0.06 mph)<br><b>Vertical Velocity:</b> 0.02 m/s<br><b>COG:</b> 329.0&deg;&#160;&#160;<br><br><b>SVs Used:</b> 15<br><b>PDOP:</b> 1.6, <b>HDOP:</b> 0.8<br><b>EHPE:</b> 0.08 m, <b>EVPE:</b> 0.19 m<br><b>Baseline:</b> 206.22 m<br><b>Corrections Age:</b> 1.4 s</font></p></td></tr></table>]]></description>
   </Placemark>
   <Placemark>
    <styleUrl>#GreenNW</styleUrl><Point><coordinates>9.15600607,45.50109132,173.16</coordinates></Point>
    <description><![CDATA[<table width="250"><tr><td><p style="line-height:18px;"><font face="Arial"><b>Position Mode:</b> RTK Fixed<br><br><b>UTC:</b> 2023-12-21&#160;&#160;12:39:17.500<br><b>Week:</b> 2293,  <b>TOW:</b> 391175.500 s<br><b>Lat:</b> 45.5010913&deg;, <b>Lon:</b>   9.1560061&deg;<br><b>Alt (ellips):</b> 173.16 m (568.1 ft)<br><b>SOG:</b> 0.01 m/s (0.03 km/h, 0.02 mph)<br><b>Vertical Velocity:</b> 0.01 m/s<br><b>COG:</b> 315.0&deg;&#160;&#160;<br><br><b>SVs Used:</b> 15<br><b>PDOP:</b> 1.6, <b>HDOP:</b> 0.8<br><b>EHPE:</b> 0.08 m, <b>EVPE:</b> 0.19 m<br><b>Baseline:</b> 206.22 m<br><b>Corrections Age:</b> 1.5 s</font></p></td></tr></table>]]></description>
   </Placemark>
   <Placemark>
    <styleUrl>#GreenSSW</styleUrl><Point><coordinates>9.15600606,45.50109131,173.16</coordinates></Point>
    <description><![CDATA[<table width="250"><tr><td><p style="line-height:18px;"><font face="Arial"><b>Position Mode:</b> RTK Fixed<br><br><b>UTC:</b> 2023-12-21&#160;&#160;12:39:17.600<br><b>Week:</b> 2293,  <b>TOW:</b> 391175.600 s<br><b>Lat:</b> 45.5010913&deg;, <b>Lon:</b>   9.1560061&deg;<br><b>Alt (ellips):</b> 173.16 m (568.1 ft)<br><b>SOG:</b> 0.01 m/s (0.03 km/h, 0.02 mph)<br><b>Vertical Velocity:</b> -0.00 m/s<br><b>COG:</b> 200.6&deg;&#160;&#160;<br><br><b>SVs Tracked:</b> 19 (GPS GAL BDS SBAS)<br><b>SVs Used:</b> 15<br><b>PDOP:</b> 1.6, <b>HDOP:</b> 0.8<br><b>EHPE:</b> 0.08 m, <b>EVPE:</b> 0.20 m<br><b>Baseline:</b> 206.22 m<br><b>Corrections Age:</b> 1.6 s</font></p></td></tr></table>]]></description>
   </Placemark>
   <Placemark>
    <styleUrl>#GreenENE</styleUrl><Point><coordinates>9.15600608,45.50109132,173.15</coordinates></Point>
    <description><![CDATA[<table width="250"><tr><td><p style="line-height:18px;"><font face="Arial"><b>Position Mode:</b> RTK Fixed<br><br><b>UTC:</b> 2023-12-21&#160;&#160;12:39:17.700<br><b>Week:</b> 2293,  <b>TOW:</b> 391175.700 s<br><b>Lat:</b> 45.5010913&deg;, <b>Lon:</b>   9.1560061&deg;<br><b>Alt (ellips):</b> 173.15 m (568.1 ft)<br><b>SOG:</b> 0.05 m/s (0.17 km/h, 0.11 mph)<br><b>Vertical Velocity:</b> -0.04 m/s<br><b>COG:</b> 58.4&deg;&#160;&#160;<br><br><b>SVs Used:</b> 15<br><b>PDOP:</b> 1.6, <b>HDOP:</b> 0.8<br><b>EHPE:</b> 0.09 m, <b>EVPE:</b> 0.20 m<br><b>Baseline:</b> 206.22 m<br><b>Corrections Age:</b> 1.7 s</font></p></td></tr></table>]]></description>
   </Placemark>
   <Placemark>
    <styleUrl>#GreenENE</styleUrl><Point><coordinates>9.15600609,45.50109133,173.16</coordinates></Point>
    <description><![CDATA[<table width="250"><tr><td><p style="line-height:18px;"><font face="Arial"><b>Position Mode:</b> RTK Fixed<br><br><b>UTC:</b> 2023-12-21&#160;&#160;12:39:17.800<br><b>Week:</b> 2293,  <b>TOW:</b> 391175.800 s<br><b>Lat:</b> 45.5010913&deg;, <b>Lon:</b>   9.1560061&deg;<br><b>Alt (ellips):</b> 173.16 m (568.1 ft)<br><b>SOG:</b> 0.04 m/s (0.14 km/h, 0.09 mph)<br><b>Vertical Velocity:</b> 0.04 m/s<br><b>COG:</b> 63.4&deg;&#160;&#160;<br><br><b>SVs Used:</b> 15<br><b>PDOP:</b> 1.6, <b>HDOP:</b> 0.8<br><b>EHPE:</b> 0.09 m, <b>EVPE:</b> 0.20 m<br><b>Baseline:</b> 206.22 m<br><b>Corrections Age:</b> 1.8 s</font></p></td></tr></table>]]></description>
   </Placemark>
   <Placemark>
    <styleUrl>#GreenSW</styleUrl><Point><coordinates>9.15600607,45.50109132,173.16</coordinates></Point>
    <description><![CDATA[<table width="250"><tr><td><p style="line-height:18px;"><font face="Arial"><b>Position Mode:</b> RTK Fixed<br><br><b>UTC:</b> 2023-12-21&#160;&#160;12:39:17.900<br><b>Week:</b> 2293,  <b>TOW:</b> 391175.900 s<br><b>Lat:</b> 45.5010913&deg;, <b>Lon:</b>   9.1560061&deg;<br><b>Alt (ellips):</b> 173.16 m (568.1 ft)<br><b>SOG:</b> 0.02 m/s (0.07 km/h, 0.04 mph)<br><b>Vertical Velocity:</b> 0.01 m/s<br><b>COG:</b> 228.8&deg;&#160;&#160;<br><br><b>SVs Used:</b> 15<br><b>PDOP:</b> 1.6, <b>HDOP:</b> 0.8<br><b>EHPE:</b> 0.09 m, <b>EVPE:</b> 0.20 m<br><b>Baseline:</b> 206.22 m<br><b>Corrections Age:</b> 1.9 s</font></p></td></tr></table>]]></description>
   </Placemark>
   <Placemark>
    <styleUrl>#GreenSE</styleUrl><Point><coordinates>9.15600608,45.50109130,173.16</coordinates></Point>
    <description><![CDATA[<table width="250"><tr><td><p style="line-height:18px;"><font face="Arial"><b>Position Mode:</b> RTK Fixed<br><br><b>UTC:</b> 2023-12-21&#160;&#160;12:39:18.000<br><b>Week:</b> 2293,  <b>TOW:</b> 391176.000 s<br><b>Lat:</b> 45.5010913&deg;, <b>Lon:</b>   9.1560061&deg;<br><b>Alt (ellips):</b> 173.16 m (568.1 ft)<br><b>SOG:</b> 0.02 m/s (0.08 km/h, 0.05 mph)<br><b>Vertical Velocity:</b> 0.01 m/s<br><b>COG:</b> 138.8&deg;&#160;&#160;<br><br><b>SVs Used:</b> 15<br><b>PDOP:</b> 1.6, <b>HDOP:</b> 0.8<br><b>EHPE:</b> 0.09 m, <b>EVPE:</b> 0.21 m<br><b>Baseline:</b> 206.22 m<br><b>Corrections Age:</b> 2.0 s</font></p></td></tr></table>]]></description>
   </Placemark>
   <Placemark>
    <styleUrl>#GreenENE</styleUrl><Point><coordinates>9.15600610,45.50109131,173.16</coordinates></Point>
    <description><![CDATA[<table width="250"><tr><td><p style="line-height:18px;"><font face="Arial"><b>Position Mode:</b> RTK Fixed<br><br><b>UTC:</b> 2023-12-21&#160;&#160;12:39:18.100<br><b>Week:</b> 2293,  <b>TOW:</b> 391176.100 s<br><b>Lat:</b> 45.5010913&deg;, <b>Lon:</b>   9.1560061&deg;<br><b>Alt (ellips):</b> 173.16 m (568.1 ft)<br><b>SOG:</b> 0.07 m/s (0.25 km/h, 0.16 mph)<br><b>Vertical Velocity:</b> -0.07 m/s<br><b>COG:</b> 66.8&deg;&#160;&#160;<br><br><b>SVs Tracked:</b> 24 (GPS GLO GAL BDS SBAS)<br><b>SVs Used:</b> 15<br><b>PDOP:</b> 1.6, <b>HDOP:</b> 0.8<br><b>EHPE:</b> 0.09 m, <b>EVPE:</b> 0.21 m<br><b>Baseline:</b> 206.21 m<br><b>Corrections Age:</b> 2.1 s</font></p></td></tr></table>]]></description>
   </Placemark>
   <Placemark>
    <styleUrl>#GreenSSW</styleUrl><Point><coordinates>9.15600608,45.50109130,173.16</coordinates></Point>
    <description><![CDATA[<table width="250"><tr><td><p style="line-height:18px;"><font face="Arial"><b>Position Mode:</b> RTK Fixed<br><br><b>UTC:</b> 2023-12-21&#160;&#160;12:39:18.200<br><b>Week:</b> 2293,  <b>TOW:</b> 391176.200 s<br><b>Lat:</b> 45.5010913&deg;, <b>Lon:</b>   9.1560061&deg;<br><b>Alt (ellips):</b> 173.16 m (568.1 ft)<br><b>SOG:</b> 0.02 m/s (0.07 km/h, 0.05 mph)<br><b>Vertical Velocity:</b> -0.02 m/s<br><b>COG:</b> 213.7&deg;&#160;&#160;<br><br><b>SVs Used:</b> 15<br><b>PDOP:</b> 1.6, <b>HDOP:</b> 0.8<br><b>EHPE:</b> 0.09 m, <b>EVPE:</b> 0.21 m<br><b>Baseline:</b> 206.21 m<br><b>Corrections Age:</b> 2.2 s</font></p></td></tr></table>]]></description>
   </Placemark>
   <Placemark>
    <styleUrl>#GreenESE</styleUrl><Point><coordinates>9.15600611,45.50109131,173.16</coordinates></Point>
    <description><![CDATA[<table width="250"><tr><td><p style="line-height:18px;"><font face="Arial"><b>Position Mode:</b> RTK Fixed<br><br><b>UTC:</b> 2023-12-21&#160;&#160;12:39:18.300<br><b>Week:</b> 2293,  <b>TOW:</b> 391176.300 s<br><b>Lat:</b> 45.5010913&deg;, <b>Lon:</b>   9.1560061&deg;<br><b>Alt (ellips):</b> 173.16 m (568.1 ft)<br><b>SOG:</b> 0.05 m/s (0.17 km/h, 0.10 mph)<br><b>Vertical Velocity:</b> 0.05 m/s<br><b>COG:</b> 104.0&deg;&#160;&#160;<br><br><b>SVs Used:</b> 15<br><b>PDOP:</b> 1.6, <b>HDOP:</b> 0.8<br><b>EHPE:</b> 0.09 m, <b>EVPE:</b> 0.21 m<br><b>Baseline:</b> 206.21 m<br><b>Corrections Age:</b> 2.3 s</font></p></td></tr></table>]]></description>
   </Placemark>
   <Placemark>
    <styleUrl>#GreenWSW</styleUrl><Point><coordinates>9.15600610,45.50109131,173.16</coordinates></Point>
    <description><![CDATA[<table width="250"><tr><td><p style="line-height:18px;"><font face="Arial"><b>Position Mode:</b> RTK Fixed<br><br><b>UTC:</b> 2023-12-21&#160;&#160;12:39:18.400<br><b>Week:</b> 2293,  <b>TOW:</b> 391176.400 s<br><b>Lat:</b> 45.5010913&deg;, <b>Lon:</b>   9.1560061&deg;<br><b>Alt (ellips):</b> 173.16 m (568.1 ft)<br><b>SOG:</b> 0.03 m/s (0.09 km/h, 0.06 mph)<br><b>Vertical Velocity:</b> 0.02 m/s<br><b>COG:</b> 247.4&deg;&#160;&#160;<br><br><b>SVs Used:</b> 15<br><b>PDOP:</b> 1.6, <b>HDOP:</b> 0.8<br><b>EHPE:</b> 0.09 m, <b>EVPE:</b> 0.21 m<br><b>Baseline:</b> 206.21 m<br><b>Corrections Age:</b> 2.4 s</font></p></td></tr></table>]]></description>
   </Placemark>
   <Placemark>
    <styleUrl>#GreenNNE</styleUrl><Point><coordinates>9.15600611,45.50109132,173.16</coordinates></Point>
    <description><![CDATA[<table width="250"><tr><td><p style="line-height:18px;"><font face="Arial"><b>Position Mode:</b> RTK Fixed<br><br><b>UTC:</b> 2023-12-21&#160;&#160;12:39:18.500<br><b>Week:</b> 2293,  <b>TOW:</b> 391176.500 s<br><b>Lat:</b> 45.5010913&deg;, <b>Lon:</b>   9.1560061&deg;<br><b>Alt (ellips):</b> 173.16 m (568.1 ft)<br><b>SOG:</b> 0.02 m/s (0.06 km/h, 0.04 mph)<br><b>Vertical Velocity:</b> -0.01 m/s<br><b>COG:</b> 32.0&deg;&#160;&#160;<br><br><b>SVs Used:</b> 15<br><b>PDOP:</b> 1.6, <b>HDOP:</b> 0.8<br><b>EHPE:</b> 0.09 m, <b>EVPE:</b> 0.20 m<br><b>Baseline:</b> 206.21 m<br><b>Corrections Age:</b> 2.5 s</font></p></td></tr></table>]]></description>
   </Placemark>
   <Placemark>
    <styleUrl>#GreenNNE</styleUrl><Point><coordinates>9.15600611,45.50109134,173.16</coordinates></Point>
    <description><![CDATA[<table width="250"><tr><td><p style="line-height:18px;"><font face="Arial"><b>Position Mode:</b> RTK Fixed<br><br><b>UTC:</b> 2023-12-21&#160;&#160;12:39:18.600<br><b>Week:</b> 2293,  <b>TOW:</b> 391176.600 s<br><b>Lat:</b> 45.5010913&deg;, <b>Lon:</b>   9.1560061&deg;<br><b>Alt (ellips):</b> 173.16 m (568.1 ft)<br><b>SOG:</b> 0.01 m/s (0.03 km/h, 0.02 mph)<br><b>Vertical Velocity:</b> 0.00 m/s<br><b>COG:</b> 33.7&deg;&#160;&#160;<br><br><b>SVs Tracked:</b> 19 (GPS GAL BDS SBAS)<br><b>SVs Used:</b> 15<br><b>PDOP:</b> 1.6, <b>HDOP:</b> 0.8<br><b>EHPE:</b> 0.08 m, <b>EVPE:</b> 0.19 m<br><b>Baseline:</b> 206.21 m<br><b>Corrections Age:</b> 1.6 s</font></p></td></tr></table>]]></description>
   </Placemark>
   <Placemark>
    <styleUrl>#GreenS</styleUrl><Point><coordinates>9.15600611,45.50109132,173.16</coordinates></Point>
    <description><![CDATA[<table width="250"><tr><td><p style="line-height:18px;"><font face="Arial"><b>Position Mode:</b> RTK Fixed<br><br><b>UTC:</b> 2023-12-21&#160;&#160;12:39:18.700<br><b>Week:</b> 2293,  <b>TOW:</b> 391176.700 s<br><b>Lat:</b> 45.5010913&deg;, <b>Lon:</b>   9.1560061&deg;<br><b>Alt (ellips):</b> 173.16 m (568.1 ft)<br><b>SOG:</b> 0.02 m/s (0.08 km/h, 0.05 mph)<br><b>Vertical Velocity:</b> 0.01 m/s<br><b>COG:</b> 183.8&deg;&#160;&#160;<br><br><b>SVs Used:</b> 15<br><b>PDOP:</b> 1.6, <b>HDOP:</b> 0.8<br><b>EHPE:</b> 0.08 m, <b>EVPE:</b> 0.19 m<br><b>Baseline:</b> 206.21 m<br><b>Corrections Age:</b> 1.7 s</font></p></td></tr></table>]]></description>
   </Placemark>
   <Placemark>
    <styleUrl>#GreenS</styleUrl><Point><coordinates>9.15600611,45.50109132,173.16</coordinates></Point>
    <description><![CDATA[<table width="250"><tr><td><p style="line-height:18px;"><font face="Arial"><b>Position Mode:</b> RTK Fixed<br><br><b>UTC:</b> 2023-12-21&#160;&#160;12:39:18.800<br><b>Week:</b> 2293,  <b>TOW:</b> 391176.800 s<br><b>Lat:</b> 45.5010913&deg;, <b>Lon:</b>   9.1560061&deg;<br><b>Alt (ellips):</b> 173.16 m (568.1 ft)<br><b>SOG:</b> 0.01 m/s (0.03 km/h, 0.02 mph)<br><b>Vertical Velocity:</b> 0.01 m/s<br><b>COG:</b> 180.0&deg;&#160;&#160;<br><br><b>SVs Used:</b> 15<br><b>PDOP:</b> 1.6, <b>HDOP:</b> 0.8<br><b>EHPE:</b> 0.08 m, <b>EVPE:</b> 0.19 m<br><b>Baseline:</b> 206.21 m<br><b>Corrections Age:</b> 1.8 s</font></p></td></tr></table>]]></description>
   </Placemark>
   <Placemark>
    <styleUrl>#GreenNE</styleUrl><Point><coordinates>9.15600611,45.50109133,173.15</coordinates></Point>
    <description><![CDATA[<table width="250"><tr><td><p style="line-height:18px;"><font face="Arial"><b>Position Mode:</b> RTK Fixed<br><br><b>UTC:</b> 2023-12-21&#160;&#160;12:39:18.900<br><b>Week:</b> 2293,  <b>TOW:</b> 391176.900 s<br><b>Lat:</b> 45.5010913&deg;, <b>Lon:</b>   9.1560061&deg;<br><b>Alt (ellips):</b> 173.15 m (568.1 ft)<br><b>SOG:</b> 0.02 m/s (0.08 km/h, 0.05 mph)<br><b>Vertical Velocity:</b> -0.02 m/s<br><b>COG:</b> 38.7&deg;&#160;&#160;<br><br><b>SVs Used:</b> 15<br><b>PDOP:</b> 1.6, <b>HDOP:</b> 0.8<br><b>EHPE:</b> 0.08 m, <b>EVPE:</b> 0.20 m<br><b>Baseline:</b> 206.21 m<br><b>Corrections Age:</b> 1.9 s</font></p></td></tr></table>]]></description>
   </Placemark>
  </Folder>
  <Folder><name>GNSS Track</name>
   <Placemark><styleUrl>#GreenLine</styleUrl><LineString><coordinates>9.15600608,45.50109129,173.15 9.15600608,45.50109129,173.16</coordinates></LineString></Placemark>
   <Placemark><styleUrl>#GreenLine</styleUrl><LineString><coordinates>9.15600608,45.50109129,173.16 9.15600608,45.50109129,173.15</coordinates></LineString></Placemark>
   <Placemark><styleUrl>#GreenLine</styleUrl><LineString><coordinates>9.15600608,45.50109129,173.15 9.15600608,45.50109128,173.16</coordinates></LineString></Placemark>
   <Placemark><styleUrl>#GreenLine</styleUrl><LineString><coordinates>9.15600608,45.50109128,173.16 9.15600609,45.50109130,173.15</coordinates></LineString></Placemark>
   <Placemark><styleUrl>#GreenLine</styleUrl><LineString><coordinates>9.15600609,45.50109130,173.15 9.15600609,45.50109129,173.15</coordinates></LineString></Placemark>
   <Placemark><styleUrl>#GreenLine</styleUrl><LineString><coordinates>9.15600609,45.50109129,173.15 9.15600609,45.50109129,173.15</coordinates></LineString></Placemark>
   <Placemark><styleUrl>#GreenLine</styleUrl><LineString><coordinates>9.15600609,45.50109129,173.15 9.15600610,45.50109129,173.15</coordinates></LineString></Placemark>
   <Placemark><styleUrl>#GreenLine</styleUrl><LineString><coordinates>9.15600610,45.50109129,173.15 9.15600609,45.50109129,173.16</coordinates></LineString></Placemark>
   <Placemark><styleUrl>#GreenLine</styleUrl><LineString><coordinates>9.15600609,45.50109129,173.16 9.15600609,45.50109129,173.15</coordinates></LineString></Placemark>
   <Placemark><styleUrl>#GreenLine</styleUrl><LineString><coordinates>9.15600609,45.50109129,173.15 9.15600610,45.50109128,173.15</coordinates></LineString></Placemark>
   <Placemark><styleUrl>#GreenLine</styleUrl><LineString><coordinates>9.15600610,45.50109128,173.15 9.15600609,45.50109128,173.16</coordinates></LineString></Placemark>
   <Placemark><styleUrl>#GreenLine</styleUrl><LineString><coordinates>9.15600609,45.50109128,173.16 9.15600610,45.50109131,173.15</coordinates></LineString></Placemark>
   <Placemark><styleUrl>#GreenLine</styleUrl><LineString><coordinates>9.15600610,45.50109131,173.15 9.15600608,45.50109130,173.15</coordinates></LineString></Placemark>
   <Placemark><styleUrl>#GreenLine</styleUrl><LineString><coordinates>9.15600608,45.50109130,173.15 9.15600608,45.50109130,173.15</coordinates></LineString></Placemark>
   <Placemark><styleUrl>#GreenLine</styleUrl><LineString><coordinates>9.15600608,45.50109130,173.15 9.15600608,45.50109130,173.16</coordinates></LineString></Placemark>
   <Placemark><styleUrl>#GreenLine</styleUrl><LineString><coordinates>9.15600608,45.50109130,173.16 9.15600609,45.50109131,173.15</coordinates></LineString></Placemark>
   <Placemark><styleUrl>#GreenLine</styleUrl><LineString><coordinates>9.15600609,45.50109131,173.15 9.15600608,45.50109129,173.15</coordinates></LineString></Placemark>
   <Placemark><styleUrl>#GreenLine</styleUrl><LineString><coordinates>9.15600608,45.50109129,173.15 9.15600608,45.50109129,173.15</coordinates></LineString></Placemark>
   <Placemark><styleUrl>#GreenLine</styleUrl><LineString><coordinates>9.15600608,45.50109129,173.15 9.15600609,45.50109129,173.15</coordinates></LineString></Placemark>
   <Placemark><styleUrl>#GreenLine</styleUrl><LineString><coordinates>9.15600609,45.50109129,173.15 9.15600608,45.50109130,173.15</coordinates></LineString></Placemark>
   <Placemark><styleUrl>#GreenLine</styleUrl><LineString><coordinates>9.15600608,45.50109130,173.15 9.15600609,45.50109130,173.15</coordinates></LineString></Placemark>
   <Placemark><styleUrl>#GreenLine</styleUrl><LineString><coordinates>9.15600609,45.50109130,173.15 9.15600609,45.50109130,173.15</coordinates></LineString></Placemark>
   <Placemark><styleUrl>#GreenLine</styleUrl><LineString><coordinates>9.15600609,45.50109130,173.15 9.15600607,45.50109130,173.15</coordinates></LineString></Placemark>
   <Placemark><styleUrl>#GreenLine</styleUrl><LineString><coordinates>9.15600607,45.50109130,173.15 9.15600608,45.50109130,173.15</coordinates></LineString></Placemark>
   <Placemark><styleUrl>#GreenLine</styleUrl><LineString><coordinates>9.15600608,45.50109130,173.15 9.15600609,45.50109131,173.15</coordinates></LineString></Placemark>
   <Placemark><styleUrl>#GreenLine</styleUrl><LineString><coordinates>9.15600609,45.50109131,173.15 9.15600608,45.50109130,173.15</coordinates></LineString></Placemark>
   <Placemark><styleUrl>#GreenLine</styleUrl><LineString><coordinates>9.15600608,45.50109130,173.15 9.15600607,45.50109130,173.15</coordinates></LineString></Placemark>
   <Placemark><styleUrl>#GreenLine</styleUrl><LineString><coordinates>9.15600607,45.50109130,173.15 9.15600607,45.50109130,173.15</coordinates></LineString></Placemark>
   <Placemark><styleUrl>#GreenLine</styleUrl><LineString><coordinates>9.15600607,45.50109130,173.15 9.15600606,45.50109128,173.15</coordinates></LineString></Placemark>
   <Placemark><styleUrl>#GreenLine</styleUrl><LineString><coordinates>9.15600606,45.50109128,173.15 9.15600607,45.50109128,173.16</coordinates></LineString></Placemark>
   <Placemark><styleUrl>#GreenLine</styleUrl><LineString><coordinates>9.15600607,45.50109128,173.16 9.15600607,45.50109129,173.15</coordinates></LineString></Placemark>
   <Placemark><styleUrl>#GreenLine</styleUrl><LineString><coordinates>9.15600607,45.50109129,173.15 9.15600608,45.50109129,173.15</coordinates></LineString></Placemark>
   <Placemark><styleUrl>#GreenLine</styleUrl><LineString><coordinates>9.15600608,45.50109129,173.15 9.15600608,45.50109128,173.15</coordinates></LineString></Placemark>
   <Placemark><styleUrl>#GreenLine</styleUrl><LineString><coordinates>9.15600608,45.50109128,173.15 9.15600609,45.50109129,173.15</coordinates></LineString></Placemark>
   <Placemark><styleUrl>#GreenLine</styleUrl><LineString><coordinates>9.15600609,45.50109129,173.15 9.15600609,45.50109128,173.15</coordinates></LineString></Placemark>
   <Placemark><styleUrl>#GreenLine</styleUrl><LineString><coordinates>9.15600609,45.50109128,173.15 9.15600608,45.50109128,173.15</coordinates></LineString></Placemark>
   <Placemark><styleUrl>#GreenLine</styleUrl><LineString><coordinates>9.15600608,45.50109128,173.15 9.15600610,45.50109128,173.15</coordinates></LineString></Placemark>
   <Placemark><styleUrl>#GreenLine</styleUrl><LineString><coordinates>9.15600610,45.50109128,173.15 9.15600608,45.50109126,173.15</coordinates></LineString></Placemark>
   <Placemark><styleUrl>#GreenLine</styleUrl><LineString><coordinates>9.15600608,45.50109126,173.15 9.15600610,45.50109126,173.15</coordinates></LineString></Placemark>
   <Placemark><styleUrl>#GreenLine</styleUrl><LineString><coordinates>9.15600610,45.50109126,173.15 9.15600608,45.50109126,173.15</coordinates></LineString></Placemark>
   <Placemark><styleUrl>#GreenLine</styleUrl><LineString><coordinates>9.15600608,45.50109126,173.15 9.15600608,45.50109127,173.15</coordinates></LineString></Placemark>
   <Placemark><styleUrl>#GreenLine</styleUrl><LineString><coordinates>9.15600608,45.50109127,173.15 9.15600609,45.50109127,173.15</coordinates></LineString></Placemark>
   <Placemark><styleUrl>#GreenLine</styleUrl><LineString><coordinates>9.15600609,45.50109127,173.15 9.15600608,45.50109126,173.15</coordinates></LineString></Placemark>
   <Placemark><styleUrl>#GreenLine</styleUrl><LineString><coordinates>9.15600608,45.50109126,173.15 9.15600608,45.50109126,173.15</coordinates></LineString></Placemark>
   <Placemark><styleUrl>#GreenLine</styleUrl><LineString><coordinates>9.15600608,45.50109126,173.15 9.15600609,45.50109127,173.15</coordinates></LineString></Placemark>
   <Placemark><styleUrl>#GreenLine</styleUrl><LineString><coordinates>9.15600609,45.50109127,173.15 9.15600608,45.50109127,173.15</coordinates></LineString></Placemark>
   <Placemark><styleUrl>#GreenLine</styleUrl><LineString><coordinates>9.15600608,45.50109127,173.15 9.15600610,45.50109127,173.15</coordinates></LineString></Placemark>
   <Placemark><styleUrl>#GreenLine</styleUrl><LineString><coordinates>9.15600610,45.50109127,173.15 9.15600611,45.50109132,173.14</coordinates></LineString></Placemark>
   <Placemark><styleUrl>#GreenLine</styleUrl><LineString><coordinates>9.15600611,45.50109132,173.14 9.15600611,45.50109132,173.15</coordinates></LineString></Placemark>
   <Placemark><styleUrl>#GreenLine</styleUrl><LineString><coordinates>9.15600611,45.50109132,173.15 9.15600610,45.50109131,173.15</coordinates></LineString></Placemark>
   <Placemark><styleUrl>#GreenLine</styleUrl><LineString><coordinates>9.15600610,45.50109131,173.15 9.15600611,45.50109131,173.15</coordinates></LineString></Placemark>
   <Placemark><styleUrl>#GreenLine</styleUrl><LineString><coordinates>9.15600611,45.50109131,173.15 9.15600613,45.50109131,173.15</coordinates></LineString></Placemark>
   <Placemark><styleUrl>#GreenLine</styleUrl><LineString><coordinates>9.15600613,45.50109131,173.15 9.15600615,45.50109131,173.14</coordinates></LineString></Placemark>
   <Placemark><styleUrl>#GreenLine</styleUrl><LineString><coordinates>9.15600615,45.50109131,173.14 9.15600613,45.50109131,173.15</coordinates></LineString></Placemark>
   <Placemark><styleUrl>#GreenLine</styleUrl><LineString><coordinates>9.15600613,45.50109131,173.15 9.15600615,45.50109130,173.14</coordinates></LineString></Placemark>
   <Placemark><styleUrl>#GreenLine</styleUrl><LineString><coordinates>9.15600615,45.50109130,173.14 9.15600614,45.50109131,173.14</coordinates></LineString></Placemark>
   <Placemark><styleUrl>#GreenLine</styleUrl><LineString><coordinates>9.15600614,45.50109131,173.14 9.15600613,45.50109132,173.14</coordinates></LineString></Placemark>
   <Placemark><styleUrl>#GreenLine</styleUrl><LineString><coordinates>9.15600613,45.50109132,173.14 9.15600613,45.50109132,173.15</coordinates></LineString></Placemark>
   <Placemark><styleUrl>#GreenLine</styleUrl><LineString><coordinates>9.15600613,45.50109132,173.15 9.15600613,45.50109131,173.15</coordinates></LineString></Placemark>
   <Placemark><styleUrl>#GreenLine</styleUrl><LineString><coordinates>9.15600613,45.50109131,173.15 9.15600613,45.50109131,173.15</coordinates></LineString></Placemark>
   <Placemark><styleUrl>#GreenLine</styleUrl><LineString><coordinates>9.15600613,45.50109131,173.15 9.15600613,45.50109132,173.14</coordinates></LineString></Placemark>
   <Placemark><styleUrl>#GreenLine</styleUrl><LineString><coordinates>9.15600613,45.50109132,173.14 9.15600613,45.50109131,173.15</coordinates></LineString></Placemark>
   <Placemark><styleUrl>#GreenLine</styleUrl><LineString><coordinates>9.15600613,45.50109131,173.15 9.15600613,45.50109130,173.15</coordinates></LineString></Placemark>
   <Placemark><styleUrl>#GreenLine</styleUrl><LineString><coordinates>9.15600613,45.50109130,173.15 9.15600614,45.50109130,173.15</coordinates></LineString></Placemark>
   <Placemark><styleUrl>#GreenLine</styleUrl><LineString><coordinates>9.15600614,45.50109130,173.15 9.15600614,45.50109131,173.15</coordinates></LineString></Placemark>
   <Placemark><styleUrl>#GreenLine</styleUrl><LineString><coordinates>9.15600614,45.50109131,173.15 9.15600614,45.50109132,173.15</coordinates></LineString></Placemark>
   <Placemark><styleUrl>#GreenLine</styleUrl><LineString><coordinates>9.15600614,45.50109132,173.15 9.15600612,45.50109130,173.15</coordinates></LineString></Placemark>
   <Placemark><styleUrl>#GreenLine</styleUrl><LineString><coordinates>9.15600612,45.50109130,173.15 9.15600611,45.50109130,173.15</coordinates></LineString></Placemark>
   <Placemark><styleUrl>#GreenLine</styleUrl><LineString><coordinates>9.15600611,45.50109130,173.15 9.15600611,45.50109130,173.15</coordinates></LineString></Placemark>
   <Placemark><styleUrl>#GreenLine</styleUrl><LineString><coordinates>9.15600611,45.50109130,173.15 9.15600613,45.50109130,173.15</coordinates></LineString></Placemark>
   <Placemark><styleUrl>#GreenLine</styleUrl><LineString><coordinates>9.15600613,45.50109130,173.15 9.15600611,45.50109130,173.15</coordinates></LineString></Placemark>
   <Placemark><styleUrl>#GreenLine</styleUrl><LineString><coordinates>9.15600611,45.50109130,173.15 9.15600611,45.50109130,173.16</coordinates></LineString></Placemark>
   <Placemark><styleUrl>#GreenLine</styleUrl><LineString><coordinates>9.15600611,45.50109130,173.16 9.15600613,45.50109130,173.15</coordinates></LineString></Placemark>
   <Placemark><styleUrl>#GreenLine</styleUrl><LineString><coordinates>9.15600613,45.50109130,173.15 9.15600613,45.50109129,173.15</coordinates></LineString></Placemark>
   <Placemark><styleUrl>#GreenLine</styleUrl><LineString><coordinates>9.15600613,45.50109129,173.15 9.15600613,45.50109129,173.15</coordinates></LineString></Placemark>
   <Placemark><styleUrl>#GreenLine</styleUrl><LineString><coordinates>9.15600613,45.50109129,173.15 9.15600612,45.50109130,173.16</coordinates></LineString></Placemark>
   <Placemark><styleUrl>#GreenLine</styleUrl><LineString><coordinates>9.15600612,45.50109130,173.16 9.15600612,45.50109130,173.16</coordinates></LineString></Placemark>
   <Placemark><styleUrl>#GreenLine</styleUrl><LineString><coordinates>9.15600612,45.50109130,173.16 9.15600611,45.50109128,173.16</coordinates></LineString></Placemark>
   <Placemark><styleUrl>#GreenLine</styleUrl><LineString><coordinates>9.15600611,45.50109128,173.16 9.15600610,45.50109127,173.16</coordinates></LineString></Placemark>
   <Placemark><styleUrl>#GreenLine</styleUrl><LineString><coordinates>9.15600610,45.50109127,173.16 9.15600610,45.50109127,173.16</coordinates></LineString></Placemark>
   <Placemark><styleUrl>#GreenLine</styleUrl><LineString><coordinates>9.15600610,45.50109127,173.16 9.15600611,45.50109128,173.16</coordinates></LineString></Placemark>
   <Placemark><styleUrl>#GreenLine</styleUrl><LineString><coordinates>9.15600611,45.50109128,173.16 9.15600611,45.50109127,173.16</coordinates></LineString></Placemark>
   <Placemark><styleUrl>#GreenLine</styleUrl><LineString><coordinates>9.15600611,45.50109127,173.16 9.15600613,45.50109127,173.16</coordinates></LineString></Placemark>
   <Placemark><styleUrl>#GreenLine</styleUrl><LineString><coordinates>9.15600613,45.50109127,173.16 9.15600612,45.50109126,173.16</coordinates></LineString></Placemark>
   <Placemark><styleUrl>#GreenLine</styleUrl><LineString><coordinates>9.15600612,45.50109126,173.16 9.15600612,45.50109126,173.16</coordinates></LineString></Placemark>
   <Placemark><styleUrl>#GreenLine</styleUrl><LineString><coordinates>9.15600612,45.50109126,173.16 9.15600612,45.50109126,173.16</coordinates></LineString></Placemark>
   <Placemark><styleUrl>#GreenLine</styleUrl><LineString><coordinates>9.15600612,45.50109126,173.16 9.15600611,45.50109127,173.16</coordinates></LineString></Placemark>
   <Placemark><styleUrl>#GreenLine</styleUrl><LineString><coordinates>9.15600611,45.50109127,173.16 9.15600610,45.50109127,173.16</coordinates></LineString></Placemark>
   <Placemark><styleUrl>#GreenLine</styleUrl><LineString><coordinates>9.15600610,45.50109127,173.16 9.15600611,45.50109128,173.16</coordinates></LineString></Placemark>
   <Placemark><styleUrl>#GreenLine</styleUrl><LineString><coordinates>9.15600611,45.50109128,173.16 9.15600611,45.50109128,173.16</coordinates></LineString></Placemark>
   <Placemark><styleUrl>#GreenLine</styleUrl><LineString><coordinates>9.15600611,45.50109128,173.16 9.15600611,45.50109128,173.16</coordinates></LineString></Placemark>
   <Placemark><styleUrl>#GreenLine</styleUrl><LineString><coordinates>9.15600611,45.50109128,173.16 9.15600610,45.50109128,173.16</coordinates></LineString></Placemark>
   <Placemark><styleUrl>#GreenLine</styleUrl><LineString><coordinates>9.15600610,45.50109128,173.16 9.15600612,45.50109128,173.16</coordinates></LineString></Placemark>
   <Placemark><styleUrl>#GreenLine</styleUrl><LineString><coordinates>9.15600612,45.50109128,173.16 9.15600613,45.50109128,173.15</coordinates></LineString></Placemark>
   <Placemark><styleUrl>#GreenLine</styleUrl><LineString><coordinates>9.15600613,45.50109128,173.15 9.15600612,45.50109127,173.16</coordinates></LineString></Placemark>
   <Placemark><styleUrl>#GreenLine</styleUrl><LineString><coordinates>9.15600612,45.50109127,173.16 9.15600611,45.50109127,173.16</coordinates></LineString></Placemark>
   <Placemark><styleUrl>#GreenLine</styleUrl><LineString><coordinates>9.15600611,45.50109127,173.16 9.15600612,45.50109128,173.16</coordinates></LineString></Placemark>
   <Placemark><styleUrl>#GreenLine</styleUrl><LineString><coordinates>9.15600612,45.50109128,173.16 9.15600612,45.50109128,173.16</coordinates></LineString></Placemark>
   <Placemark><styleUrl>#GreenLine</styleUrl><LineString><coordinates>9.15600612,45.50109128,173.16 9.15600610,45.50109130,173.16</coordinates></LineString></Placemark>
   <Placemark><styleUrl>#GreenLine</styleUrl><LineString><coordinates>9.15600610,45.50109130,173.16 9.15600611,45.50109131,173.16</coordinates></LineString></Placemark>
   <Placemark><styleUrl>#GreenLine</styleUrl><LineString><coordinates>9.15600611,45.50109131,173.16 9.15600610,45.50109131,173.16</coordinates></LineString></Placemark>
   <Placemark><styleUrl>#GreenLine</styleUrl><LineString><coordinates>9.15600610,45.50109131,173.16 9.15600610,45.50109130,173.16</coordinates></LineString></Placemark>
   <Placemark><styleUrl>#GreenLine</styleUrl><LineString><coordinates>9.15600610,45.50109130,173.16 9.15600611,45.50109130,173.16</coordinates></LineString></Placemark>
   <Placemark><styleUrl>#GreenLine</styleUrl><LineString><coordinates>9.15600611,45.50109130,173.16 9.15600610,45.50109129,173.16</coordinates></LineString></Placemark>
   <Placemark><styleUrl>#GreenLine</styleUrl><LineString><coordinates>9.15600610,45.50109129,173.16 9.15600612,45.50109130,173.16</coordinates></LineString></Placemark>
   <Placemark><styleUrl>#GreenLine</styleUrl><LineString><coordinates>9.15600612,45.50109130,173.16 9.15600611,45.50109130,173.16</coordinates></LineString></Placemark>
   <Placemark><styleUrl>#GreenLine</styleUrl><LineString><coordinates>9.15600611,45.50109130,173.16 9.15600610,45.50109129,173.16</coordinates></LineString></Placemark>
   <Placemark><styleUrl>#GreenLine</styleUrl><LineString><coordinates>9.15600610,45.50109129,173.16 9.15600612,45.50109129,173.16</coordinates></LineString></Placemark>
   <Placemark><styleUrl>#GreenLine</styleUrl><LineString><coordinates>9.15600612,45.50109129,173.16 9.15600612,45.50109130,173.16</coordinates></LineString></Placemark>
   <Placemark><styleUrl>#GreenLine</styleUrl><LineString><coordinates>9.15600612,45.50109130,173.16 9.15600613,45.50109129,173.16</coordinates></LineString></Placemark>
   <Placemark><styleUrl>#GreenLine</styleUrl><LineString><coordinates>9.15600613,45.50109129,173.16 9.15600612,45.50109129,173.16</coordinates></LineString></Placemark>
   <Placemark><styleUrl>#GreenLine</styleUrl><LineString><coordinates>9.15600612,45.50109129,173.16 9.15600610,45.50109128,173.16</coordinates></LineString></Placemark>
   <Placemark><styleUrl>#GreenLine</styleUrl><LineString><coordinates>9.15600610,45.50109128,173.16 9.15600611,45.50109128,173.16</coordinates></LineString></Placemark>
   <Placemark><styleUrl>#GreenLine</styleUrl><LineString><coordinates>9.15600611,45.50109128,173.16 9.15600612,45.50109127,173.16</coordinates></LineString></Placemark>
   <Placemark><styleUrl>#GreenLine</styleUrl><LineString><coordinates>9.15600612,45.50109127,173.16 9.15600612,45.50109128,173.16</coordinates></LineString></Placemark>
   <Placemark><styleUrl>#GreenLine</styleUrl><LineString><coordinates>9.15600612,45.50109128,173.16 9.15600612,45.50109129,173.16</coordinates></LineString></Placemark>
   <Placemark><styleUrl>#GreenLine</styleUrl><LineString><coordinates>9.15600612,45.50109129,173.16 9.15600611,45.50109128,173.16</coordinates></LineString></Placemark>
   <Placemark><styleUrl>#GreenLine</styleUrl><LineString><coordinates>9.15600611,45.50109128,173.16 9.15600613,45.50109127,173.16</coordinates></LineString></Placemark>
   <Placemark><styleUrl>#GreenLine</styleUrl><LineString><coordinates>9.15600613,45.50109127,173.16 9.15600612,45.50109128,173.16</coordinates></LineString></Placemark>
   <Placemark><styleUrl>#GreenLine</styleUrl><LineString><coordinates>9.15600612,45.50109128,173.16 9.15600613,45.50109128,173.16</coordinates></LineString></Placemark>
   <Placemark><styleUrl>#GreenLine</styleUrl><LineString><coordinates>9.15600613,45.50109128,173.16 9.15600614,45.50109127,173.15</coordinates></LineString></Placemark>
   <Placemark><styleUrl>#GreenLine</styleUrl><LineString><coordinates>9.15600614,45.50109127,173.15 9.15600611,45.50109126,173.16</coordinates></LineString></Placemark>
   <Placemark><styleUrl>#GreenLine</styleUrl><LineString><coordinates>9.15600611,45.50109126,173.16 9.15600613,45.50109127,173.16</coordinates></LineString></Placemark>
   <Placemark><styleUrl>#GreenLine</styleUrl><LineString><coordinates>9.15600613,45.50109127,173.16 9.15600613,45.50109128,173.15</coordinates></LineString></Placemark>
   <Placemark><styleUrl>#GreenLine</styleUrl><LineString><coordinates>9.15600613,45.50109128,173.15 9.15600612,45.50109127,173.16</coordinates></LineString></Placemark>
   <Placemark><styleUrl>#GreenLine</styleUrl><LineString><coordinates>9.15600612,45.50109127,173.16 9.15600612,45.50109127,173.16</coordinates></LineString></Placemark>
   <Placemark><styleUrl>#GreenLine</styleUrl><LineString><coordinates>9.15600612,45.50109127,173.16 9.15600614,45.50109128,173.15</coordinates></LineString></Placemark>
   <Placemark><styleUrl>#GreenLine</styleUrl><LineString><coordinates>9.15600614,45.50109128,173.15 9.15600611,45.50109129,173.15</coordinates></LineString></Placemark>
   <Placemark><styleUrl>#GreenLine</styleUrl><LineString><coordinates>9.15600611,45.50109129,173.15 9.15600612,45.50109128,173.15</coordinates></LineString></Placemark>
   <Placemark><styleUrl>#GreenLine</styleUrl><LineString><coordinates>9.15600612,45.50109128,173.15 9.15600611,45.50109129,173.15</coordinates></LineString></Placemark>
   <Placemark><styleUrl>#GreenLine</styleUrl><LineString><coordinates>9.15600611,45.50109129,173.15 9.15600613,45.50109129,173.15</coordinates></LineString></Placemark>
   <Placemark><styleUrl>#GreenLine</styleUrl><LineString><coordinates>9.15600613,45.50109129,173.15 9.15600612,45.50109128,173.15</coordinates></LineString></Placemark>
   <Placemark><styleUrl>#GreenLine</styleUrl><LineString><coordinates>9.15600612,45.50109128,173.15 9.15600612,45.50109128,173.16</coordinates></LineString></Placemark>
   <Placemark><styleUrl>#GreenLine</styleUrl><LineString><coordinates>9.15600612,45.50109128,173.16 9.15600609,45.50109129,173.16</coordinates></LineString></Placemark>
   <Placemark><styleUrl>#GreenLine</styleUrl><LineString><coordinates>9.15600609,45.50109129,173.16 9.15600609,45.50109128,173.16</coordinates></LineString></Placemark>
   <Placemark><styleUrl>#GreenLine</styleUrl><LineString><coordinates>9.15600609,45.50109128,173.16 9.15600609,45.50109129,173.16</coordinates></LineString></Placemark>
   <Placemark><styleUrl>#GreenLine</styleUrl><LineString><coordinates>9.15600609,45.50109129,173.16 9.15600610,45.50109129,173.16</coordinates></LineString></Placemark>
   <Placemark><styleUrl>#GreenLine</styleUrl><LineString><coordinates>9.15600610,45.50109129,173.16 9.15600608,45.50109132,173.16</coordinates></LineString></Placemark>
   <Placemark><styleUrl>#GreenLine</styleUrl><LineString><coordinates>9.15600608,45.50109132,173.16 9.15600607,45.50109132,173.16</coordinates></LineString></Placemark>
   <Placemark><styleUrl>#GreenLine</styleUrl><LineString><coordinates>9.15600607,45.50109132,173.16 9.15600606,45.50109131,173.16</coordinates></LineString></Placemark>
   <Placemark><styleUrl>#GreenLine</styleUrl><LineString><coordinates>9.15600606,45.50109131,173.16 9.15600608,45.50109132,173.15</coordinates></LineString></Placemark>
   <Placemark><styleUrl>#GreenLine</styleUrl><LineString><coordinates>9.15600608,45.50109132,173.15 9.15600609,45.50109133,173.16</coordinates></LineString></Placemark>
   <Placemark><styleUrl>#GreenLine</styleUrl><LineString><coordinates>9.15600609,45.50109133,173.16 9.15600607,45.50109132,173.16</coordinates></LineString></Placemark>
   <Placemark><styleUrl>#GreenLine</styleUrl><LineString><coordinates>9.15600607,45.50109132,173.16 9.15600608,45.50109130,173.16</coordinates></LineString></Placemark>
   <Placemark><styleUrl>#GreenLine</styleUrl><LineString><coordinates>9.15600608,45.50109130,173.16 9.15600610,45.50109131,173.16</coordinates></LineString></Placemark>
   <Placemark><styleUrl>#GreenLine</styleUrl><LineString><coordinates>9.15600610,45.50109131,173.16 9.15600608,45.50109130,173.16</coordinates></LineString></Placemark>
   <Placemark><styleUrl>#GreenLine</styleUrl><LineString><coordinates>9.15600608,45.50109130,173.16 9.15600611,45.50109131,173.16</coordinates></LineString></Placemark>
   <Placemark><styleUrl>#GreenLine</styleUrl><LineString><coordinates>9.15600611,45.50109131,173.16 9.15600610,45.50109131,173.16</coordinates></LineString></Placemark>
   <Placemark><styleUrl>#GreenLine</styleUrl><LineString><coordinates>9.15600610,45.50109131,173.16 9.15600611,45.50109132,173.16</coordinates></LineString></Placemark>
   <Placemark><styleUrl>#GreenLine</styleUrl><LineString><coordinates>9.15600611,45.50109132,173.16 9.15600611,45.50109134,173.16</coordinates></LineString></Placemark>
   <Placemark><styleUrl>#GreenLine</styleUrl><LineString><coordinates>9.15600611,45.50109134,173.16 9.15600611,45.50109132,173.16</coordinates></LineString></Placemark>
   <Placemark><styleUrl>#GreenLine</styleUrl><LineString><coordinates>9.15600611,45.50109132,173.16 9.15600611,45.50109132,173.16</coordinates></LineString></Placemark>
   <Placemark><styleUrl>#GreenLine</styleUrl><LineString><coordinates>9.15600611,45.50109132,173.16 9.15600611,45.50109133,173.15</coordinates></LineString></Placemark>
  </Folder>
 <description><![CDATA[Product: <b>Piksi Multi</b><br>Firmware: <b>v3.0.17</b><br>Serial Number: <b>00108093321100187</b><br>Firmware Date: <b>2023-04-11 22:29:02 UTC</b><br>Solution Frequency: <b>10 Hz</b><br>]]></description>
 </Document>
</kml>
