<?xml version="1.0" encoding="UTF-8"?>
<kml xmlns="http://www.opengis.net/kml/2.2">
 <Document>
  <Style id="BlackLine"><LineStyle><color>FF000000</color><width>2</width></LineStyle></Style>
  <Style id="RedLine"><LineStyle><color>FF0000FF</color><width>2</width></LineStyle></Style>
  <Style id="GreenLine"><LineStyle><color>FF00FF00</color><width>2</width></LineStyle></Style>
  <Style id="BlueLine"><LineStyle><color>FFFF0000</color><width>2</width></LineStyle></Style>
  <Style id="PurpleLine"><LineStyle><color>FFFF00FF</color><width>2</width></LineStyle></Style>
  <Style id="CyanLine"><LineStyle><color>FFFFFF00</color><width>2</width></LineStyle></Style>
  <Style id="BlackStatic"><IconStyle><Icon><href>http://downloads.swiftnav.com/kml-icons/track-none.png</href></Icon><color>FF000000</color><scale>1.2</scale></IconStyle><BalloonStyle><bgColor>FFDDFFFF</bgColor><text>$[description]</text></BalloonStyle></Style>
  <Style id="BlackN"><IconStyle><Icon><href>http://downloads.swiftnav.com/kml-icons/track-0.png</href></Icon><color>FF000000</color><scale>1.2</scale></IconStyle><BalloonStyle><bgColor>FFDDFFFF</bgColor><text>$[description]</text></BalloonStyle></Style>
  <Style id="BlackNNE"><IconStyle><Icon><href>http://downloads.swiftnav.com/kml-icons/track-1.png</href></Icon><color>FF000000</color><scale>1.2</scale></IconStyle><BalloonStyle><bgColor>FFDDFFFF</bgColor><text>$[description]</text></BalloonStyle></Style>
  <Style id="BlackNE"><IconStyle><Icon><href>http://downloads.swiftnav.com/kml-icons/track-2.png</href></Icon><color>FF000000</color><scale>1.2</scale></IconStyle><BalloonStyle><bgColor>FFDDFFFF</bgColor><text>$[description]</text></BalloonStyle></Style>
  <Style id="BlackENE"><IconStyle><Icon><href>http://downloads.swiftnav.com/kml-icons/track-3.png</href></Icon><color>FF000000</color><scale>1.2</scale></IconStyle><BalloonStyle><bgColor>FFDDFFFF</bgColor><text>$[description]</text></BalloonStyle></Style>
  <Style id="BlackE"><IconStyle><Icon><href>http://downloads.swiftnav.com/kml-icons/track-4.png</href></Icon><color>FF000000</color><scale>1.2</scale></IconStyle><BalloonStyle><bgColor>FFDDFFFF</bgColor><text>$[description]</text></BalloonStyle></Style>
  <Style id="BlackESE"><IconStyle><Icon><href>http://downloads.swiftnav.com/kml-icons/track-5.png</href></Icon><color>FF000000</color><scale>1.2</scale></IconStyle><BalloonStyle><bgColor>FFDDFFFF</bgColor><text>$[description]</text></BalloonStyle></Style>
  <Style id="BlackSE"><IconStyle><Icon><href>http://downloads.swiftnav.com/kml-icons/track-6.png</href></Icon><color>FF000000</color><scale>1.2</scale></IconStyle><BalloonStyle><bgColor>FFDDFFFF</bgColor><text>$[description]</text></BalloonStyle></Style>
  <Style id="BlackSSE"><IconStyle><Icon><href>http://downloads.swiftnav.com/kml-icons/track-7.png</href></Icon><color>FF000000</color><scale>1.2</scale></IconStyle><BalloonStyle><bgColor>FFDDFFFF</bgColor><text>$[description]</text></BalloonStyle></Style>
  <Style id="BlackS"><IconStyle><Icon><href>http://downloads.swiftnav.com/kml-icons/track-8.png</href></Icon><color>FF000000</color><scale>1.2</scale></IconStyle><BalloonStyle><bgColor>FFDDFFFF</bgColor><text>$[description]</text></BalloonStyle></Style>
  <Style id="BlackSSW"><IconStyle><Icon><href>http://downloads.swiftnav.com/kml-icons/track-9.png</href></Icon><color>FF000000</color><scale>1.2</scale></IconStyle><BalloonStyle><bgColor>FFDDFFFF</bgColor><text>$[description]</text></BalloonStyle></Style>
  <Style id="BlackSW"><IconStyle><Icon><href>http://downloads.swiftnav.com/kml-icons/track-10.png</href></Icon><color>FF000000</color><scale>1.2</scale></IconStyle><BalloonStyle><bgColor>FFDDFFFF</bgColor><text>$[description]</text></BalloonStyle></Style>
  <Style id="BlackWSW"><IconStyle><Icon><href>http://downloads.swiftnav.com/kml-icons/track-11.png</href></Icon><color>FF000000</color><scale>1.2</scale></IconStyle><BalloonStyle><bgColor>FFDDFFFF</bgColor><text>$[description]</text></BalloonStyle></Style>
  <Style id="BlackW"><IconStyle><Icon><href>http://downloads.swiftnav.com/kml-icons/track-12.png</href></Icon><color>FF000000</color><scale>1.2</scale></IconStyle><BalloonStyle><bgColor>FFDDFFFF</bgColor><text>$[description]</text></BalloonStyle></Style>
  <Style id="BlackWNW"><IconStyle><Icon><href>http://downloads.swiftnav.com/kml-icons/track-13.png</href></Icon><color>FF000000</color><scale>1.2</scale></IconStyle><BalloonStyle><bgColor>FFDDFFFF</bgColor><text>$[description]</text></BalloonStyle></Style>
  <Style id="BlackNW"><IconStyle><Icon><href>http://downloads.swiftnav.com/kml-icons/track-14.png</href></Icon><color>FF000000</color><scale>1.2</scale></IconStyle><BalloonStyle><bgColor>FFDDFFFF</bgColor><text>$[description]</text></BalloonStyle></Style>
  <Style id="BlackNNW"><IconStyle><Icon><href>http://downloads.swiftnav.com/kml-icons/track-15.png</href></Icon><color>FF000000</color><scale>1.2</scale></IconStyle><BalloonStyle><bgColor>FFDDFFFF</bgColor><text>$[description]</text></BalloonStyle></Style>
  <Style id="RedStatic"><IconStyle><Icon><href>http://downloads.swiftnav.com/kml-icons/track-none.png</href></Icon><color>FF0000FF</color><scale>1.2</scale></IconStyle><BalloonStyle><bgColor>FFDDFFFF</bgColor><text>$[description]</text></BalloonStyle></Style>
  <Style id="RedN"><IconStyle><Icon><href>http://downloads.swiftnav.com/kml-icons/track-0.png</href></Icon><color>FF0000FF</color><scale>1.2</scale></IconStyle><BalloonStyle><bgColor>FFDDFFFF</bgColor><text>$[description]</text></BalloonStyle></Style>
  <Style id="RedNNE"><IconStyle><Icon><href>http://downloads.swiftnav.com/kml-icons/track-1.png</href></Icon><color>FF0000FF</color><scale>1.2</scale></IconStyle><BalloonStyle><bgColor>FFDDFFFF</bgColor><text>$[description]</text></BalloonStyle></Style>
  <Style id="RedNE"><IconStyle><Icon><href>http://downloads.swiftnav.com/kml-icons/track-2.png</href></Icon><color>FF0000FF</color><scale>1.2</scale></IconStyle><BalloonStyle><bgColor>FFDDFFFF</bgColor><text>$[description]</text></BalloonStyle></Style>
  <Style id="RedENE"><IconStyle><Icon><href>http://downloads.swiftnav.com/kml-icons/track-3.png</href></Icon><color>FF0000FF</color><scale>1.2</scale></IconStyle><BalloonStyle><bgColor>FFDDFFFF</bgColor><text>$[description]</text></BalloonStyle></Style>
  <Style id="RedE"><IconStyle><Icon><href>http://downloads.swiftnav.com/kml-icons/track-4.png</href></Icon><color>FF0000FF</color><scale>1.2</scale></IconStyle><BalloonStyle><bgColor>FFDDFFFF</bgColor><text>$[description]</text></BalloonStyle></Style>
  <Style id="RedESE"><IconStyle><Icon><href>http://downloads.swiftnav.com/kml-icons/track-5.png</href></Icon><color>FF0000FF</color><scale>1.2</scale></IconStyle><BalloonStyle><bgColor>FFDDFFFF</bgColor><text>$[description]</text></BalloonStyle></Style>
  <Style id="RedSE"><IconStyle><Icon><href>http://downloads.swiftnav.com/kml-icons/track-6.png</href></Icon><color>FF0000FF</color><scale>1.2</scale></IconStyle><BalloonStyle><bgColor>FFDDFFFF</bgColor><text>$[description]</text></BalloonStyle></Style>
  <Style id="RedSSE"><IconStyle><Icon><href>http://downloads.swiftnav.com/kml-icons/track-7.png</href></Icon><color>FF0000FF</color><scale>1.2</scale></IconStyle><BalloonStyle><bgColor>FFDDFFFF</bgColor><text>$[description]</text></BalloonStyle></Style>
  <Style id="RedS"><IconStyle><Icon><href>http://downloads.swiftnav.com/kml-icons/track-8.png</href></Icon><color>FF0000FF</color><scale>1.2</scale></IconStyle><BalloonStyle><bgColor>FFDDFFFF</bgColor><text>$[description]</text></BalloonStyle></Style>
  <Style id="RedSSW"><IconStyle><Icon><href>http://downloads.swiftnav.com/kml-icons/track-9.png</href></Icon><color>FF0000FF</color><scale>1.2</scale></IconStyle><BalloonStyle><bgColor>FFDDFFFF</bgColor><text>$[description]</text></BalloonStyle></Style>
  <Style id="RedSW"><IconStyle><Icon><href>http://downloads.swiftnav.com/kml-icons/track-10.png</href></Icon><color>FF0000FF</color><scale>1.2</scale></IconStyle><BalloonStyle><bgColor>FFDDFFFF</bgColor><text>$[description]</text></BalloonStyle></Style>
  <Style id="RedWSW"><IconStyle><Icon><href>http://downloads.swiftnav.com/kml-icons/track-11.png</href></Icon><color>FF0000FF</color><scale>1.2</scale></IconStyle><BalloonStyle><bgColor>FFDDFFFF</bgColor><text>$[description]</text></BalloonStyle></Style>
  <Style id="RedW"><IconStyle><Icon><href>http://downloads.swiftnav.com/kml-icons/track-12.png</href></Icon><color>FF0000FF</color><scale>1.2</scale></IconStyle><BalloonStyle><bgColor>FFDDFFFF</bgColor><text>$[description]</text></BalloonStyle></Style>
  <Style id="RedWNW"><IconStyle><Icon><href>http://downloads.swiftnav.com/kml-icons/track-13.png</href></Icon><color>FF0000FF</color><scale>1.2</scale></IconStyle><BalloonStyle><bgColor>FFDDFFFF</bgColor><text>$[description]</text></BalloonStyle></Style>
  <Style id="RedNW"><IconStyle><Icon><href>http://downloads.swiftnav.com/kml-icons/track-14.png</href></Icon><color>FF0000FF</color><scale>1.2</scale></IconStyle><BalloonStyle><bgColor>FFDDFFFF</bgColor><text>$[description]</text></BalloonStyle></Style>
  <Style id="RedNNW"><IconStyle><Icon><href>http://downloads.swiftnav.com/kml-icons/track-15.png</href></Icon><color>FF0000FF</color><scale>1.2</scale></IconStyle><BalloonStyle><bgColor>FFDDFFFF</bgColor><text>$[description]</text></BalloonStyle></Style>
  <Style id="GreenStatic"><IconStyle><Icon><href>http://downloads.swiftnav.com/kml-icons/track-none.png</href></Icon><color>FF00FF00</color><scale>1.2</scale></IconStyle><BalloonStyle><bgColor>FFDDFFFF</bgColor><text>$[description]</text></BalloonStyle></Style>
  <Style id="GreenN"><IconStyle><Icon><href>http://downloads.swiftnav.com/kml-icons/track-0.png</href></Icon><color>FF00FF00</color><scale>1.2</scale></IconStyle><BalloonStyle><bgColor>FFDDFFFF</bgColor><text>$[description]</text></BalloonStyle></Style>
  <Style id="GreenNNE"><IconStyle><Icon><href>http://downloads.swiftnav.com/kml-icons/track-1.png</href></Icon><color>FF00FF00</color><scale>1.2</scale></IconStyle><BalloonStyle><bgColor>FFDDFFFF</bgColor><text>$[description]</text></BalloonStyle></Style>
  <Style id="GreenNE"><IconStyle><Icon><href>http://downloads.swiftnav.com/kml-icons/track-2.png</href></Icon><color>FF00FF00</color><scale>1.2</scale></IconStyle><BalloonStyle><bgColor>FFDDFFFF</bgColor><text>$[description]</text></BalloonStyle></Style>
  <Style id="GreenENE"><IconStyle><Icon><href>http://downloads.swiftnav.com/kml-icons/track-3.png</href></Icon><color>FF00FF00</color><scale>1.2</scale></IconStyle><BalloonStyle><bgColor>FFDDFFFF</bgColor><text>$[description]</text></BalloonStyle></Style>
  <Style id="GreenE"><IconStyle><Icon><href>http://downloads.swiftnav.com/kml-icons/track-4.png</href></Icon><color>FF00FF00</color><scale>1.2</scale></IconStyle><BalloonStyle><bgColor>FFDDFFFF</bgColor><text>$[description]</text></BalloonStyle></Style>
  <Style id="GreenESE"><IconStyle><Icon><href>http://downloads.swiftnav.com/kml-icons/track-5.png</href></Icon><color>FF00FF00</color><scale>1.2</scale></IconStyle><BalloonStyle><bgColor>FFDDFFFF</bgColor><text>$[description]</text></BalloonStyle></Style>
  <Style id="GreenSE"><IconStyle><Icon><href>http://downloads.swiftnav.com/kml-icons/track-6.png</href></Icon><color>FF00FF00</color><scale>1.2</scale></IconStyle><BalloonStyle><bgColor>FFDDFFFF</bgColor><text>$[description]</text></BalloonStyle></Style>
  <Style id="GreenSSE"><IconStyle><Icon><href>http://downloads.swiftnav.com/kml-icons/track-7.png</href></Icon><color>FF00FF00</color><scale>1.2</scale></IconStyle><BalloonStyle><bgColor>FFDDFFFF</bgColor><text>$[description]</text></BalloonStyle></Style>
  <Style id="GreenS"><IconStyle><Icon><href>http://downloads.swiftnav.com/kml-icons/track-8.png</href></Icon><color>FF00FF00</color><scale>1.2</scale></IconStyle><BalloonStyle><bgColor>FFDDFFFF</bgColor><text>$[description]</text></BalloonStyle></Style>
  <Style id="GreenSSW"><IconStyle><Icon><href>http://downloads.swiftnav.com/kml-icons/track-9.png</href></Icon><color>FF00FF00</color><scale>1.2</scale></IconStyle><BalloonStyle><bgColor>FFDDFFFF</bgColor><text>$[description]</text></BalloonStyle></Style>
  <Style id="GreenSW"><IconStyle><Icon><href>http://downloads.swiftnav.com/kml-icons/track-10.png</href></Icon><color>FF00FF00</color><scale>1.2</scale></IconStyle><BalloonStyle><bgColor>FFDDFFFF</bgColor><text>$[description]</text></BalloonStyle></Style>
  <Style id="GreenWSW"><IconStyle><Icon><href>http://downloads.swiftnav.com/kml-icons/track-11.png</href></Icon><color>FF00FF00</color><scale>1.2</scale></IconStyle><BalloonStyle><bgColor>FFDDFFFF</bgColor><text>$[description]</text></BalloonStyle></Style>
  <Style id="GreenW"><IconStyle><Icon><href>http://downloads.swiftnav.com/kml-icons/track-12.png</href></Icon><color>FF00FF00</color><scale>1.2</scale></IconStyle><BalloonStyle><bgColor>FFDDFFFF</bgColor><text>$[description]</text></BalloonStyle></Style>
  <Style id="GreenWNW"><IconStyle><Icon><href>http://downloads.swiftnav.com/kml-icons/track-13.png</href></Icon><color>FF00FF00</color><scale>1.2</scale></IconStyle><BalloonStyle><bgColor>FFDDFFFF</bgColor><text>$[description]</text></BalloonStyle></Style>
  <Style id="GreenNW"><IconStyle><Icon><href>http://downloads.swiftnav.com/kml-icons/track-14.png</href></Icon><color>FF00FF00</color><scale>1.2</scale></IconStyle><BalloonStyle><bgColor>FFDDFFFF</bgColor><text>$[description]</text></BalloonStyle></Style>
  <Style id="GreenNNW"><IconStyle><Icon><href>http://downloads.swiftnav.com/kml-icons/track-15.png</href></Icon><color>FF00FF00</color><scale>1.2</scale></IconStyle><BalloonStyle><bgColor>FFDDFFFF</bgColor><text>$[description]</text></BalloonStyle></Style>
  <Style id="BlueStatic"><IconStyle><Icon><href>http://downloads.swiftnav.com/kml-icons/track-none.png</href></Icon><color>FFFF0000</color><scale>1.2</scale></IconStyle><BalloonStyle><bgColor>FFDDFFFF</bgColor><text>$[description]</text></BalloonStyle></Style>
  <Style id="BlueN"><IconStyle><Icon><href>http://downloads.swiftnav.com/kml-icons/track-0.png</href></Icon><color>FFFF0000</color><scale>1.2</scale></IconStyle><BalloonStyle><bgColor>FFDDFFFF</bgColor><text>$[description]</text></BalloonStyle></Style>
  <Style id="BlueNNE"><IconStyle><Icon><href>http://downloads.swiftnav.com/kml-icons/track-1.png</href></Icon><color>FFFF0000</color><scale>1.2</scale></IconStyle><BalloonStyle><bgColor>FFDDFFFF</bgColor><text>$[description]</text></BalloonStyle></Style>
  <Style id="BlueNE"><IconStyle><Icon><href>http://downloads.swiftnav.com/kml-icons/track-2.png</href></Icon><color>FFFF0000</color><scale>1.2</scale></IconStyle><BalloonStyle><bgColor>FFDDFFFF</bgColor><text>$[description]</text></BalloonStyle></Style>
  <Style id="BlueENE"><IconStyle><Icon><href>http://downloads.swiftnav.com/kml-icons/track-3.png</href></Icon><color>FFFF0000</color><scale>1.2</scale></IconStyle><BalloonStyle><bgColor>FFDDFFFF</bgColor><text>$[description]</text></BalloonStyle></Style>
  <Style id="BlueE"><IconStyle><Icon><href>http://downloads.swiftnav.com/kml-icons/track-4.png</href></Icon><color>FFFF0000</color><scale>1.2</scale></IconStyle><BalloonStyle><bgColor>FFDDFFFF</bgColor><text>$[description]</text></BalloonStyle></Style>
  <Style id="BlueESE"><IconStyle><Icon><href>http://downloads.swiftnav.com/kml-icons/track-5.png</href></Icon><color>FFFF0000</color><scale>1.2</scale></IconStyle><BalloonStyle><bgColor>FFDDFFFF</bgColor><text>$[description]</text></BalloonStyle></Style>
  <Style id="BlueSE"><IconStyle><Icon><href>http://downloads.swiftnav.com/kml-icons/track-6.png</href></Icon><color>FFFF0000</color><scale>1.2</scale></IconStyle><BalloonStyle><bgColor>FFDDFFFF</bgColor><text>$[description]</text></BalloonStyle></Style>
  <Style id="BlueSSE"><IconStyle><Icon><href>http://downloads.swiftnav.com/kml-icons/track-7.png</href></Icon><color>FFFF0000</color><scale>1.2</scale></IconStyle><BalloonStyle><bgColor>FFDDFFFF</bgColor><text>$[description]</text></BalloonStyle></Style>
  <Style id="BlueS"><IconStyle><Icon><href>http://downloads.swiftnav.com/kml-icons/track-8.png</href></Icon><color>FFFF0000</color><scale>1.2</scale></IconStyle><BalloonStyle><bgColor>FFDDFFFF</bgColor><text>$[description]</text></BalloonStyle></Style>
  <Style id="BlueSSW"><IconStyle><Icon><href>http://downloads.swiftnav.com/kml-icons/track-9.png</href></Icon><color>FFFF0000</color><scale>1.2</scale></IconStyle><BalloonStyle><bgColor>FFDDFFFF</bgColor><text>$[description]</text></BalloonStyle></Style>
  <Style id="BlueSW"><IconStyle><Icon><href>http://downloads.swiftnav.com/kml-icons/track-10.png</href></Icon><color>FFFF0000</color><scale>1.2</scale></IconStyle><BalloonStyle><bgColor>FFDDFFFF</bgColor><text>$[description]</text></BalloonStyle></Style>
  <Style id="BlueWSW"><IconStyle><Icon><href>http://downloads.swiftnav.com/kml-icons/track-11.png</href></Icon><color>FFFF0000</color><scale>1.2</scale></IconStyle><BalloonStyle><bgColor>FFDDFFFF</bgColor><text>$[description]</text></BalloonStyle></Style>
  <Style id="BlueW"><IconStyle><Icon><href>http://downloads.swiftnav.com/kml-icons/track-12.png</href></Icon><color>FFFF0000</color><scale>1.2</scale></IconStyle><BalloonStyle><bgColor>FFDDFFFF</bgColor><text>$[description]</text></BalloonStyle></Style>
  <Style id="BlueWNW"><IconStyle><Icon><href>http://downloads.swiftnav.com/kml-icons/track-13.png</href></Icon><color>FFFF0000</color><scale>1.2</scale></IconStyle><BalloonStyle><bgColor>FFDDFFFF</bgColor><text>$[description]</text></BalloonStyle></Style>
  <Style id="BlueNW"><IconStyle><Icon><href>http://downloads.swiftnav.com/kml-icons/track-14.png</href></Icon><color>FFFF0000</color><scale>1.2</scale></IconStyle><BalloonStyle><bgColor>FFDDFFFF</bgColor><text>$[description]</text></BalloonStyle></Style>
  <Style id="BlueNNW"><IconStyle><Icon><href>http://downloads.swiftnav.com/kml-icons/track-15.png</href></Icon><color>FFFF0000</color><scale>1.2</scale></IconStyle><BalloonStyle><bgColor>FFDDFFFF</bgColor><text>$[description]</text></BalloonStyle></Style>
  <Style id="PurpleStatic"><IconStyle><Icon><href>http://downloads.swiftnav.com/kml-icons/track-none.png</href></Icon><color>FFFF00FF</color><scale>1.2</scale></IconStyle><BalloonStyle><bgColor>FFDDFFFF</bgColor><text>$[description]</text></BalloonStyle></Style>
  <Style id="PurpleN"><IconStyle><Icon><href>http://downloads.swiftnav.com/kml-icons/track-0.png</href></Icon><color>FFFF00FF</color><scale>1.2</scale></IconStyle><BalloonStyle><bgColor>FFDDFFFF</bgColor><text>$[description]</text></BalloonStyle></Style>
  <Style id="PurpleNNE"><IconStyle><Icon><href>http://downloads.swiftnav.com/kml-icons/track-1.png</href></Icon><color>FFFF00FF</color><scale>1.2</scale></IconStyle><BalloonStyle><bgColor>FFDDFFFF</bgColor><text>$[description]</text></BalloonStyle></Style>
  <Style id="PurpleNE"><IconStyle><Icon><href>http://downloads.swiftnav.com/kml-icons/track-2.png</href></Icon><color>FFFF00FF</color><scale>1.2</scale></IconStyle><BalloonStyle><bgColor>FFDDFFFF</bgColor><text>$[description]</text></BalloonStyle></Style>
  <Style id="PurpleENE"><IconStyle><Icon><href>http://downloads.swiftnav.com/kml-icons/track-3.png</href></Icon><color>FFFF00FF</color><scale>1.2</scale></IconStyle><BalloonStyle><bgColor>FFDDFFFF</bgColor><text>$[description]</text></BalloonStyle></Style>
  <Style id="PurpleE"><IconStyle><Icon><href>http://downloads.swiftnav.com/kml-icons/track-4.png</href></Icon><color>FFFF00FF</color><scale>1.2</scale></IconStyle><BalloonStyle><bgColor>FFDDFFFF</bgColor><text>$[description]</text></BalloonStyle></Style>
  <Style id="PurpleESE"><IconStyle><Icon><href>http://downloads.swiftnav.com/kml-icons/track-5.png</href></Icon><color>FFFF00FF</color><scale>1.2</scale></IconStyle><BalloonStyle><bgColor>FFDDFFFF</bgColor><text>$[description]</text></BalloonStyle></Style>
  <Style id="PurpleSE"><IconStyle><Icon><href>http://downloads.swiftnav.com/kml-icons/track-6.png</href></Icon><color>FFFF00FF</color><scale>1.2</scale></IconStyle><BalloonStyle><bgColor>FFDDFFFF</bgColor><text>$[description]</text></BalloonStyle></Style>
  <Style id="PurpleSSE"><IconStyle><Icon><href>http://downloads.swiftnav.com/kml-icons/track-7.png</href></Icon><color>FFFF00FF</color><scale>1.2</scale></IconStyle><BalloonStyle><bgColor>FFDDFFFF</bgColor><text>$[description]</text></BalloonStyle></Style>
  <Style id="PurpleS"><IconStyle><Icon><href>http://downloads.swiftnav.com/kml-icons/track-8.png</href></Icon><color>FFFF00FF</color><scale>1.2</scale></IconStyle><BalloonStyle><bgColor>FFDDFFFF</bgColor><text>$[description]</text></BalloonStyle></Style>
  <Style id="PurpleSSW"><IconStyle><Icon><href>http://downloads.swiftnav.com/kml-icons/track-9.png</href></Icon><color>FFFF00FF</color><scale>1.2</scale></IconStyle><BalloonStyle><bgColor>FFDDFFFF</bgColor><text>$[description]</text></BalloonStyle></Style>
  <Style id="PurpleSW"><IconStyle><Icon><href>http://downloads.swiftnav.com/kml-icons/track-10.png</href></Icon><color>FFFF00FF</color><scale>1.2</scale></IconStyle><BalloonStyle><bgColor>FFDDFFFF</bgColor><text>$[description]</text></BalloonStyle></Style>
  <Style id="PurpleWSW"><IconStyle><Icon><href>http://downloads.swiftnav.com/kml-icons/track-11.png</href></Icon><color>FFFF00FF</color><scale>1.2</scale></IconStyle><BalloonStyle><bgColor>FFDDFFFF</bgColor><text>$[description]</text></BalloonStyle></Style>
  <Style id="PurpleW"><IconStyle><Icon><href>http://downloads.swiftnav.com/kml-icons/track-12.png</href></Icon><color>FFFF00FF</color><scale>1.2</scale></IconStyle><BalloonStyle><bgColor>FFDDFFFF</bgColor><text>$[description]</text></BalloonStyle></Style>
  <Style id="PurpleWNW"><IconStyle><Icon><href>http://downloads.swiftnav.com/kml-icons/track-13.png</href></Icon><color>FFFF00FF</color><scale>1.2</scale></IconStyle><BalloonStyle><bgColor>FFDDFFFF</bgColor><text>$[description]</text></BalloonStyle></Style>
  <Style id="PurpleNW"><IconStyle><Icon><href>http://downloads.swiftnav.com/kml-icons/track-14.png</href></Icon><color>FFFF00FF</color><scale>1.2</scale></IconStyle><BalloonStyle><bgColor>FFDDFFFF</bgColor><text>$[description]</text></BalloonStyle></Style>
  <Style id="PurpleNNW"><IconStyle><Icon><href>http://downloads.swiftnav.com/kml-icons/track-15.png</href></Icon><color>FFFF00FF</color><scale>1.2</scale></IconStyle><BalloonStyle><bgColor>FFDDFFFF</bgColor><text>$[description]</text></BalloonStyle></Style>
  <Style id="CyanStatic"><IconStyle><Icon><href>http://downloads.swiftnav.com/kml-icons/track-none.png</href></Icon><color>FFFFFF00</color><scale>1.2</scale></IconStyle><BalloonStyle><bgColor>FFDDFFFF</bgColor><text>$[description]</text></BalloonStyle></Style>
  <Style id="CyanN"><IconStyle><Icon><href>http://downloads.swiftnav.com/kml-icons/track-0.png</href></Icon><color>FFFFFF00</color><scale>1.2</scale></IconStyle><BalloonStyle><bgColor>FFDDFFFF</bgColor><text>$[description]</text></BalloonStyle></Style>
  <Style id="CyanNNE"><IconStyle><Icon><href>http://downloads.swiftnav.com/kml-icons/track-1.png</href></Icon><color>FFFFFF00</color><scale>1.2</scale></IconStyle><BalloonStyle><bgColor>FFDDFFFF</bgColor><text>$[description]</text></BalloonStyle></Style>
  <Style id="CyanNE"><IconStyle><Icon><href>http://downloads.swiftnav.com/kml-icons/track-2.png</href></Icon><color>FFFFFF00</color><scale>1.2</scale></IconStyle><BalloonStyle><bgColor>FFDDFFFF</bgColor><text>$[description]</text></BalloonStyle></Style>
  <Style id="CyanENE"><IconStyle><Icon><href>http://downloads.swiftnav.com/kml-icons/track-3.png</href></Icon><color>FFFFFF00</color><scale>1.2</scale></IconStyle><BalloonStyle><bgColor>FFDDFFFF</bgColor><text>$[description]</text></BalloonStyle></Style>
  <Style id="CyanE"><IconStyle><Icon><href>http://downloads.swiftnav.com/kml-icons/track-4.png</href></Icon><color>FFFFFF00</color><scale>1.2</scale></IconStyle><BalloonStyle><bgColor>FFDDFFFF</bgColor><text>$[description]</text></BalloonStyle></Style>
  <Style id="CyanESE"><IconStyle><Icon><href>http://downloads.swiftnav.com/kml-icons/track-5.png</href></Icon><color>FFFFFF00</color><scale>1.2</scale></IconStyle><BalloonStyle><bgColor>FFDDFFFF</bgColor><text>$[description]</text></BalloonStyle></Style>
  <Style id="CyanSE"><IconStyle><Icon><href>http://downloads.swiftnav.com/kml-icons/track-6.png</href></Icon><color>FFFFFF00</color><scale>1.2</scale></IconStyle><BalloonStyle><bgColor>FFDDFFFF</bgColor><text>$[description]</text></BalloonStyle></Style>
  <Style id="CyanSSE"><IconStyle><Icon><href>http://downloads.swiftnav.com/kml-icons/track-7.png</href></Icon><color>FFFFFF00</color><scale>1.2</scale></IconStyle><BalloonStyle><bgColor>FFDDFFFF</bgColor><text>$[description]</text></BalloonStyle></Style>
  <Style id="CyanS"><IconStyle><Icon><href>http://downloads.swiftnav.com/kml-icons/track-8.png</href></Icon><color>FFFFFF00</color><scale>1.2</scale></IconStyle><BalloonStyle><bgColor>FFDDFFFF</bgColor><text>$[description]</text></BalloonStyle></Style>
  <Style id="CyanSSW"><IconStyle><Icon><href>http://downloads.swiftnav.com/kml-icons/track-9.png</href></Icon><color>FFFFFF00</color><scale>1.2</scale></IconStyle><BalloonStyle><bgColor>FFDDFFFF</bgColor><text>$[description]</text></BalloonStyle></Style>
  <Style id="CyanSW"><IconStyle><Icon><href>http://downloads.swiftnav.com/kml-icons/track-10.png</href></Icon><color>FFFFFF00</color><scale>1.2</scale></IconStyle><BalloonStyle><bgColor>FFDDFFFF</bgColor><text>$[description]</text></BalloonStyle></Style>
  <Style id="CyanWSW"><IconStyle><Icon><href>http://downloads.swiftnav.com/kml-icons/track-11.png</href></Icon><color>FFFFFF00</color><scale>1.2</scale></IconStyle><BalloonStyle><bgColor>FFDDFFFF</bgColor><text>$[description]</text></BalloonStyle></Style>
  <Style id="CyanW"><IconStyle><Icon><href>http://downloads.swiftnav.com/kml-icons/track-12.png</href></Icon><color>FFFFFF00</color><scale>1.2</scale></IconStyle><BalloonStyle><bgColor>FFDDFFFF</bgColor><text>$[description]</text></BalloonStyle></Style>
  <Style id="CyanWNW"><IconStyle><Icon><href>http://downloads.swiftnav.com/kml-icons/track-13.png</href></Icon><color>FFFFFF00</color><scale>1.2</scale></IconStyle><BalloonStyle><bgColor>FFDDFFFF</bgColor><text>$[description]</text></BalloonStyle></Style>
  <Style id="CyanNW"><IconStyle><Icon><href>http://downloads.swiftnav.com/kml-icons/track-14.png</href></Icon><color>FFFFFF00</color><scale>1.2</scale></IconStyle><BalloonStyle><bgColor>FFDDFFFF</bgColor><text>$[description]</text></BalloonStyle></Style>
  <Style id="CyanNNW"><IconStyle><Icon><href>http://downloads.swiftnav.com/kml-icons/track-15.png</href></Icon><color>FFFFFF00</color><scale>1.2</scale></IconStyle><BalloonStyle><bgColor>FFDDFFFF</bgColor><text>$[description]</text></BalloonStyle></Style>
  <Style id="BasePos"><IconStyle><Icon><href>http://downloads.swiftnav.com/kml-icons/target.png</href></Icon><scale>1.5</scale></IconStyle><BalloonStyle><bgColor>FFDDFFFF</bgColor><text>$[description]</text></BalloonStyle></Style>
  <Folder><name>GNSS Position</name>
   <Placemark>
    <name>Start</name>
    <styleUrl>#GreenNNW</styleUrl><Point><coordinates>9.15603706,45.50108154,173.12</coordinates></Point>
    <description><![CDATA[<table width="250"><tr><td><p style="line-height:18px;"><font face="Arial"><b>Position Mode:</b> RTK Fixed<br><br><b>TOW:</b> 391125.200 s<br><b>Lat:</b> 45.5010815&deg;, <b>Lon:</b>   9.1560371&deg;<br><b>Alt (ellips):</b> 173.12 m (568.0 ft)<br><b>SOG:</b> 0.00 m/s (0.01 km/h, 0.01 mph)<br><b>Vertical Velocity:</b> -0.00 m/s<br><b>COG:</b> 333.4&deg;&#160;&#160;<br><br><b>SVs Tracked:</b> 24 (GPS GLO GAL BDS SBAS)<br><b>SVs Used:</b> 15<br><b>PDOP:</b> 1.6, <b>HDOP:</b> 0.8<br><b>EHPE:</b> 0.07 m, <b>EVPE:</b> 0.16 m<br><b>Baseline:</b> 203.62 m<br><b>Corrections Age:</b> 2.2 s</font></p></td></tr></table>]]></description>
   </Placemark>
   <Placemark>
    <styleUrl>#GreenE</styleUrl><Point><coordinates>9.15603706,45.50108154,173.12</coordinates></Point>
    <description><![CDATA[<table width="250"><tr><td><p style="line-height:18px;"><font face="Arial"><b>Position Mode:</b> RTK Fixed<br><br><b>UTC:</b> 2023-12-21&#160;&#160;12:38:27.299<br><b>Week:</b> 2293,  <b>TOW:</b> 391125.300 s<br><b>Lat:</b> 45.5010815&deg;, <b>Lon:</b>   9.1560371&deg;<br><b>Alt (ellips):</b> 173.12 m (568.0 ft)<br><b>SOG:</b> 0.01 m/s (0.02 km/h, 0.02 mph)<br><b>Vertical Velocity:</b> -0.00 m/s<br><b>COG:</b> 99.5&deg;&#160;&#160;<br><br><b>SVs Used:</b> 15<br><b>PDOP:</b> 1.6, <b>HDOP:</b> 0.8<br><b>EHPE:</b> 0.07 m, <b>EVPE:</b> 0.16 m<br><b>Baseline:</b> 203.62 m<br><b>Corrections Age:</b> 2.3 s</font></p></td></tr></table>]]></description>
   </Placemark>
   <Placemark>
    <styleUrl>#GreenESE</styleUrl><Point><coordinates>9.15603707,45.50108154,173.12</coordinates></Point>
    <description><![CDATA[<table width="250"><tr><td><p style="line-height:18px;"><font face="Arial"><b>Position Mode:</b> RTK Fixed<br><br><b>UTC:</b> 2023-12-21&#160;&#160;12:38:27.399<br><b>Week:</b> 2293,  <b>TOW:</b> 391125.400 s<br><b>Lat:</b> 45.5010815&deg;, <b>Lon:</b>   9.1560371&deg;<br><b>Alt (ellips):</b> 173.12 m (568.0 ft)<br><b>SOG:</b> 0.02 m/s (0.06 km/h, 0.04 mph)<br><b>Vertical Velocity:</b> -0.01 m/s<br><b>COG:</b> 106.7&deg;&#160;&#160;<br><br><b>SVs Used:</b> 15<br><b>PDOP:</b> 1.6, <b>HDOP:</b> 0.8<br><b>EHPE:</b> 0.08 m, <b>EVPE:</b> 0.17 m<br><b>Baseline:</b> 203.62 m<br><b>Corrections Age:</b> 2.4 s</font></p></td></tr></table>]]></description>
   </Placemark>
   <Placemark>
    <styleUrl>#GreenSSW</styleUrl><Point><coordinates>9.15603706,45.50108154,173.12</coordinates></Point>
    <description><![CDATA[<table width="250"><tr><td><p style="line-height:18px;"><font face="Arial"><b>Position Mode:</b> RTK Fixed<br><br><b>UTC:</b> 2023-12-21&#160;&#160;12:38:27.499<br><b>Week:</b> 2293,  <b>TOW:</b> 391125.500 s<br><b>Lat:</b> 45.5010815&deg;, <b>Lon:</b>   9.1560371&deg;<br><b>Alt (ellips):</b> 173.12 m (568.0 ft)<br><b>SOG:</b> 0.00 m/s (0.02 km/h, 0.01 mph)<br><b>Vertical Velocity:</b> -0.00 m/s<br><b>COG:</b> 213.7&deg;&#160;&#160;<br><br><b>SVs Used:</b> 15<br><b>PDOP:</b> 1.6, <b>HDOP:</b> 0.8<br><b>EHPE:</b> 0.07 m, <b>EVPE:</b> 0.15 m<br><b>Baseline:</b> 203.62 m<br><b>Corrections Age:</b> 1.5 s</font></p></td></tr></table>]]></description>
   </Placemark>
   <Placemark>
    <styleUrl>#GreenWSW</styleUrl><Point><coordinates>9.15603706,45.50108155,173.12</coordinates></Point>
    <description><![CDATA[<table width="250"><tr><td><p style="line-height:18px;"><font face="Arial"><b>Position Mode:</b> RTK Fixed<br><br><b>UTC:</b> 2023-12-21&#160;&#160;12:38:27.599<br><b>Week:</b> 2293,  <b>TOW:</b> 391125.600 s<br><b>Lat:</b> 45.5010815&deg;, <b>Lon:</b>   9.1560371&deg;<br><b>Alt (ellips):</b> 173.12 m (568.0 ft)<br><b>SOG:</b> 0.01 m/s (0.05 km/h, 0.03 mph)<br><b>Vertical Velocity:</b> 0.01 m/s<br><b>COG:</b> 251.6&deg;&#160;&#160;<br><br><b>SVs Used:</b> 15<br><b>PDOP:</b> 1.6, <b>HDOP:</b> 0.8<br><b>EHPE:</b> 0.07 m, <b>EVPE:</b> 0.15 m<br><b>Baseline:</b> 203.62 m<br><b>Corrections Age:</b> 1.6 s</font></p></td></tr></table>]]></description>
   </Placemark>
   <Placemark>
    <styleUrl>#GreenESE</styleUrl><Point><coordinates>9.15603706,45.50108154,173.12</coordinates></Point>
    <description><![CDATA[<table width="250"><tr><td><p style="line-height:18px;"><font face="Arial"><b>Position Mode:</b> RTK Fixed<br><br><b>UTC:</b> 2023-12-21&#160;&#160;12:38:27.699<br><b>Week:</b> 2293,  <b>TOW:</b> 391125.700 s<br><b>Lat:</b> 45.5010815&deg;, <b>Lon:</b>   9.1560371&deg;<br><b>Alt (ellips):</b> 173.12 m (568.0 ft)<br><b>SOG:</b> 0.01 m/s (0.04 km/h, 0.02 mph)<br><b>Vertical Velocity:</b> 0.01 m/s<br><b>COG:</b> 123.7&deg;&#160;&#160;<br><br><b>SVs Tracked:</b> 19 (GPS GAL BDS SBAS)<br><b>SVs Used:</b> 15<br><b>PDOP:</b> 1.6, <b>HDOP:</b> 0.8<br><b>EHPE:</b> 0.07 m, <b>EVPE:</b> 0.16 m<br><b>Baseline:</b> 203.62 m<br><b>Corrections Age:</b> 1.7 s</font></p></td></tr></table>]]></description>
   </Placemark>
   <Placemark>
    <styleUrl>#GreenE</styleUrl><Point><coordinates>9.15603707,45.50108155,173.12</coordinates></Point>
    <description><![CDATA[<table width="250"><tr><td><p style="line-height:18px;"><font face="Arial"><b>Position Mode:</b> RTK Fixed<br><br><b>UTC:</b> 2023-12-21&#160;&#160;12:38:27.799<br><b>Week:</b> 2293,  <b>TOW:</b> 391125.800 s<br><b>Lat:</b> 45.5010815&deg;, <b>Lon:</b>   9.1560371&deg;<br><b>Alt (ellips):</b> 173.12 m (568.0 ft)<br><b>SOG:</b> 0.01 m/s (0.05 km/h, 0.03 mph)<br><b>Vertical Velocity:</b> -0.01 m/s<br><b>COG:</b> 79.7&deg;&#160;&#160;<br><br><b>SVs Used:</b> 15<br><b>PDOP:</b> 1.6, <b>HDOP:</b> 0.8<br><b>EHPE:</b> 0.07 m, <b>EVPE:</b> 0.16 m<br><b>Baseline:</b> 203.62 m<br><b>Corrections Age:</b> 1.8 s</font></p></td></tr></table>]]></description>
   </Placemark>
   <Placemark>
    <styleUrl>#GreenENE</styleUrl><Point><coordinates>9.15603707,45.50108155,173.12</coordinates></Point>
    <description><![CDATA[<table width="250"><tr><td><p style="line-height:18px;"><font face="Arial"><b>Position Mode:</b> RTK Fixed<br><br><b>UTC:</b> 2023-12-21&#160;&#160;12:38:27.899<br><b>Week:</b> 2293,  <b>TOW:</b> 391125.900 s<br><b>Lat:</b> 45.5010815&deg;, <b>Lon:</b>   9.1560371&deg;<br><b>Alt (ellips):</b> 173.12 m (568.0 ft)<br><b>SOG:</b> 0.00 m/s (0.01 km/h, 0.01 mph)<br><b>Vertical Velocity:</b> -0.00 m/s<br><b>COG:</b> 71.6&deg;&#160;&#160;<br><br><b>SVs Used:</b> 15<br><b>PDOP:</b> 1.6, <b>HDOP:</b> 0.8<br><b>EHPE:</b> 0.07 m, <b>EVPE:</b> 0.16 m<br><b>Baseline:</b> 203.62 m<br><b>Corrections Age:</b> 1.9 s</font></p></td></tr></table>]]></description>
   </Placemark>
   <Placemark>
    <styleUrl>#GreenSSW</styleUrl><Point><coordinates>9.15603706,45.50108154,173.12</coordinates></Point>
    <description><![CDATA[<table width="250"><tr><td><p style="line-height:18px;"><font face="Arial"><b>Position Mode:</b> RTK Fixed<br><br><b>UTC:</b> 2023-12-21&#160;&#160;12:38:27.999<br><b>Week:</b> 2293,  <b>TOW:</b> 391126.000 s<br><b>Lat:</b> 45.5010815&deg;, <b>Lon:</b>   9.1560371&deg;<br><b>Alt (ellips):</b> 173.12 m (568.0 ft)<br><b>SOG:</b> 0.02 m/s (0.06 km/h, 0.04 mph)<br><b>Vertical Velocity:</b> -0.01 m/s<br><b>COG:</b> 195.9&deg;&#160;&#160;<br><br><b>SVs Used:</b> 15<br><b>PDOP:</b> 1.6, <b>HDOP:</b> 0.8<br><b>EHPE:</b> 0.07 m, <b>EVPE:</b> 0.16 m<br><b>Baseline:</b> 203.62 m<br><b>Corrections Age:</b> 2.0 s</font></p></td></tr></table>]]></description>
   </Placemark>
   <Placemark>
    <styleUrl>#GreenNNE</styleUrl><Point><coordinates>9.15603706,45.50108154,173.12</coordinates></Point>
    <description><![CDATA[<table width="250"><tr><td><p style="line-height:18px;"><font face="Arial"><b>Position Mode:</b> RTK Fixed<br><br><b>UTC:</b> 2023-12-21&#160;&#160;12:38:28.099<br><b>Week:</b> 2293,  <b>TOW:</b> 391126.100 s<br><b>Lat:</b> 45.5010815&deg;, <b>Lon:</b>   9.1560371&deg;<br><b>Alt (ellips):</b> 173.12 m (568.0 ft)<br><b>SOG:</b> 0.02 m/s (0.07 km/h, 0.04 mph)<br><b>Vertical Velocity:</b> -0.02 m/s<br><b>COG:</b> 11.3&deg;&#160;&#160;<br><br><b>SVs Used:</b> 15<br><b>PDOP:</b> 1.6, <b>HDOP:</b> 0.8<br><b>EHPE:</b> 0.07 m, <b>EVPE:</b> 0.16 m<br><b>Baseline:</b> 203.62 m<br><b>Corrections Age:</b> 2.1 s</font></p></td></tr></table>]]></description>
   </Placemark>
   <Placemark>
    <styleUrl>#GreenSSE</styleUrl><Point><coordinates>9.15603707,45.50108154,173.12</coordinates></Point>
    <description><![CDATA[<table width="250"><tr><td><p style="line-height:18px;"><font face="Arial"><b>Position Mode:</b> RTK Fixed<br><br><b>UTC:</b> 2023-12-21&#160;&#160;12:38:28.199<br><b>Week:</b> 2293,  <b>TOW:</b> 391126.200 s<br><b>Lat:</b> 45.5010815&deg;, <b>Lon:</b>   9.1560371&deg;<br><b>Alt (ellips):</b> 173.12 m (568.0 ft)<br><b>SOG:</b> 0.03 m/s (0.11 km/h, 0.07 mph)<br><b>Vertical Velocity:</b> 0.03 m/s<br><b>COG:</b> 149.0&deg;&#160;&#160;<br><br><b>SVs Tracked:</b> 24 (GPS GLO GAL BDS SBAS)<br><b>SVs Used:</b> 15<br><b>PDOP:</b> 1.6, <b>HDOP:</b> 0.8<br><b>EHPE:</b> 0.07 m, <b>EVPE:</b> 0.17 m<br><b>Baseline:</b> 203.62 m<br><b>Corrections Age:</b> 2.2 s</font></p></td></tr></table>]]></description>
   </Placemark>
   <Placemark>
    <styleUrl>#GreenSSE</styleUrl><Point><coordinates>9.15603707,45.50108152,173.12</coordinates></Point>
    <description><![CDATA[<table width="250"><tr><td><p style="line-height:18px;"><font face="Arial"><b>Position Mode:</b> RTK Fixed<br><br><b>UTC:</b> 2023-12-21&#160;&#160;12:38:28.299<br><b>Week:</b> 2293,  <b>TOW:</b> 391126.300 s<br><b>Lat:</b> 45.5010815&deg;, <b>Lon:</b>   9.1560371&deg;<br><b>Alt (ellips):</b> 173.12 m (568.0 ft)<br><b>SOG:</b> 0.01 m/s (0.03 km/h, 0.02 mph)<br><b>Vertical Velocity:</b> -0.00 m/s<br><b>COG:</b> 150.3&deg;&#160;&#160;<br><br><b>SVs Used:</b> 15<br><b>PDOP:</b> 1.6, <b>HDOP:</b> 0.8<br><b>EHPE:</b> 0.07 m, <b>EVPE:</b> 0.15 m<br><b>Baseline:</b> 203.62 m<br><b>Corrections Age:</b> 1.3 s</font></p></td></tr></table>]]></description>
   </Placemark>
   <Placemark>
    <styleUrl>#GreenSE</styleUrl><Point><coordinates>9.15603708,45.50108152,173.12</coordinates></Point>
    <description><![CDATA[<table width="250"><tr><td><p style="line-height:18px;"><font face="Arial"><b>Position Mode:</b> RTK Fixed<br><br><b>UTC:</b> 2023-12-21&#160;&#160;12:38:28.399<br><b>Week:</b> 2293,  <b>TOW:</b> 391126.400 s<br><b>Lat:</b> 45.5010815&deg;, <b>Lon:</b>   9.1560371&deg;<br><b>Alt (ellips):</b> 173.12 m (568.0 ft)<br><b>SOG:</b> 0.01 m/s (0.02 km/h, 0.01 mph)<br><b>Vertical Velocity:</b> 0.00 m/s<br><b>COG:</b> 126.9&deg;&#160;&#160;<br><br><b>SVs Used:</b> 15<br><b>PDOP:</b> 1.6, <b>HDOP:</b> 0.8<br><b>EHPE:</b> 0.07 m, <b>EVPE:</b> 0.15 m<br><b>Baseline:</b> 203.62 m<br><b>Corrections Age:</b> 1.4 s</font></p></td></tr></table>]]></description>
   </Placemark>
   <Placemark>
    <styleUrl>#GreenSSE</styleUrl><Point><coordinates>9.15603708,45.50108152,173.12</coordinates></Point>
    <description><![CDATA[<table width="250"><tr><td><p style="line-height:18px;"><font face="Arial"><b>Position Mode:</b> RTK Fixed<br><br><b>UTC:</b> 2023-12-21&#160;&#160;12:38:28.499<br><b>Week:</b> 2293,  <b>TOW:</b> 391126.500 s<br><b>Lat:</b> 45.5010815&deg;, <b>Lon:</b>   9.1560371&deg;<br><b>Alt (ellips):</b> 173.12 m (568.0 ft)<br><b>SOG:</b> 0.03 m/s (0.10 km/h, 0.06 mph)<br><b>Vertical Velocity:</b> -0.03 m/s<br><b>COG:</b> 158.2&deg;&#160;&#160;<br><br><b>SVs Used:</b> 15<br><b>PDOP:</b> 1.6, <b>HDOP:</b> 0.8<br><b>EHPE:</b> 0.07 m, <b>EVPE:</b> 0.15 m<br><b>Baseline:</b> 203.62 m<br><b>Corrections Age:</b> 1.5 s</font></p></td></tr></table>]]></description>
   </Placemark>
   <Placemark>
    <styleUrl>#GreenNNW</styleUrl><Point><coordinates>9.15603707,45.50108153,173.12</coordinates></Point>
    <description><![CDATA[<table width="250"><tr><td><p style="line-height:18px;"><font face="Arial"><b>Position Mode:</b> RTK Fixed<br><br><b>UTC:</b> 2023-12-21&#160;&#160;12:38:28.599<br><b>Week:</b> 2293,  <b>TOW:</b> 391126.600 s<br><b>Lat:</b> 45.5010815&deg;, <b>Lon:</b>   9.1560371&deg;<br><b>Alt (ellips):</b> 173.12 m (568.0 ft)<br><b>SOG:</b> 0.01 m/s (0.05 km/h, 0.03 mph)<br><b>Vertical Velocity:</b> 0.01 m/s<br><b>COG:</b> 329.7&deg;&#160;&#160;<br><br><b>SVs Used:</b> 15<br><b>PDOP:</b> 1.6, <b>HDOP:</b> 0.8<br><b>EHPE:</b> 0.07 m, <b>EVPE:</b> 0.15 m<br><b>Baseline:</b> 203.62 m<br><b>Corrections Age:</b> 1.6 s</font></p></td></tr></table>]]></description>
   </Placemark>
   <Placemark>
    <styleUrl>#GreenSE</styleUrl><Point><coordinates>9.15603708,45.50108152,173.12</coordinates></Point>
    <description><![CDATA[<table width="250"><tr><td><p style="line-height:18px;"><font face="Arial"><b>Position Mode:</b> RTK Fixed<br><br><b>UTC:</b> 2023-12-21&#160;&#160;12:38:28.699<br><b>Week:</b> 2293,  <b>TOW:</b> 391126.700 s<br><b>Lat:</b> 45.5010815&deg;, <b>Lon:</b>   9.1560371&deg;<br><b>Alt (ellips):</b> 173.12 m (568.0 ft)<br><b>SOG:</b> 0.01 m/s (0.05 km/h, 0.03 mph)<br><b>Vertical Velocity:</b> 0.01 m/s<br><b>COG:</b> 132.0&deg;&#160;&#160;<br><br><b>SVs Tracked:</b> 19 (GPS GAL BDS SBAS)<br><b>SVs Used:</b> 15<br><b>PDOP:</b> 1.6, <b>HDOP:</b> 0.8<br><b>EHPE:</b> 0.07 m, <b>EVPE:</b> 0.15 m<br><b>Baseline:</b> 203.62 m<br><b>Corrections Age:</b> 1.7 s</font></p></td></tr></table>]]></description>
   </Placemark>
   <Placemark>
    <styleUrl>#GreenSE</styleUrl><Point><coordinates>9.15603709,45.50108152,173.12</coordinates></Point>
    <description><![CDATA[<table width="250"><tr><td><p style="line-height:18px;"><font face="Arial"><b>Position Mode:</b> RTK Fixed<br><br><b>UTC:</b> 2023-12-21&#160;&#160;12:38:28.799<br><b>Week:</b> 2293,  <b>TOW:</b> 391126.800 s<br><b>Lat:</b> 45.5010815&deg;, <b>Lon:</b>   9.1560371&deg;<br><b>Alt (ellips):</b> 173.12 m (568.0 ft)<br><b>SOG:</b> 0.02 m/s (0.08 km/h, 0.05 mph)<br><b>Vertical Velocity:</b> 0.02 m/s<br><b>COG:</b> 126.0&deg;&#160;&#160;<br><br><b>SVs Used:</b> 15<br><b>PDOP:</b> 1.6, <b>HDOP:</b> 0.8<br><b>EHPE:</b> 0.07 m, <b>EVPE:</b> 0.15 m<br><b>Baseline:</b> 203.62 m<br><b>Corrections Age:</b> 1.8 s</font></p></td></tr></table>]]></description>
   </Placemark>
   <Placemark>
    <styleUrl>#GreenNW</styleUrl><Point><coordinates>9.15603709,45.50108153,173.12</coordinates></Point>
    <description><![CDATA[<table width="250"><tr><td><p style="line-height:18px;"><font face="Arial"><b>Position Mode:</b> RTK Fixed<br><br><b>UTC:</b> 2023-12-21&#160;&#160;12:38:28.899<br><b>Week:</b> 2293,  <b>TOW:</b> 391126.900 s<br><b>Lat:</b> 45.5010815&deg;, <b>Lon:</b>   9.1560371&deg;<br><b>Alt (ellips):</b> 173.12 m (568.0 ft)<br><b>SOG:</b> 0.05 m/s (0.18 km/h, 0.11 mph)<br><b>Vertical Velocity:</b> -0.05 m/s<br><b>COG:</b> 321.3&deg;&#160;&#160;<br><br><b>SVs Used:</b> 15<br><b>PDOP:</b> 1.6, <b>HDOP:</b> 0.8<br><b>EHPE:</b> 0.07 m, <b>EVPE:</b> 0.15 m<br><b>Baseline:</b> 203.62 m<br><b>Corrections Age:</b> 1.9 s</font></p></td></tr></table>]]></description>
   </Placemark>
   <Placemark>
    <styleUrl>#GreenENE</styleUrl><Point><coordinates>9.15603709,45.50108153,173.12</coordinates></Point>
    <description><![CDATA[<table width="250"><tr><td><p style="line-height:18px;"><font face="Arial"><b>Position Mode:</b> RTK Fixed<br><br><b>UTC:</b> 2023-12-21&#160;&#160;12:38:28.999<br><b>Week:</b> 2293,  <b>TOW:</b> 391127.000 s<br><b>Lat:</b> 45.5010815&deg;, <b>Lon:</b>   9.1560371&deg;<br><b>Alt (ellips):</b> 173.12 m (568.0 ft)<br><b>SOG:</b> 0.03 m/s (0.11 km/h, 0.07 mph)<br><b>Vertical Velocity:</b> 0.03 m/s<br><b>COG:</b> 71.6&deg;&#160;&#160;<br><br><b>SVs Used:</b> 15<br><b>PDOP:</b> 1.6, <b>HDOP:</b> 0.8<br><b>EHPE:</b> 0.07 m, <b>EVPE:</b> 0.15 m<br><b>Baseline:</b> 203.62 m<br><b>Corrections Age:</b> 2.0 s</font></p></td></tr></table>]]></description>
   </Placemark>
   <Placemark>
    <styleUrl>#GreenW</styleUrl><Point><coordinates>9.15603708,45.50108153,173.12</coordinates></Point>
    <description><![CDATA[<table width="250"><tr><td><p style="line-height:18px;"><font face="Arial"><b>Position Mode:</b> RTK Fixed<br><br><b>UTC:</b> 2023-12-21&#160;&#160;12:38:29.099<br><b>Week:</b> 2293,  <b>TOW:</b> 391127.100 s<br><b>Lat:</b> 45.5010815&deg;, <b>Lon:</b>   9.1560371&deg;<br><b>Alt (ellips):</b> 173.12 m (568.0 ft)<br><b>SOG:</b> 0.01 m/s (0.03 km/h, 0.02 mph)<br><b>Vertical Velocity:</b> -0.00 m/s<br><b>COG:</b> 277.1&deg;&#160;&#160;<br><br><b>SVs Used:</b> 15<br><b>PDOP:</b> 1.6, <b>HDOP:</b> 0.8<br><b>EHPE:</b> 0.07 m, <b>EVPE:</b> 0.15 m<br><b>Baseline:</b> 203.62 m<br><b>Corrections Age:</b> 2.1 s</font></p></td></tr></table>]]></description>
   </Placemark>
   <Placemark>
    <styleUrl>#GreenESE</styleUrl><Point><coordinates>9.15603710,45.50108153,173.12</coordinates></Point>
    <description><![CDATA[<table width="250"><tr><td><p style="line-height:18px;"><font face="Arial"><b>Position Mode:</b> RTK Fixed<br><br><b>UTC:</b> 2023-12-21&#160;&#160;12:38:29.199<br><b>Week:</b> 2293,  <b>TOW:</b> 391127.200 s<br><b>Lat:</b> 45.5010815&deg;, <b>Lon:</b>   9.1560371&deg;<br><b>Alt (ellips):</b> 173.12 m (568.0 ft)<br><b>SOG:</b> 0.02 m/s (0.06 km/h, 0.03 mph)<br><b>Vertical Velocity:</b> -0.01 m/s<br><b>COG:</b> 107.1&deg;&#160;&#160;<br><br><b>SVs Tracked:</b> 24 (GPS GLO GAL BDS SBAS)<br><b>SVs Used:</b> 15<br><b>PDOP:</b> 1.6, <b>HDOP:</b> 0.8<br><b>EHPE:</b> 0.07 m, <b>EVPE:</b> 0.15 m<br><b>Baseline:</b> 203.62 m<br><b>Corrections Age:</b> 2.2 s</font></p></td></tr></table>]]></description>
   </Placemark>
   <Placemark>
    <styleUrl>#GreenWNW</styleUrl><Point><coordinates>9.15603708,45.50108153,173.12</coordinates></Point>
    <description><![CDATA[<table width="250"><tr><td><p style="line-height:18px;"><font face="Arial"><b>Position Mode:</b> RTK Fixed<br><br><b>UTC:</b> 2023-12-21&#160;&#160;12:38:29.299<br><b>Week:</b> 2293,  <b>TOW:</b> 391127.300 s<br><b>Lat:</b> 45.5010815&deg;, <b>Lon:</b>   9.1560371&deg;<br><b>Alt (ellips):</b> 173.12 m (568.0 ft)<br><b>SOG:</b> 0.01 m/s (0.04 km/h, 0.02 mph)<br><b>Vertical Velocity:</b> -0.00 m/s<br><b>COG:</b> 302.0&deg;&#160;&#160;<br><br><b>SVs Used:</b> 15<br><b>PDOP:</b> 1.6, <b>HDOP:</b> 0.8<br><b>EHPE:</b> 0.06 m, <b>EVPE:</b> 0.13 m<br><b>Baseline:</b> 203.62 m<br><b>Corrections Age:</b> 1.3 s</font></p></td></tr></table>]]></description>
   </Placemark>
   <Placemark>
    <styleUrl>#GreenENE</styleUrl><Point><coordinates>9.15603708,45.50108154,173.12</coordinates></Point>
    <description><![CDATA[<table width="250"><tr><td><p style="line-height:18px;"><font face="Arial"><b>Position Mode:</b> RTK Fixed<br><br><b>UTC:</b> 2023-12-21&#160;&#160;12:38:29.399<br><b>Week:</b> 2293,  <b>TOW:</b> 391127.400 s<br><b>Lat:</b> 45.5010815&deg;, <b>Lon:</b>   9.1560371&deg;<br><b>Alt (ellips):</b> 173.12 m (568.0 ft)<br><b>SOG:</b> 0.02 m/s (0.08 km/h, 0.05 mph)<br><b>Vertical Velocity:</b> 0.02 m/s<br><b>COG:</b> 74.1&deg;&#160;&#160;<br><br><b>SVs Used:</b> 15<br><b>PDOP:</b> 1.6, <b>HDOP:</b> 0.8<br><b>EHPE:</b> 0.06 m, <b>EVPE:</b> 0.14 m<br><b>Baseline:</b> 203.62 m<br><b>Corrections Age:</b> 1.4 s</font></p></td></tr></table>]]></description>
   </Placemark>
   <Placemark>
    <styleUrl>#GreenESE</styleUrl><Point><coordinates>9.15603708,45.50108154,173.12</coordinates></Point>
    <description><![CDATA[<table width="250"><tr><td><p style="line-height:18px;"><font face="Arial"><b>Position Mode:</b> RTK Fixed<br><br><b>UTC:</b> 2023-12-21&#160;&#160;12:38:29.499<br><b>Week:</b> 2293,  <b>TOW:</b> 391127.500 s<br><b>Lat:</b> 45.5010815&deg;, <b>Lon:</b>   9.1560371&deg;<br><b>Alt (ellips):</b> 173.12 m (568.0 ft)<br><b>SOG:</b> 0.00 m/s (0.01 km/h, 0.01 mph)<br><b>Vertical Velocity:</b> -0.00 m/s<br><b>COG:</b> 116.6&deg;&#160;&#160;<br><br><b>SVs Used:</b> 15<br><b>PDOP:</b> 1.6, <b>HDOP:</b> 0.8<br><b>EHPE:</b> 0.06 m, <b>EVPE:</b> 0.14 m<br><b>Baseline:</b> 203.62 m<br><b>Corrections Age:</b> 1.5 s</font></p></td></tr></table>]]></description>
   </Placemark>
   <Placemark>
    <styleUrl>#GreenS</styleUrl><Point><coordinates>9.15603708,45.50108153,173.12</coordinates></Point>
    <description><![CDATA[<table width="250"><tr><td><p style="line-height:18px;"><font face="Arial"><b>Position Mode:</b> RTK Fixed<br><br><b>UTC:</b> 2023-12-21&#160;&#160;12:38:29.599<br><b>Week:</b> 2293,  <b>TOW:</b> 391127.600 s<br><b>Lat:</b> 45.5010815&deg;, <b>Lon:</b>   9.1560371&deg;<br><b>Alt (ellips):</b> 173.12 m (568.0 ft)<br><b>SOG:</b> 0.03 m/s (0.10 km/h, 0.06 mph)<br><b>Vertical Velocity:</b> -0.02 m/s<br><b>COG:</b> 184.8&deg;&#160;&#160;<br><br><b>SVs Used:</b> 15<br><b>PDOP:</b> 1.6, <b>HDOP:</b> 0.8<br><b>EHPE:</b> 0.06 m, <b>EVPE:</b> 0.14 m<br><b>Baseline:</b> 203.62 m<br><b>Corrections Age:</b> 1.6 s</font></p></td></tr></table>]]></description>
   </Placemark>
   <Placemark>
    <styleUrl>#GreenNNW</styleUrl><Point><coordinates>9.15603708,45.50108153,173.12</coordinates></Point>
    <description><![CDATA[<table width="250"><tr><td><p style="line-height:18px;"><font face="Arial"><b>Position Mode:</b> RTK Fixed<br><br><b>UTC:</b> 2023-12-21&#160;&#160;12:38:29.699<br><b>Week:</b> 2293,  <b>TOW:</b> 391127.700 s<br><b>Lat:</b> 45.5010815&deg;, <b>Lon:</b>   9.1560371&deg;<br><b>Alt (ellips):</b> 173.12 m (568.0 ft)<br><b>SOG:</b> 0.01 m/s (0.03 km/h, 0.02 mph)<br><b>Vertical Velocity:</b> -0.01 m/s<br><b>COG:</b> 341.6&deg;&#160;&#160;<br><br><b>SVs Tracked:</b> 19 (GPS GAL BDS SBAS)<br><b>SVs Used:</b> 15<br><b>PDOP:</b> 1.6, <b>HDOP:</b> 0.8<br><b>EHPE:</b> 0.06 m, <b>EVPE:</b> 0.14 m<br><b>Baseline:</b> 203.62 m<br><b>Corrections Age:</b> 1.7 s</font></p></td></tr></table>]]></description>
   </Placemark>
   <Placemark>
    <styleUrl>#GreenNNW</styleUrl><Point><coordinates>9.15603708,45.50108153,173.12</coordinates></Point>
    <description><![CDATA[<table width="250"><tr><td><p style="line-height:18px;"><font face="Arial"><b>Position Mode:</b> RTK Fixed<br><br><b>UTC:</b> 2023-12-21&#160;&#160;12:38:29.799<br><b>Week:</b> 2293,  <b>TOW:</b> 391127.800 s<br><b>Lat:</b> 45.5010815&deg;, <b>Lon:</b>   9.1560371&deg;<br><b>Alt (ellips):</b> 173.12 m (568.0 ft)<br><b>SOG:</b> 0.01 m/s (0.02 km/h, 0.01 mph)<br><b>Vertical Velocity:</b> 0.00 m/s<br><b>COG:</b> 338.2&deg;&#160;&#160;<br><br><b>SVs Used:</b> 15<br><b>PDOP:</b> 1.6, <b>HDOP:</b> 0.8<br><b>EHPE:</b> 0.06 m, <b>EVPE:</b> 0.14 m<br><b>Baseline:</b> 203.62 m<br><b>Corrections Age:</b> 1.8 s</font></p></td></tr></table>]]></description>
   </Placemark>
   <Placemark>
    <styleUrl>#GreenSSE</styleUrl><Point><coordinates>9.15603708,45.50108153,173.12</coordinates></Point>
    <description><![CDATA[<table width="250"><tr><td><p style="line-height:18px;"><font face="Arial"><b>Position Mode:</b> RTK Fixed<br><br><b>UTC:</b> 2023-12-21&#160;&#160;12:38:29.899<br><b>Week:</b> 2293,  <b>TOW:</b> 391127.900 s<br><b>Lat:</b> 45.5010815&deg;, <b>Lon:</b>   9.1560371&deg;<br><b>Alt (ellips):</b> 173.12 m (568.0 ft)<br><b>SOG:</b> 0.02 m/s (0.09 km/h, 0.06 mph)<br><b>Vertical Velocity:</b> -0.02 m/s<br><b>COG:</b> 153.4&deg;&#160;&#160;<br><br><b>SVs Used:</b> 15<br><b>PDOP:</b> 1.6, <b>HDOP:</b> 0.8<br><b>EHPE:</b> 0.07 m, <b>EVPE:</b> 0.14 m<br><b>Baseline:</b> 203.62 m<br><b>Corrections Age:</b> 1.9 s</font></p></td></tr></table>]]></description>
   </Placemark>
   <Placemark>
    <styleUrl>#GreenNNE</styleUrl><Point><coordinates>9.15603708,45.50108153,173.12</coordinates></Point>
    <description><![CDATA[<table width="250"><tr><td><p style="line-height:18px;"><font face="Arial"><b>Position Mode:</b> RTK Fixed<br><br><b>UTC:</b> 2023-12-21&#160;&#160;12:38:29.999<br><b>Week:</b> 2293,  <b>TOW:</b> 391128.000 s<br><b>Lat:</b> 45.5010815&deg;, <b>Lon:</b>   9.1560371&deg;<br><b>Alt (ellips):</b> 173.12 m (568.0 ft)<br><b>SOG:</b> 0.01 m/s (0.04 km/h, 0.02 mph)<br><b>Vertical Velocity:</b> -0.01 m/s<br><b>COG:</b> 11.3&deg;&#160;&#160;<br><br><b>SVs Used:</b> 15<br><b>PDOP:</b> 1.6, <b>HDOP:</b> 0.8<br><b>EHPE:</b> 0.07 m, <b>EVPE:</b> 0.14 m<br><b>Baseline:</b> 203.62 m<br><b>Corrections Age:</b> 2.0 s</font></p></td></tr></table>]]></description>
   </Placemark>
   <Placemark>
    <styleUrl>#GreenESE</styleUrl><Point><coordinates>9.15603709,45.50108153,173.12</coordinates></Point>
    <description><![CDATA[<table width="250"><tr><td><p style="line-height:18px;"><font face="Arial"><b>Position Mode:</b> RTK Fixed<br><br><b>UTC:</b> 2023-12-21&#160;&#160;12:38:30.099<br><b>Week:</b> 2293,  <b>TOW:</b> 391128.100 s<br><b>Lat:</b> 45.5010815&deg;, <b>Lon:</b>   9.1560371&deg;<br><b>Alt (ellips):</b> 173.12 m (568.0 ft)<br><b>SOG:</b> 0.02 m/s (0.08 km/h, 0.05 mph)<br><b>Vertical Velocity:</b> -0.02 m/s<br><b>COG:</b> 101.3&deg;&#160;&#160;<br><br><b>SVs Used:</b> 15<br><b>PDOP:</b> 1.6, <b>HDOP:</b> 0.8<br><b>EHPE:</b> 0.07 m, <b>EVPE:</b> 0.15 m<br><b>Baseline:</b> 203.62 m<br><b>Corrections Age:</b> 2.1 s</font></p></td></tr></table>]]></description>
   </Placemark>
   <Placemark>
    <styleUrl>#GreenNNE</styleUrl><Point><coordinates>9.15603709,45.50108154,173.12</coordinates></Point>
    <description><![CDATA[<table width="250"><tr><td><p style="line-height:18px;"><font face="Arial"><b>Position Mode:</b> RTK Fixed<br><br><b>UTC:</b> 2023-12-21&#160;&#160;12:38:30.199<br><b>Week:</b> 2293,  <b>TOW:</b> 391128.200 s<br><b>Lat:</b> 45.5010815&deg;, <b>Lon:</b>   9.1560371&deg;<br><b>Alt (ellips):</b> 173.12 m (568.0 ft)<br><b>SOG:</b> 0.02 m/s (0.06 km/h, 0.04 mph)<br><b>Vertical Velocity:</b> 0.02 m/s<br><b>COG:</b> 33.7&deg;&#160;&#160;<br><br><b>SVs Tracked:</b> 24 (GPS GLO GAL BDS SBAS)<br><b>SVs Used:</b> 15<br><b>PDOP:</b> 1.6, <b>HDOP:</b> 0.8<br><b>EHPE:</b> 0.07 m, <b>EVPE:</b> 0.15 m<br><b>Baseline:</b> 203.62 m<br><b>Corrections Age:</b> 2.2 s</font></p></td></tr></table>]]></description>
   </Placemark>
   <Placemark>
    <styleUrl>#GreenSSE</styleUrl><Point><coordinates>9.15603709,45.50108153,173.12</coordinates></Point>
    <description><![CDATA[<table width="250"><tr><td><p style="line-height:18px;"><font face="Arial"><b>Position Mode:</b> RTK Fixed<br><br><b>UTC:</b> 2023-12-21&#160;&#160;12:38:30.299<br><b>Week:</b> 2293,  <b>TOW:</b> 391128.300 s<br><b>Lat:</b> 45.5010815&deg;, <b>Lon:</b>   9.1560371&deg;<br><b>Alt (ellips):</b> 173.12 m (568.0 ft)<br><b>SOG:</b> 0.02 m/s (0.06 km/h, 0.04 mph)<br><b>Vertical Velocity:</b> -0.01 m/s<br><b>COG:</b> 167.5&deg;&#160;&#160;<br><br><b>SVs Used:</b> 15<br><b>PDOP:</b> 1.6, <b>HDOP:</b> 0.8<br><b>EHPE:</b> 0.07 m, <b>EVPE:</b> 0.15 m<br><b>Baseline:</b> 203.62 m<br><b>Corrections Age:</b> 2.3 s</font></p></td></tr></table>]]></description>
   </Placemark>
   <Placemark>
    <styleUrl>#GreenSSW</styleUrl><Point><coordinates>9.15603707,45.50108154,173.12</coordinates></Point>
    <description><![CDATA[<table width="250"><tr><td><p style="line-height:18px;"><font face="Arial"><b>Position Mode:</b> RTK Fixed<br><br><b>UTC:</b> 2023-12-21&#160;&#160;12:38:30.399<br><b>Week:</b> 2293,  <b>TOW:</b> 391128.400 s<br><b>Lat:</b> 45.5010815&deg;, <b>Lon:</b>   9.1560371&deg;<br><b>Alt (ellips):</b> 173.12 m (568.0 ft)<br><b>SOG:</b> 0.02 m/s (0.07 km/h, 0.04 mph)<br><b>Vertical Velocity:</b> 0.02 m/s<br><b>COG:</b> 203.2&deg;&#160;&#160;<br><br><b>SVs Used:</b> 15<br><b>PDOP:</b> 1.6, <b>HDOP:</b> 0.8<br><b>EHPE:</b> 0.06 m, <b>EVPE:</b> 0.14 m<br><b>Baseline:</b> 203.62 m<br><b>Corrections Age:</b> 1.4 s</font></p></td></tr></table>]]></description>
   </Placemark>
   <Placemark>
    <styleUrl>#GreenENE</styleUrl><Point><coordinates>9.15603706,45.50108154,173.12</coordinates></Point>
    <description><![CDATA[<table width="250"><tr><td><p style="line-height:18px;"><font face="Arial"><b>Position Mode:</b> RTK Fixed<br><br><b>UTC:</b> 2023-12-21&#160;&#160;12:38:30.499<br><b>Week:</b> 2293,  <b>TOW:</b> 391128.500 s<br><b>Lat:</b> 45.5010815&deg;, <b>Lon:</b>   9.1560371&deg;<br><b>Alt (ellips):</b> 173.12 m (568.0 ft)<br><b>SOG:</b> 0.00 m/s (0.01 km/h, 0.01 mph)<br><b>Vertical Velocity:</b> -0.00 m/s<br><b>COG:</b> 63.4&deg;&#160;&#160;<br><br><b>SVs Used:</b> 15<br><b>PDOP:</b> 1.6, <b>HDOP:</b> 0.8<br><b>EHPE:</b> 0.06 m, <b>EVPE:</b> 0.14 m<br><b>Baseline:</b> 203.62 m<br><b>Corrections Age:</b> 1.5 s</font></p></td></tr></table>]]></description>
   </Placemark>
   <Placemark>
    <styleUrl>#GreenNNE</styleUrl><Point><coordinates>9.15603707,45.50108155,173.12</coordinates></Point>
    <description><![CDATA[<table width="250"><tr><td><p style="line-height:18px;"><font face="Arial"><b>Position Mode:</b> RTK Fixed<br><br><b>UTC:</b> 2023-12-21&#160;&#160;12:38:30.599<br><b>Week:</b> 2293,  <b>TOW:</b> 391128.600 s<br><b>Lat:</b> 45.5010815&deg;, <b>Lon:</b>   9.1560371&deg;<br><b>Alt (ellips):</b> 173.12 m (568.0 ft)<br><b>SOG:</b> 0.02 m/s (0.09 km/h, 0.05 mph)<br><b>Vertical Velocity:</b> -0.02 m/s<br><b>COG:</b> 14.0&deg;&#160;&#160;<br><br><b>SVs Used:</b> 15<br><b>PDOP:</b> 1.6, <b>HDOP:</b> 0.8<br><b>EHPE:</b> 0.06 m, <b>EVPE:</b> 0.14 m<br><b>Baseline:</b> 203.62 m<br><b>Corrections Age:</b> 1.6 s</font></p></td></tr></table>]]></description>
   </Placemark>
   <Placemark>
    <styleUrl>#GreenS</styleUrl><Point><coordinates>9.15603706,45.50108154,173.12</coordinates></Point>
    <description><![CDATA[<table width="250"><tr><td><p style="line-height:18px;"><font face="Arial"><b>Position Mode:</b> RTK Fixed<br><br><b>UTC:</b> 2023-12-21&#160;&#160;12:38:30.699<br><b>Week:</b> 2293,  <b>TOW:</b> 391128.700 s<br><b>Lat:</b> 45.5010815&deg;, <b>Lon:</b>   9.1560371&deg;<br><b>Alt (ellips):</b> 173.12 m (568.0 ft)<br><b>SOG:</b> 0.01 m/s (0.05 km/h, 0.03 mph)<br><b>Vertical Velocity:</b> -0.00 m/s<br><b>COG:</b> 180.0&deg;&#160;&#160;<br><br><b>SVs Tracked:</b> 19 (GPS GAL BDS SBAS)<br><b>SVs Used:</b> 15<br><b>PDOP:</b> 1.6, <b>HDOP:</b> 0.8<br><b>EHPE:</b> 0.06 m, <b>EVPE:</b> 0.14 m<br><b>Baseline:</b> 203.62 m<br><b>Corrections Age:</b> 1.7 s</font></p></td></tr></table>]]></description>
   </Placemark>
   <Placemark>
    <styleUrl>#GreenSSE</styleUrl><Point><coordinates>9.15603707,45.50108152,173.12</coordinates></Point>
    <description><![CDATA[<table width="250"><tr><td><p style="line-height:18px;"><font face="Arial"><b>Position Mode:</b> RTK Fixed<br><br><b>UTC:</b> 2023-12-21&#160;&#160;12:38:30.799<br><b>Week:</b> 2293,  <b>TOW:</b> 391128.800 s<br><b>Lat:</b> 45.5010815&deg;, <b>Lon:</b>   9.1560371&deg;<br><b>Alt (ellips):</b> 173.12 m (568.0 ft)<br><b>SOG:</b> 0.02 m/s (0.06 km/h, 0.04 mph)<br><b>Vertical Velocity:</b> 0.01 m/s<br><b>COG:</b> 167.9&deg;&#160;&#160;<br><br><b>SVs Used:</b> 15<br><b>PDOP:</b> 1.6, <b>HDOP:</b> 0.8<br><b>EHPE:</b> 0.06 m, <b>EVPE:</b> 0.14 m<br><b>Baseline:</b> 203.62 m<br><b>Corrections Age:</b> 1.8 s</font></p></td></tr></table>]]></description>
   </Placemark>
   <Placemark>
    <styleUrl>#GreenNE</styleUrl><Point><coordinates>9.15603708,45.50108154,173.12</coordinates></Point>
    <description><![CDATA[<table width="250"><tr><td><p style="line-height:18px;"><font face="Arial"><b>Position Mode:</b> RTK Fixed<br><br><b>UTC:</b> 2023-12-21&#160;&#160;12:38:30.899<br><b>Week:</b> 2293,  <b>TOW:</b> 391128.900 s<br><b>Lat:</b> 45.5010815&deg;, <b>Lon:</b>   9.1560371&deg;<br><b>Alt (ellips):</b> 173.12 m (568.0 ft)<br><b>SOG:</b> 0.02 m/s (0.06 km/h, 0.04 mph)<br><b>Vertical Velocity:</b> -0.00 m/s<br><b>COG:</b> 38.2&deg;&#160;&#160;<br><br><b>SVs Used:</b> 15<br><b>PDOP:</b> 1.6, <b>HDOP:</b> 0.8<br><b>EHPE:</b> 0.06 m, <b>EVPE:</b> 0.14 m<br><b>Baseline:</b> 203.62 m<br><b>Corrections Age:</b> 1.9 s</font></p></td></tr></table>]]></description>
   </Placemark>
   <Placemark>
    <styleUrl>#GreenSSW</styleUrl><Point><coordinates>9.15603708,45.50108152,173.12</coordinates></Point>
    <description><![CDATA[<table width="250"><tr><td><p style="line-height:18px;"><font face="Arial"><b>Position Mode:</b> RTK Fixed<br><br><b>UTC:</b> 2023-12-21&#160;&#160;12:38:30.999<br><b>Week:</b> 2293,  <b>TOW:</b> 391129.000 s<br><b>Lat:</b> 45.5010815&deg;, <b>Lon:</b>   9.1560371&deg;<br><b>Alt (ellips):</b> 173.12 m (568.0 ft)<br><b>SOG:</b> 0.03 m/s (0.10 km/h, 0.06 mph)<br><b>Vertical Velocity:</b> 0.02 m/s<br><b>COG:</b> 196.4&deg;&#160;&#160;<br><br><b>SVs Used:</b> 15<br><b>PDOP:</b> 1.6, <b>HDOP:</b> 0.8<br><b>EHPE:</b> 0.06 m, <b>EVPE:</b> 0.14 m<br><b>Baseline:</b> 203.62 m<br><b>Corrections Age:</b> 2.0 s</font></p></td></tr></table>]]></description>
   </Placemark>
   <Placemark>
    <styleUrl>#GreenSE</styleUrl><Point><coordinates>9.15603708,45.50108152,173.12</coordinates></Point>
    <description><![CDATA[<table width="250"><tr><td><p style="line-height:18px;"><font face="Arial"><b>Position Mode:</b> RTK Fixed<br><br><b>UTC:</b> 2023-12-21&#160;&#160;12:38:31.099<br><b>Week:</b> 2293,  <b>TOW:</b> 391129.100 s<br><b>Lat:</b> 45.5010815&deg;, <b>Lon:</b>   9.1560371&deg;<br><b>Alt (ellips):</b> 173.12 m (568.0 ft)<br><b>SOG:</b> 0.03 m/s (0.10 km/h, 0.06 mph)<br><b>Vertical Velocity:</b> -0.03 m/s<br><b>COG:</b> 126.9&deg;&#160;&#160;<br><br><b>SVs Used:</b> 15<br><b>PDOP:</b> 1.6, <b>HDOP:</b> 0.8<br><b>EHPE:</b> 0.06 m, <b>EVPE:</b> 0.14 m<br><b>Baseline:</b> 203.62 m<br><b>Corrections Age:</b> 2.1 s</font></p></td></tr></table>]]></description>
   </Placemark>
   <Placemark>
    <styleUrl>#GreenSSE</styleUrl><Point><coordinates>9.15603709,45.50108152,173.12</coordinates></Point>
    <description><![CDATA[<table width="250"><tr><td><p style="line-height:18px;"><font face="Arial"><b>Position Mode:</b> RTK Fixed<br><br><b>UTC:</b> 2023-12-21&#160;&#160;12:38:31.199<br><b>Week:</b> 2293,  <b>TOW:</b> 391129.200 s<br><b>Lat:</b> 45.5010815&deg;, <b>Lon:</b>   9.1560371&deg;<br><b>Alt (ellips):</b> 173.12 m (568.0 ft)<br><b>SOG:</b> 0.01 m/s (0.03 km/h, 0.02 mph)<br><b>Vertical Velocity:</b> 0.00 m/s<br><b>COG:</b> 150.3&deg;&#160;&#160;<br><br><b>SVs Tracked:</b> 24 (GPS GLO GAL BDS SBAS)<br><b>SVs Used:</b> 15<br><b>PDOP:</b> 1.6, <b>HDOP:</b> 0.8<br><b>EHPE:</b> 0.07 m, <b>EVPE:</b> 0.14 m<br><b>Baseline:</b> 203.62 m<br><b>Corrections Age:</b> 2.2 s</font></p></td></tr></table>]]></description>
   </Placemark>
   <Placemark>
    <styleUrl>#GreenSE</styleUrl><Point><coordinates>9.15603709,45.50108152,173.12</coordinates></Point>
    <description><![CDATA[<table width="250"><tr><td><p style="line-height:18px;"><font face="Arial"><b>Position Mode:</b> RTK Fixed<br><br><b>UTC:</b> 2023-12-21&#160;&#160;12:38:31.299<br><b>Week:</b> 2293,  <b>TOW:</b> 391129.300 s<br><b>Lat:</b> 45.5010815&deg;, <b>Lon:</b>   9.1560371&deg;<br><b>Alt (ellips):</b> 173.12 m (568.0 ft)<br><b>SOG:</b> 0.02 m/s (0.08 km/h, 0.05 mph)<br><b>Vertical Velocity:</b> 0.02 m/s<br><b>COG:</b> 135.0&deg;&#160;&#160;<br><br><b>SVs Used:</b> 15<br><b>PDOP:</b> 1.6, <b>HDOP:</b> 0.8<br><b>EHPE:</b> 0.07 m, <b>EVPE:</b> 0.15 m<br><b>Baseline:</b> 203.62 m<br><b>Corrections Age:</b> 2.3 s</font></p></td></tr></table>]]></description>
   </Placemark>
   <Placemark>
    <styleUrl>#GreenNNW</styleUrl><Point><coordinates>9.15603707,45.50108153,173.12</coordinates></Point>
    <description><![CDATA[<table width="250"><tr><td><p style="line-height:18px;"><font face="Arial"><b>Position Mode:</b> RTK Fixed<br><br><b>UTC:</b> 2023-12-21&#160;&#160;12:38:31.399<br><b>Week:</b> 2293,  <b>TOW:</b> 391129.400 s<br><b>Lat:</b> 45.5010815&deg;, <b>Lon:</b>   9.1560371&deg;<br><b>Alt (ellips):</b> 173.12 m (568.0 ft)<br><b>SOG:</b> 0.02 m/s (0.07 km/h, 0.04 mph)<br><b>Vertical Velocity:</b> -0.02 m/s<br><b>COG:</b> 333.4&deg;&#160;&#160;<br><br><b>SVs Used:</b> 15<br><b>PDOP:</b> 1.6, <b>HDOP:</b> 0.8<br><b>EHPE:</b> 0.06 m, <b>EVPE:</b> 0.14 m<br><b>Baseline:</b> 203.62 m<br><b>Corrections Age:</b> 1.4 s</font></p></td></tr></table>]]></description>
   </Placemark>
   <Placemark>
    <styleUrl>#GreenW</styleUrl><Point><coordinates>9.15603707,45.50108153,173.12</coordinates></Point>
    <description><![CDATA[<table width="250"><tr><td><p style="line-height:18px;"><font face="Arial"><b>Position Mode:</b> RTK Fixed<br><br><b>UTC:</b> 2023-12-21&#160;&#160;12:38:31.499<br><b>Week:</b> 2293,  <b>TOW:</b> 391129.500 s<br><b>Lat:</b> 45.5010815&deg;, <b>Lon:</b>   9.1560371&deg;<br><b>Alt (ellips):</b> 173.12 m (568.0 ft)<br><b>SOG:</b> 0.00 m/s (0.01 km/h, 0.01 mph)<br><b>Vertical Velocity:</b> 0.00 m/s<br><b>COG:</b> 270.0&deg;&#160;&#160;<br><br><b>SVs Used:</b> 15<br><b>PDOP:</b> 1.6, <b>HDOP:</b> 0.8<br><b>EHPE:</b> 0.06 m, <b>EVPE:</b> 0.14 m<br><b>Baseline:</b> 203.62 m<br><b>Corrections Age:</b> 1.5 s</font></p></td></tr></table>]]></description>
   </Placemark>
   <Placemark>
    <styleUrl>#GreenESE</styleUrl><Point><coordinates>9.15603708,45.50108152,173.12</coordinates></Point>
    <description><![CDATA[<table width="250"><tr><td><p style="line-height:18px;"><font face="Arial"><b>Position Mode:</b> RTK Fixed<br><br><b>UTC:</b> 2023-12-21&#160;&#160;12:38:31.599<br><b>Week:</b> 2293,  <b>TOW:</b> 391129.600 s<br><b>Lat:</b> 45.5010815&deg;, <b>Lon:</b>   9.1560371&deg;<br><b>Alt (ellips):</b> 173.12 m (568.0 ft)<br><b>SOG:</b> 0.01 m/s (0.04 km/h, 0.02 mph)<br><b>Vertical Velocity:</b> -0.01 m/s<br><b>COG:</b> 123.7&deg;&#160;&#160;<br><br><b>SVs Used:</b> 15<br><b>PDOP:</b> 1.8, <b>HDOP:</b> 0.8<br><b>EHPE:</b> 0.07 m, <b>EVPE:</b> 0.14 m<br><b>Baseline:</b> 203.62 m<br><b>Corrections Age:</b> 1.6 s</font></p></td></tr></table>]]></description>
   </Placemark>
   <Placemark>
    <styleUrl>#GreenW</styleUrl><Point><coordinates>9.15603707,45.50108152,173.12</coordinates></Point>
    <description><![CDATA[<table width="250"><tr><td><p style="line-height:18px;"><font face="Arial"><b>Position Mode:</b> RTK Fixed<br><br><b>UTC:</b> 2023-12-21&#160;&#160;12:38:31.699<br><b>Week:</b> 2293,  <b>TOW:</b> 391129.700 s<br><b>Lat:</b> 45.5010815&deg;, <b>Lon:</b>   9.1560371&deg;<br><b>Alt (ellips):</b> 173.12 m (568.0 ft)<br><b>SOG:</b> 0.01 m/s (0.04 km/h, 0.03 mph)<br><b>Vertical Velocity:</b> -0.01 m/s<br><b>COG:</b> 270.0&deg;&#160;&#160;<br><br><b>SVs Tracked:</b> 19 (GPS GAL BDS SBAS)<br><b>SVs Used:</b> 15<br><b>PDOP:</b> 1.8, <b>HDOP:</b> 0.8<br><b>EHPE:</b> 0.07 m, <b>EVPE:</b> 0.14 m<br><b>Baseline:</b> 203.62 m<br><b>Corrections Age:</b> 1.7 s</font></p></td></tr></table>]]></description>
   </Placemark>
   <Placemark>
    <styleUrl>#GreenWNW</styleUrl><Point><coordinates>9.15603707,45.50108153,173.12</coordinates></Point>
    <description><![CDATA[<table width="250"><tr><td><p style="line-height:18px;"><font face="Arial"><b>Position Mode:</b> RTK Fixed<br><br><b>UTC:</b> 2023-12-21&#160;&#160;12:38:31.799<br><b>Week:</b> 2293,  <b>TOW:</b> 391129.800 s<br><b>Lat:</b> 45.5010815&deg;, <b>Lon:</b>   9.1560371&deg;<br><b>Alt (ellips):</b> 173.12 m (568.0 ft)<br><b>SOG:</b> 0.01 m/s (0.03 km/h, 0.02 mph)<br><b>Vertical Velocity:</b> -0.01 m/s<br><b>COG:</b> 296.6&deg;&#160;&#160;<br><br><b>SVs Used:</b> 15<br><b>PDOP:</b> 1.8, <b>HDOP:</b> 0.8<br><b>EHPE:</b> 0.07 m, <b>EVPE:</b> 0.14 m<br><b>Baseline:</b> 203.62 m<br><b>Corrections Age:</b> 1.8 s</font></p></td></tr></table>]]></description>
   </Placemark>
   <Placemark>
    <styleUrl>#GreenNNE</styleUrl><Point><coordinates>9.15603708,45.50108153,173.11</coordinates></Point>
    <description><![CDATA[<table width="250"><tr><td><p style="line-height:18px;"><font face="Arial"><b>Position Mode:</b> RTK Fixed<br><br><b>UTC:</b> 2023-12-21&#160;&#160;12:38:31.899<br><b>Week:</b> 2293,  <b>TOW:</b> 391129.900 s<br><b>Lat:</b> 45.5010815&deg;, <b>Lon:</b>   9.1560371&deg;<br><b>Alt (ellips):</b> 173.11 m (568.0 ft)<br><b>SOG:</b> 0.03 m/s (0.11 km/h, 0.07 mph)<br><b>Vertical Velocity:</b> -0.03 m/s<br><b>COG:</b> 14.0&deg;&#160;&#160;<br><br><b>SVs Used:</b> 15<br><b>PDOP:</b> 1.8, <b>HDOP:</b> 0.8<br><b>EHPE:</b> 0.07 m, <b>EVPE:</b> 0.14 m<br><b>Baseline:</b> 203.62 m<br><b>Corrections Age:</b> 1.9 s</font></p></td></tr></table>]]></description>
   </Placemark>
   <Placemark>
    <styleUrl>#GreenSSW</styleUrl><Point><coordinates>9.15603707,45.50108152,173.12</coordinates></Point>
    <description><![CDATA[<table width="250"><tr><td><p style="line-height:18px;"><font face="Arial"><b>Position Mode:</b> RTK Fixed<br><br><b>UTC:</b> 2023-12-21&#160;&#160;12:38:31.999<br><b>Week:</b> 2293,  <b>TOW:</b> 391130.000 s<br><b>Lat:</b> 45.5010815&deg;, <b>Lon:</b>   9.1560371&deg;<br><b>Alt (ellips):</b> 173.12 m (568.0 ft)<br><b>SOG:</b> 0.01 m/s (0.04 km/h, 0.03 mph)<br><b>Vertical Velocity:</b> 0.01 m/s<br><b>COG:</b> 194.0&deg;&#160;&#160;<br><br><b>SVs Used:</b> 15<br><b>PDOP:</b> 1.8, <b>HDOP:</b> 0.8<br><b>EHPE:</b> 0.07 m, <b>EVPE:</b> 0.15 m<br><b>Baseline:</b> 203.62 m<br><b>Corrections Age:</b> 2.0 s</font></p></td></tr></table>]]></description>
   </Placemark>
   <Placemark>
    <styleUrl>#GreenSE</styleUrl><Point><coordinates>9.15603708,45.50108152,173.11</coordinates></Point>
    <description><![CDATA[<table width="250"><tr><td><p style="line-height:18px;"><font face="Arial"><b>Position Mode:</b> RTK Fixed<br><br><b>UTC:</b> 2023-12-21&#160;&#160;12:38:32.099<br><b>Week:</b> 2293,  <b>TOW:</b> 391130.100 s<br><b>Lat:</b> 45.5010815&deg;, <b>Lon:</b>   9.1560371&deg;<br><b>Alt (ellips):</b> 173.11 m (568.0 ft)<br><b>SOG:</b> 0.02 m/s (0.06 km/h, 0.04 mph)<br><b>Vertical Velocity:</b> -0.02 m/s<br><b>COG:</b> 135.0&deg;&#160;&#160;<br><br><b>SVs Used:</b> 15<br><b>PDOP:</b> 1.8, <b>HDOP:</b> 0.8<br><b>EHPE:</b> 0.07 m, <b>EVPE:</b> 0.15 m<br><b>Baseline:</b> 203.62 m<br><b>Corrections Age:</b> 2.1 s</font></p></td></tr></table>]]></description>
   </Placemark>
   <Placemark>
    <styleUrl>#GreenESE</styleUrl><Point><coordinates>9.15603708,45.50108152,173.11</coordinates></Point>
    <description><![CDATA[<table width="250"><tr><td><p style="line-height:18px;"><font face="Arial"><b>Position Mode:</b> RTK Fixed<br><br><b>UTC:</b> 2023-12-21&#160;&#160;12:38:32.199<br><b>Week:</b> 2293,  <b>TOW:</b> 391130.200 s<br><b>Lat:</b> 45.5010815&deg;, <b>Lon:</b>   9.1560371&deg;<br><b>Alt (ellips):</b> 173.11 m (568.0 ft)<br><b>SOG:</b> 0.01 m/s (0.04 km/h, 0.02 mph)<br><b>Vertical Velocity:</b> -0.01 m/s<br><b>COG:</b> 104.0&deg;&#160;&#160;<br><br><b>SVs Tracked:</b> 24 (GPS GLO GAL BDS SBAS)<br><b>SVs Used:</b> 15<br><b>PDOP:</b> 1.8, <b>HDOP:</b> 0.8<br><b>EHPE:</b> 0.07 m, <b>EVPE:</b> 0.15 m<br><b>Baseline:</b> 203.62 m<br><b>Corrections Age:</b> 2.2 s</font></p></td></tr></table>]]></description>
   </Placemark>
   <Placemark>
    <styleUrl>#GreenNW</styleUrl><Point><coordinates>9.15603705,45.50108155,173.11</coordinates></Point>
    <description><![CDATA[<table width="250"><tr><td><p style="line-height:18px;"><font face="Arial"><b>Position Mode:</b> RTK Fixed<br><br><b>UTC:</b> 2023-12-21&#160;&#160;12:38:32.299<br><b>Week:</b> 2293,  <b>TOW:</b> 391130.300 s<br><b>Lat:</b> 45.5010815&deg;, <b>Lon:</b>   9.1560370&deg;<br><b>Alt (ellips):</b> 173.11 m (568.0 ft)<br><b>SOG:</b> 0.01 m/s (0.04 km/h, 0.02 mph)<br><b>Vertical Velocity:</b> -0.00 m/s<br><b>COG:</b> 315.0&deg;&#160;&#160;<br><br><b>SVs Used:</b> 15<br><b>PDOP:</b> 1.8, <b>HDOP:</b> 0.8<br><b>EHPE:</b> 0.06 m, <b>EVPE:</b> 0.13 m<br><b>Baseline:</b> 203.62 m<br><b>Corrections Age:</b> 1.3 s</font></p></td></tr></table>]]></description>
   </Placemark>
   <Placemark>
    <styleUrl>#GreenSE</styleUrl><Point><coordinates>9.15603706,45.50108154,173.11</coordinates></Point>
    <description><![CDATA[<table width="250"><tr><td><p style="line-height:18px;"><font face="Arial"><b>Position Mode:</b> RTK Fixed<br><br><b>UTC:</b> 2023-12-21&#160;&#160;12:38:32.399<br><b>Week:</b> 2293,  <b>TOW:</b> 391130.400 s<br><b>Lat:</b> 45.5010815&deg;, <b>Lon:</b>   9.1560371&deg;<br><b>Alt (ellips):</b> 173.11 m (568.0 ft)<br><b>SOG:</b> 0.01 m/s (0.05 km/h, 0.03 mph)<br><b>Vertical Velocity:</b> -0.01 m/s<br><b>COG:</b> 145.0&deg;&#160;&#160;<br><br><b>SVs Used:</b> 15<br><b>PDOP:</b> 1.8, <b>HDOP:</b> 0.8<br><b>EHPE:</b> 0.06 m, <b>EVPE:</b> 0.13 m<br><b>Baseline:</b> 203.62 m<br><b>Corrections Age:</b> 1.4 s</font></p></td></tr></table>]]></description>
   </Placemark>
   <Placemark>
    <styleUrl>#GreenE</styleUrl><Point><coordinates>9.15603707,45.50108154,173.11</coordinates></Point>
    <description><![CDATA[<table width="250"><tr><td><p style="line-height:18px;"><font face="Arial"><b>Position Mode:</b> RTK Fixed<br><br><b>UTC:</b> 2023-12-21&#160;&#160;12:38:32.499<br><b>Week:</b> 2293,  <b>TOW:</b> 391130.500 s<br><b>Lat:</b> 45.5010815&deg;, <b>Lon:</b>   9.1560371&deg;<br><b>Alt (ellips):</b> 173.11 m (568.0 ft)<br><b>SOG:</b> 0.01 m/s (0.02 km/h, 0.01 mph)<br><b>Vertical Velocity:</b> -0.01 m/s<br><b>COG:</b> 90.0&deg;&#160;&#160;<br><br><b>SVs Used:</b> 15<br><b>PDOP:</b> 1.8, <b>HDOP:</b> 0.8<br><b>EHPE:</b> 0.06 m, <b>EVPE:</b> 0.13 m<br><b>Baseline:</b> 203.62 m<br><b>Corrections Age:</b> 1.5 s</font></p></td></tr></table>]]></description>
   </Placemark>
   <Placemark>
    <styleUrl>#GreenWNW</styleUrl><Point><coordinates>9.15603706,45.50108154,173.11</coordinates></Point>
    <description><![CDATA[<table width="250"><tr><td><p style="line-height:18px;"><font face="Arial"><b>Position Mode:</b> RTK Fixed<br><br><b>UTC:</b> 2023-12-21&#160;&#160;12:38:32.599<br><b>Week:</b> 2293,  <b>TOW:</b> 391130.600 s<br><b>Lat:</b> 45.5010815&deg;, <b>Lon:</b>   9.1560371&deg;<br><b>Alt (ellips):</b> 173.11 m (568.0 ft)<br><b>SOG:</b> 0.01 m/s (0.04 km/h, 0.03 mph)<br><b>Vertical Velocity:</b> -0.01 m/s<br><b>COG:</b> 291.8&deg;&#160;&#160;<br><br><b>SVs Used:</b> 15<br><b>PDOP:</b> 1.8, <b>HDOP:</b> 0.8<br><b>EHPE:</b> 0.06 m, <b>EVPE:</b> 0.13 m<br><b>Baseline:</b> 203.62 m<br><b>Corrections Age:</b> 1.6 s</font></p></td></tr></table>]]></description>
   </Placemark>
   <Placemark>
    <styleUrl>#GreenESE</styleUrl><Point><coordinates>9.15603708,45.50108153,173.11</coordinates></Point>
    <description><![CDATA[<table width="250"><tr><td><p style="line-height:18px;"><font face="Arial"><b>Position Mode:</b> RTK Fixed<br><br><b>UTC:</b> 2023-12-21&#160;&#160;12:38:32.699<br><b>Week:</b> 2293,  <b>TOW:</b> 391130.700 s<br><b>Lat:</b> 45.5010815&deg;, <b>Lon:</b>   9.1560371&deg;<br><b>Alt (ellips):</b> 173.11 m (568.0 ft)<br><b>SOG:</b> 0.01 m/s (0.05 km/h, 0.03 mph)<br><b>Vertical Velocity:</b> 0.01 m/s<br><b>COG:</b> 110.0&deg;&#160;&#160;<br><br><b>SVs Tracked:</b> 19 (GPS GAL BDS SBAS)<br><b>SVs Used:</b> 15<br><b>PDOP:</b> 1.8, <b>HDOP:</b> 0.8<br><b>EHPE:</b> 0.06 m, <b>EVPE:</b> 0.14 m<br><b>Baseline:</b> 203.62 m<br><b>Corrections Age:</b> 1.7 s</font></p></td></tr></table>]]></description>
   </Placemark>
   <Placemark>
    <styleUrl>#GreenSSW</styleUrl><Point><coordinates>9.15603707,45.50108152,173.12</coordinates></Point>
    <description><![CDATA[<table width="250"><tr><td><p style="line-height:18px;"><font face="Arial"><b>Position Mode:</b> RTK Fixed<br><br><b>UTC:</b> 2023-12-21&#160;&#160;12:38:32.799<br><b>Week:</b> 2293,  <b>TOW:</b> 391130.800 s<br><b>Lat:</b> 45.5010815&deg;, <b>Lon:</b>   9.1560371&deg;<br><b>Alt (ellips):</b> 173.12 m (568.0 ft)<br><b>SOG:</b> 0.02 m/s (0.06 km/h, 0.04 mph)<br><b>Vertical Velocity:</b> 0.01 m/s<br><b>COG:</b> 192.5&deg;&#160;&#160;<br><br><b>SVs Used:</b> 15<br><b>PDOP:</b> 1.8, <b>HDOP:</b> 0.8<br><b>EHPE:</b> 0.06 m, <b>EVPE:</b> 0.14 m<br><b>Baseline:</b> 203.62 m<br><b>Corrections Age:</b> 1.8 s</font></p></td></tr></table>]]></description>
   </Placemark>
   <Placemark>
    <styleUrl>#GreenNNE</styleUrl><Point><coordinates>9.15603708,45.50108153,173.11</coordinates></Point>
    <description><![CDATA[<table width="250"><tr><td><p style="line-height:18px;"><font face="Arial"><b>Position Mode:</b> RTK Fixed<br><br><b>UTC:</b> 2023-12-21&#160;&#160;12:38:32.899<br><b>Week:</b> 2293,  <b>TOW:</b> 391130.900 s<br><b>Lat:</b> 45.5010815&deg;, <b>Lon:</b>   9.1560371&deg;<br><b>Alt (ellips):</b> 173.11 m (568.0 ft)<br><b>SOG:</b> 0.03 m/s (0.11 km/h, 0.07 mph)<br><b>Vertical Velocity:</b> -0.03 m/s<br><b>COG:</b> 11.3&deg;&#160;&#160;<br><br><b>SVs Used:</b> 15<br><b>PDOP:</b> 1.8, <b>HDOP:</b> 0.8<br><b>EHPE:</b> 0.06 m, <b>EVPE:</b> 0.14 m<br><b>Baseline:</b> 203.62 m<br><b>Corrections Age:</b> 1.9 s</font></p></td></tr></table>]]></description>
   </Placemark>
   <Placemark>
    <styleUrl>#GreenSE</styleUrl><Point><coordinates>9.15603708,45.50108153,173.11</coordinates></Point>
    <description><![CDATA[<table width="250"><tr><td><p style="line-height:18px;"><font face="Arial"><b>Position Mode:</b> RTK Fixed<br><br><b>UTC:</b> 2023-12-21&#160;&#160;12:38:32.999<br><b>Week:</b> 2293,  <b>TOW:</b> 391131.000 s<br><b>Lat:</b> 45.5010815&deg;, <b>Lon:</b>   9.1560371&deg;<br><b>Alt (ellips):</b> 173.11 m (568.0 ft)<br><b>SOG:</b> 0.01 m/s (0.02 km/h, 0.01 mph)<br><b>Vertical Velocity:</b> 0.00 m/s<br><b>COG:</b> 143.1&deg;&#160;&#160;<br><br><b>SVs Used:</b> 15<br><b>PDOP:</b> 1.6, <b>HDOP:</b> 0.8<br><b>EHPE:</b> 0.06 m, <b>EVPE:</b> 0.13 m<br><b>Baseline:</b> 203.62 m<br><b>Corrections Age:</b> 2.0 s</font></p></td></tr></table>]]></description>
   </Placemark>
   <Placemark>
    <styleUrl>#GreenSW</styleUrl><Point><coordinates>9.15603708,45.50108153,173.11</coordinates></Point>
    <description><![CDATA[<table width="250"><tr><td><p style="line-height:18px;"><font face="Arial"><b>Position Mode:</b> RTK Fixed<br><br><b>UTC:</b> 2023-12-21&#160;&#160;12:38:33.099<br><b>Week:</b> 2293,  <b>TOW:</b> 391131.100 s<br><b>Lat:</b> 45.5010815&deg;, <b>Lon:</b>   9.1560371&deg;<br><b>Alt (ellips):</b> 173.11 m (568.0 ft)<br><b>SOG:</b> 0.02 m/s (0.06 km/h, 0.03 mph)<br><b>Vertical Velocity:</b> -0.01 m/s<br><b>COG:</b> 225.0&deg;&#160;&#160;<br><br><b>SVs Used:</b> 15<br><b>PDOP:</b> 1.6, <b>HDOP:</b> 0.8<br><b>EHPE:</b> 0.06 m, <b>EVPE:</b> 0.13 m<br><b>Baseline:</b> 203.62 m<br><b>Corrections Age:</b> 2.1 s</font></p></td></tr></table>]]></description>
   </Placemark>
   <Placemark>
    <styleUrl>#GreenNW</styleUrl><Point><coordinates>9.15603707,45.50108153,173.11</coordinates></Point>
    <description><![CDATA[<table width="250"><tr><td><p style="line-height:18px;"><font face="Arial"><b>Position Mode:</b> RTK Fixed<br><br><b>UTC:</b> 2023-12-21&#160;&#160;12:38:33.199<br><b>Week:</b> 2293,  <b>TOW:</b> 391131.200 s<br><b>Lat:</b> 45.5010815&deg;, <b>Lon:</b>   9.1560371&deg;<br><b>Alt (ellips):</b> 173.11 m (568.0 ft)<br><b>SOG:</b> 0.02 m/s (0.08 km/h, 0.05 mph)<br><b>Vertical Velocity:</b> 0.02 m/s<br><b>COG:</b> 323.1&deg;&#160;&#160;<br><br><b>SVs Tracked:</b> 24 (GPS GLO GAL BDS SBAS)<br><b>SVs Used:</b> 15<br><b>PDOP:</b> 1.6, <b>HDOP:</b> 0.8<br><b>EHPE:</b> 0.06 m, <b>EVPE:</b> 0.13 m<br><b>Baseline:</b> 203.62 m<br><b>Corrections Age:</b> 2.2 s</font></p></td></tr></table>]]></description>
   </Placemark>
   <Placemark>
    <styleUrl>#GreenSSE</styleUrl><Point><coordinates>9.15603708,45.50108152,173.12</coordinates></Point>
    <description><![CDATA[<table width="250"><tr><td><p style="line-height:18px;"><font face="Arial"><b>Position Mode:</b> RTK Fixed<br><br><b>UTC:</b> 2023-12-21&#160;&#160;12:38:33.299<br><b>Week:</b> 2293,  <b>TOW:</b> 391131.300 s<br><b>Lat:</b> 45.5010815&deg;, <b>Lon:</b>   9.1560371&deg;<br><b>Alt (ellips):</b> 173.12 m (568.0 ft)<br><b>SOG:</b> 0.01 m/s (0.04 km/h, 0.03 mph)<br><b>Vertical Velocity:</b> 0.01 m/s<br><b>COG:</b> 166.0&deg;&#160;&#160;<br><br><b>SVs Used:</b> 15<br><b>PDOP:</b> 1.6, <b>HDOP:</b> 0.8<br><b>EHPE:</b> 0.06 m, <b>EVPE:</b> 0.13 m<br><b>Baseline:</b> 203.62 m<br><b>Corrections Age:</b> 2.3 s</font></p></td></tr></table>]]></description>
   </Placemark>
   <Placemark>
    <styleUrl>#GreenNNE</styleUrl><Point><coordinates>9.15603708,45.50108152,173.11</coordinates></Point>
    <description><![CDATA[<table width="250"><tr><td><p style="line-height:18px;"><font face="Arial"><b>Position Mode:</b> RTK Fixed<br><br><b>UTC:</b> 2023-12-21&#160;&#160;12:38:33.399<br><b>Week:</b> 2293,  <b>TOW:</b> 391131.400 s<br><b>Lat:</b> 45.5010815&deg;, <b>Lon:</b>   9.1560371&deg;<br><b>Alt (ellips):</b> 173.11 m (568.0 ft)<br><b>SOG:</b> 0.02 m/s (0.07 km/h, 0.05 mph)<br><b>Vertical Velocity:</b> -0.02 m/s<br><b>COG:</b> 18.4&deg;&#160;&#160;<br><br><b>SVs Used:</b> 15<br><b>PDOP:</b> 1.6, <b>HDOP:</b> 0.8<br><b>EHPE:</b> 0.06 m, <b>EVPE:</b> 0.13 m<br><b>Baseline:</b> 203.62 m<br><b>Corrections Age:</b> 2.4 s</font></p></td></tr></table>]]></description>
   </Placemark>
   <Placemark>
    <styleUrl>#GreenSE</styleUrl><Point><coordinates>9.15603708,45.50108153,173.11</coordinates></Point>
    <description><![CDATA[<table width="250"><tr><td><p style="line-height:18px;"><font face="Arial"><b>Position Mode:</b> RTK Fixed<br><br><b>UTC:</b> 2023-12-21&#160;&#160;12:38:33.499<br><b>Week:</b> 2293,  <b>TOW:</b> 391131.500 s<br><b>Lat:</b> 45.5010815&deg;, <b>Lon:</b>   9.1560371&deg;<br><b>Alt (ellips):</b> 173.11 m (568.0 ft)<br><b>SOG:</b> 0.01 m/s (0.05 km/h, 0.03 mph)<br><b>Vertical Velocity:</b> 0.01 m/s<br><b>COG:</b> 135.0&deg;&#160;&#160;<br><br><b>SVs Used:</b> 15<br><b>PDOP:</b> 1.6, <b>HDOP:</b> 0.8<br><b>EHPE:</b> 0.06 m, <b>EVPE:</b> 0.13 m<br><b>Baseline:</b> 203.62 m<br><b>Corrections Age:</b> 2.5 s</font></p></td></tr></table>]]></description>
   </Placemark>
   <Placemark>
    <styleUrl>#GreenE</styleUrl><Point><coordinates>9.15603707,45.50108153,173.12</coordinates></Point>
    <description><![CDATA[<table width="250"><tr><td><p style="line-height:18px;"><font face="Arial"><b>Position Mode:</b> RTK Fixed<br><br><b>UTC:</b> 2023-12-21&#160;&#160;12:38:33.599<br><b>Week:</b> 2293,  <b>TOW:</b> 391131.600 s<br><b>Lat:</b> 45.5010815&deg;, <b>Lon:</b>   9.1560371&deg;<br><b>Alt (ellips):</b> 173.12 m (568.0 ft)<br><b>SOG:</b> 0.01 m/s (0.03 km/h, 0.02 mph)<br><b>Vertical Velocity:</b> 0.01 m/s<br><b>COG:</b> 80.5&deg;&#160;&#160;<br><br><b>SVs Used:</b> 15<br><b>PDOP:</b> 1.6, <b>HDOP:</b> 0.8<br><b>EHPE:</b> 0.06 m, <b>EVPE:</b> 0.13 m<br><b>Baseline:</b> 203.62 m<br><b>Corrections Age:</b> 1.6 s</font></p></td></tr></table>]]></description>
   </Placemark>
   <Placemark>
    <styleUrl>#GreenNW</styleUrl><Point><coordinates>9.15603707,45.50108153,173.12</coordinates></Point>
    <description><![CDATA[<table width="250"><tr><td><p style="line-height:18px;"><font face="Arial"><b>Position Mode:</b> RTK Fixed<br><br><b>UTC:</b> 2023-12-21&#160;&#160;12:38:33.699<br><b>Week:</b> 2293,  <b>TOW:</b> 391131.700 s<br><b>Lat:</b> 45.5010815&deg;, <b>Lon:</b>   9.1560371&deg;<br><b>Alt (ellips):</b> 173.12 m (568.0 ft)<br><b>SOG:</b> 0.01 m/s (0.03 km/h, 0.02 mph)<br><b>Vertical Velocity:</b> -0.01 m/s<br><b>COG:</b> 321.3&deg;&#160;&#160;<br><br><b>SVs Tracked:</b> 19 (GPS GAL BDS SBAS)<br><b>SVs Used:</b> 15<br><b>PDOP:</b> 1.6, <b>HDOP:</b> 0.8<br><b>EHPE:</b> 0.06 m, <b>EVPE:</b> 0.13 m<br><b>Baseline:</b> 203.62 m<br><b>Corrections Age:</b> 1.7 s</font></p></td></tr></table>]]></description>
   </Placemark>
   <Placemark>
    <styleUrl>#GreenS</styleUrl><Point><coordinates>9.15603707,45.50108153,173.12</coordinates></Point>
    <description><![CDATA[<table width="250"><tr><td><p style="line-height:18px;"><font face="Arial"><b>Position Mode:</b> RTK Fixed<br><br><b>UTC:</b> 2023-12-21&#160;&#160;12:38:33.799<br><b>Week:</b> 2293,  <b>TOW:</b> 391131.800 s<br><b>Lat:</b> 45.5010815&deg;, <b>Lon:</b>   9.1560371&deg;<br><b>Alt (ellips):</b> 173.12 m (568.0 ft)<br><b>SOG:</b> 0.02 m/s (0.08 km/h, 0.05 mph)<br><b>Vertical Velocity:</b> -0.02 m/s<br><b>COG:</b> 180.0&deg;&#160;&#160;<br><br><b>SVs Used:</b> 15<br><b>PDOP:</b> 1.6, <b>HDOP:</b> 0.8<br><b>EHPE:</b> 0.06 m, <b>EVPE:</b> 0.12 m<br><b>Baseline:</b> 203.62 m<br><b>Corrections Age:</b> 1.8 s</font></p></td></tr></table>]]></description>
   </Placemark>
   <Placemark>
    <styleUrl>#GreenNE</styleUrl><Point><coordinates>9.15603707,45.50108154,173.11</coordinates></Point>
    <description><![CDATA[<table width="250"><tr><td><p style="line-height:18px;"><font face="Arial"><b>Position Mode:</b> RTK Fixed<br><br><b>UTC:</b> 2023-12-21&#160;&#160;12:38:33.899<br><b>Week:</b> 2293,  <b>TOW:</b> 391131.900 s<br><b>Lat:</b> 45.5010815&deg;, <b>Lon:</b>   9.1560371&deg;<br><b>Alt (ellips):</b> 173.11 m (568.0 ft)<br><b>SOG:</b> 0.02 m/s (0.08 km/h, 0.05 mph)<br><b>Vertical Velocity:</b> -0.02 m/s<br><b>COG:</b> 51.3&deg;&#160;&#160;<br><br><b>SVs Used:</b> 15<br><b>PDOP:</b> 1.6, <b>HDOP:</b> 0.8<br><b>EHPE:</b> 0.06 m, <b>EVPE:</b> 0.12 m<br><b>Baseline:</b> 203.62 m<br><b>Corrections Age:</b> 1.9 s</font></p></td></tr></table>]]></description>
   </Placemark>
   <Placemark>
    <styleUrl>#GreenSSW</styleUrl><Point><coordinates>9.15603707,45.50108153,173.12</coordinates></Point>
    <description><![CDATA[<table width="250"><tr><td><p style="line-height:18px;"><font face="Arial"><b>Position Mode:</b> RTK Fixed<br><br><b>UTC:</b> 2023-12-21&#160;&#160;12:38:33.999<br><b>Week:</b> 2293,  <b>TOW:</b> 391132.000 s<br><b>Lat:</b> 45.5010815&deg;, <b>Lon:</b>   9.1560371&deg;<br><b>Alt (ellips):</b> 173.12 m (568.0 ft)<br><b>SOG:</b> 0.02 m/s (0.06 km/h, 0.04 mph)<br><b>Vertical Velocity:</b> 0.02 m/s<br><b>COG:</b> 194.0&deg;&#160;&#160;<br><br><b>SVs Used:</b> 15<br><b>PDOP:</b> 1.6, <b>HDOP:</b> 0.8<br><b>EHPE:</b> 0.06 m, <b>EVPE:</b> 0.12 m<br><b>Baseline:</b> 203.62 m<br><b>Corrections Age:</b> 2.0 s</font></p></td></tr></table>]]></description>
   </Placemark>
   <Placemark>
    <styleUrl>#GreenESE</styleUrl><Point><coordinates>9.15603708,45.50108153,173.12</coordinates></Point>
    <description><![CDATA[<table width="250"><tr><td><p style="line-height:18px;"><font face="Arial"><b>Position Mode:</b> RTK Fixed<br><br><b>UTC:</b> 2023-12-21&#160;&#160;12:38:34.099<br><b>Week:</b> 2293,  <b>TOW:</b> 391132.100 s<br><b>Lat:</b> 45.5010815&deg;, <b>Lon:</b>   9.1560371&deg;<br><b>Alt (ellips):</b> 173.12 m (568.0 ft)<br><b>SOG:</b> 0.02 m/s (0.06 km/h, 0.03 mph)<br><b>Vertical Velocity:</b> -0.01 m/s<br><b>COG:</b> 110.6&deg;&#160;&#160;<br><br><b>SVs Used:</b> 15<br><b>PDOP:</b> 1.6, <b>HDOP:</b> 0.8<br><b>EHPE:</b> 0.06 m, <b>EVPE:</b> 0.13 m<br><b>Baseline:</b> 203.62 m<br><b>Corrections Age:</b> 2.1 s</font></p></td></tr></table>]]></description>
   </Placemark>
   <Placemark>
    <styleUrl>#GreenWNW</styleUrl><Point><coordinates>9.15603708,45.50108154,173.12</coordinates></Point>
    <description><![CDATA[<table width="250"><tr><td><p style="line-height:18px;"><font face="Arial"><b>Position Mode:</b> RTK Fixed<br><br><b>UTC:</b> 2023-12-21&#160;&#160;12:38:34.199<br><b>Week:</b> 2293,  <b>TOW:</b> 391132.200 s<br><b>Lat:</b> 45.5010815&deg;, <b>Lon:</b>   9.1560371&deg;<br><b>Alt (ellips):</b> 173.12 m (568.0 ft)<br><b>SOG:</b> 0.01 m/s (0.02 km/h, 0.02 mph)<br><b>Vertical Velocity:</b> -0.01 m/s<br><b>COG:</b> 296.6&deg;&#160;&#160;<br><br><b>SVs Tracked:</b> 24 (GPS GLO GAL BDS SBAS)<br><b>SVs Used:</b> 15<br><b>PDOP:</b> 1.6, <b>HDOP:</b> 0.8<br><b>EHPE:</b> 0.06 m, <b>EVPE:</b> 0.13 m<br><b>Baseline:</b> 203.62 m<br><b>Corrections Age:</b> 2.2 s</font></p></td></tr></table>]]></description>
   </Placemark>
   <Placemark>
    <styleUrl>#GreenSE</styleUrl><Point><coordinates>9.15603708,45.50108153,173.12</coordinates></Point>
    <description><![CDATA[<table width="250"><tr><td><p style="line-height:18px;"><font face="Arial"><b>Position Mode:</b> RTK Fixed<br><br><b>UTC:</b> 2023-12-21&#160;&#160;12:38:34.299<br><b>Week:</b> 2293,  <b>TOW:</b> 391132.300 s<br><b>Lat:</b> 45.5010815&deg;, <b>Lon:</b>   9.1560371&deg;<br><b>Alt (ellips):</b> 173.12 m (568.0 ft)<br><b>SOG:</b> 0.01 m/s (0.05 km/h, 0.03 mph)<br><b>Vertical Velocity:</b> 0.01 m/s<br><b>COG:</b> 135.0&deg;&#160;&#160;<br><br><b>SVs Used:</b> 15<br><b>PDOP:</b> 1.6, <b>HDOP:</b> 0.8<br><b>EHPE:</b> 0.06 m, <b>EVPE:</b> 0.13 m<br><b>Baseline:</b> 203.62 m<br><b>Corrections Age:</b> 2.3 s</font></p></td></tr></table>]]></description>
   </Placemark>
   <Placemark>
    <styleUrl>#GreenE</styleUrl><Point><coordinates>9.15603707,45.50108154,173.12</coordinates></Point>
    <description><![CDATA[<table width="250"><tr><td><p style="line-height:18px;"><font face="Arial"><b>Position Mode:</b> RTK Fixed<br><br><b>UTC:</b> 2023-12-21&#160;&#160;12:38:34.399<br><b>Week:</b> 2293,  <b>TOW:</b> 391132.400 s<br><b>Lat:</b> 45.5010815&deg;, <b>Lon:</b>   9.1560371&deg;<br><b>Alt (ellips):</b> 173.12 m (568.0 ft)<br><b>SOG:</b> 0.01 m/s (0.02 km/h, 0.01 mph)<br><b>Vertical Velocity:</b> -0.00 m/s<br><b>COG:</b> 90.0&deg;&#160;&#160;<br><br><b>SVs Used:</b> 15<br><b>PDOP:</b> 1.6, <b>HDOP:</b> 0.8<br><b>EHPE:</b> 0.05 m, <b>EVPE:</b> 0.12 m<br><b>Baseline:</b> 203.62 m<br><b>Corrections Age:</b> 1.4 s</font></p></td></tr></table>]]></description>
   </Placemark>
   <Placemark>
    <styleUrl>#GreenSSW</styleUrl><Point><coordinates>9.15603706,45.50108154,173.12</coordinates></Point>
    <description><![CDATA[<table width="250"><tr><td><p style="line-height:18px;"><font face="Arial"><b>Position Mode:</b> RTK Fixed<br><br><b>UTC:</b> 2023-12-21&#160;&#160;12:38:34.499<br><b>Week:</b> 2293,  <b>TOW:</b> 391132.500 s<br><b>Lat:</b> 45.5010815&deg;, <b>Lon:</b>   9.1560371&deg;<br><b>Alt (ellips):</b> 173.12 m (568.0 ft)<br><b>SOG:</b> 0.02 m/s (0.08 km/h, 0.05 mph)<br><b>Vertical Velocity:</b> -0.02 m/s<br><b>COG:</b> 195.9&deg;&#160;&#160;<br><br><b>SVs Used:</b> 15<br><b>PDOP:</b> 1.6, <b>HDOP:</b> 0.8<br><b>EHPE:</b> 0.06 m, <b>EVPE:</b> 0.12 m<br><b>Baseline:</b> 203.62 m<br><b>Corrections Age:</b> 1.5 s</font></p></td></tr></table>]]></description>
   </Placemark>
   <Placemark>
    <styleUrl>#GreenNNE</styleUrl><Point><coordinates>9.15603707,45.50108154,173.12</coordinates></Point>
    <description><![CDATA[<table width="250"><tr><td><p style="line-height:18px;"><font face="Arial"><b>Position Mode:</b> RTK Fixed<br><br><b>UTC:</b> 2023-12-21&#160;&#160;12:38:34.599<br><b>Week:</b> 2293,  <b>TOW:</b> 391132.600 s<br><b>Lat:</b> 45.5010815&deg;, <b>Lon:</b>   9.1560371&deg;<br><b>Alt (ellips):</b> 173.12 m (568.0 ft)<br><b>SOG:</b> 0.01 m/s (0.04 km/h, 0.03 mph)<br><b>Vertical Velocity:</b> -0.01 m/s<br><b>COG:</b> 14.0&deg;&#160;&#160;<br><br><b>SVs Used:</b> 15<br><b>PDOP:</b> 1.6, <b>HDOP:</b> 0.8<br><b>EHPE:</b> 0.06 m, <b>EVPE:</b> 0.12 m<br><b>Baseline:</b> 203.62 m<br><b>Corrections Age:</b> 1.6 s</font></p></td></tr></table>]]></description>
   </Placemark>
   <Placemark>
    <styleUrl>#GreenNE</styleUrl><Point><coordinates>9.15603707,45.50108154,173.12</coordinates></Point>
    <description><![CDATA[<table width="250"><tr><td><p style="line-height:18px;"><font face="Arial"><b>Position Mode:</b> RTK Fixed<br><br><b>UTC:</b> 2023-12-21&#160;&#160;12:38:34.699<br><b>Week:</b> 2293,  <b>TOW:</b> 391132.700 s<br><b>Lat:</b> 45.5010815&deg;, <b>Lon:</b>   9.1560371&deg;<br><b>Alt (ellips):</b> 173.12 m (568.0 ft)<br><b>SOG:</b> 0.01 m/s (0.05 km/h, 0.03 mph)<br><b>Vertical Velocity:</b> 0.01 m/s<br><b>COG:</b> 45.0&deg;&#160;&#160;<br><br><b>SVs Tracked:</b> 19 (GPS GAL BDS SBAS)<br><b>SVs Used:</b> 15<br><b>PDOP:</b> 1.6, <b>HDOP:</b> 0.8<br><b>EHPE:</b> 0.06 m, <b>EVPE:</b> 0.12 m<br><b>Baseline:</b> 203.62 m<br><b>Corrections Age:</b> 1.7 s</font></p></td></tr></table>]]></description>
   </Placemark>
   <Placemark>
    <styleUrl>#GreenS</styleUrl><Point><coordinates>9.15603707,45.50108154,173.12</coordinates></Point>
    <description><![CDATA[<table width="250"><tr><td><p style="line-height:18px;"><font face="Arial"><b>Position Mode:</b> RTK Fixed<br><br><b>UTC:</b> 2023-12-21&#160;&#160;12:38:34.799<br><b>Week:</b> 2293,  <b>TOW:</b> 391132.800 s<br><b>Lat:</b> 45.5010815&deg;, <b>Lon:</b>   9.1560371&deg;<br><b>Alt (ellips):</b> 173.12 m (568.0 ft)<br><b>SOG:</b> 0.03 m/s (0.09 km/h, 0.06 mph)<br><b>Vertical Velocity:</b> -0.03 m/s<br><b>COG:</b> 170.5&deg;&#160;&#160;<br><br><b>SVs Used:</b> 15<br><b>PDOP:</b> 1.6, <b>HDOP:</b> 0.8<br><b>EHPE:</b> 0.06 m, <b>EVPE:</b> 0.12 m<br><b>Baseline:</b> 203.62 m<br><b>Corrections Age:</b> 1.8 s</font></p></td></tr></table>]]></description>
   </Placemark>
   <Placemark>
    <styleUrl>#GreenSSE</styleUrl><Point><coordinates>9.15603708,45.50108153,173.12</coordinates></Point>
    <description><![CDATA[<table width="250"><tr><td><p style="line-height:18px;"><font face="Arial"><b>Position Mode:</b> RTK Fixed<br><br><b>UTC:</b> 2023-12-21&#160;&#160;12:38:34.899<br><b>Week:</b> 2293,  <b>TOW:</b> 391132.900 s<br><b>Lat:</b> 45.5010815&deg;, <b>Lon:</b>   9.1560371&deg;<br><b>Alt (ellips):</b> 173.12 m (568.0 ft)<br><b>SOG:</b> 0.01 m/s (0.04 km/h, 0.03 mph)<br><b>Vertical Velocity:</b> 0.00 m/s<br><b>COG:</b> 164.7&deg;&#160;&#160;<br><br><b>SVs Used:</b> 15<br><b>PDOP:</b> 1.6, <b>HDOP:</b> 0.8<br><b>EHPE:</b> 0.06 m, <b>EVPE:</b> 0.13 m<br><b>Baseline:</b> 203.62 m<br><b>Corrections Age:</b> 1.9 s</font></p></td></tr></table>]]></description>
   </Placemark>
   <Placemark>
    <styleUrl>#GreenNNE</styleUrl><Point><coordinates>9.15603708,45.50108153,173.12</coordinates></Point>
    <description><![CDATA[<table width="250"><tr><td><p style="line-height:18px;"><font face="Arial"><b>Position Mode:</b> RTK Fixed<br><br><b>UTC:</b> 2023-12-21&#160;&#160;12:38:34.999<br><b>Week:</b> 2293,  <b>TOW:</b> 391133.000 s<br><b>Lat:</b> 45.5010815&deg;, <b>Lon:</b>   9.1560371&deg;<br><b>Alt (ellips):</b> 173.12 m (568.0 ft)<br><b>SOG:</b> 0.02 m/s (0.07 km/h, 0.04 mph)<br><b>Vertical Velocity:</b> -0.02 m/s<br><b>COG:</b> 26.6&deg;&#160;&#160;<br><br><b>SVs Used:</b> 15<br><b>PDOP:</b> 1.6, <b>HDOP:</b> 0.8<br><b>EHPE:</b> 0.06 m, <b>EVPE:</b> 0.13 m<br><b>Baseline:</b> 203.62 m<br><b>Corrections Age:</b> 2.0 s</font></p></td></tr></table>]]></description>
   </Placemark>
   <Placemark>
    <styleUrl>#GreenNNE</styleUrl><Point><coordinates>9.15603708,45.50108154,173.11</coordinates></Point>
    <description><![CDATA[<table width="250"><tr><td><p style="line-height:18px;"><font face="Arial"><b>Position Mode:</b> RTK Fixed<br><br><b>UTC:</b> 2023-12-21&#160;&#160;12:38:35.099<br><b>Week:</b> 2293,  <b>TOW:</b> 391133.100 s<br><b>Lat:</b> 45.5010815&deg;, <b>Lon:</b>   9.1560371&deg;<br><b>Alt (ellips):</b> 173.11 m (568.0 ft)<br><b>SOG:</b> 0.02 m/s (0.07 km/h, 0.04 mph)<br><b>Vertical Velocity:</b> -0.02 m/s<br><b>COG:</b> 14.0&deg;&#160;&#160;<br><br><b>SVs Used:</b> 15<br><b>PDOP:</b> 1.6, <b>HDOP:</b> 0.8<br><b>EHPE:</b> 0.06 m, <b>EVPE:</b> 0.13 m<br><b>Baseline:</b> 203.62 m<br><b>Corrections Age:</b> 2.1 s</font></p></td></tr></table>]]></description>
   </Placemark>
   <Placemark>
    <styleUrl>#GreenSSW</styleUrl><Point><coordinates>9.15603708,45.50108154,173.12</coordinates></Point>
    <description><![CDATA[<table width="250"><tr><td><p style="line-height:18px;"><font face="Arial"><b>Position Mode:</b> RTK Fixed<br><br><b>UTC:</b> 2023-12-21&#160;&#160;12:38:35.199<br><b>Week:</b> 2293,  <b>TOW:</b> 391133.200 s<br><b>Lat:</b> 45.5010815&deg;, <b>Lon:</b>   9.1560371&deg;<br><b>Alt (ellips):</b> 173.12 m (568.0 ft)<br><b>SOG:</b> 0.03 m/s (0.11 km/h, 0.07 mph)<br><b>Vertical Velocity:</b> 0.03 m/s<br><b>COG:</b> 206.6&deg;&#160;&#160;<br><br><b>SVs Tracked:</b> 24 (GPS GLO GAL BDS SBAS)<br><b>SVs Used:</b> 15<br><b>PDOP:</b> 1.6, <b>HDOP:</b> 0.8<br><b>EHPE:</b> 0.06 m, <b>EVPE:</b> 0.13 m<br><b>Baseline:</b> 203.62 m<br><b>Corrections Age:</b> 2.2 s</font></p></td></tr></table>]]></description>
   </Placemark>
   <Placemark>
    <styleUrl>#GreenSSE</styleUrl><Point><coordinates>9.15603708,45.50108153,173.12</coordinates></Point>
    <description><![CDATA[<table width="250"><tr><td><p style="line-height:18px;"><font face="Arial"><b>Position Mode:</b> RTK Fixed<br><br><b>UTC:</b> 2023-12-21&#160;&#160;12:38:35.299<br><b>Week:</b> 2293,  <b>TOW:</b> 391133.300 s<br><b>Lat:</b> 45.5010815&deg;, <b>Lon:</b>   9.1560371&deg;<br><b>Alt (ellips):</b> 173.12 m (568.0 ft)<br><b>SOG:</b> 0.03 m/s (0.10 km/h, 0.06 mph)<br><b>Vertical Velocity:</b> -0.03 m/s<br><b>COG:</b> 168.7&deg;&#160;&#160;<br><br><b>SVs Used:</b> 15<br><b>PDOP:</b> 1.6, <b>HDOP:</b> 0.8<br><b>EHPE:</b> 0.06 m, <b>EVPE:</b> 0.13 m<br><b>Baseline:</b> 203.62 m<br><b>Corrections Age:</b> 2.3 s</font></p></td></tr></table>]]></description>
   </Placemark>
   <Placemark>
    <styleUrl>#GreenSE</styleUrl><Point><coordinates>9.15603708,45.50108153,173.12</coordinates></Point>
    <description><![CDATA[<table width="250"><tr><td><p style="line-height:18px;"><font face="Arial"><b>Position Mode:</b> RTK Fixed<br><br><b>UTC:</b> 2023-12-21&#160;&#160;12:38:35.399<br><b>Week:</b> 2293,  <b>TOW:</b> 391133.400 s<br><b>Lat:</b> 45.5010815&deg;, <b>Lon:</b>   9.1560371&deg;<br><b>Alt (ellips):</b> 173.12 m (568.0 ft)<br><b>SOG:</b> 0.01 m/s (0.05 km/h, 0.03 mph)<br><b>Vertical Velocity:</b> 0.01 m/s<br><b>COG:</b> 135.0&deg;&#160;&#160;<br><br><b>SVs Used:</b> 15<br><b>PDOP:</b> 1.6, <b>HDOP:</b> 0.8<br><b>EHPE:</b> 0.06 m, <b>EVPE:</b> 0.12 m<br><b>Baseline:</b> 203.62 m<br><b>Corrections Age:</b> 1.4 s</font></p></td></tr></table>]]></description>
   </Placemark>
   <Placemark>
    <styleUrl>#GreenNNW</styleUrl><Point><coordinates>9.15603708,45.50108153,173.12</coordinates></Point>
    <description><![CDATA[<table width="250"><tr><td><p style="line-height:18px;"><font face="Arial"><b>Position Mode:</b> RTK Fixed<br><br><b>UTC:</b> 2023-12-21&#160;&#160;12:38:35.499<br><b>Week:</b> 2293,  <b>TOW:</b> 391133.500 s<br><b>Lat:</b> 45.5010815&deg;, <b>Lon:</b>   9.1560371&deg;<br><b>Alt (ellips):</b> 173.12 m (568.0 ft)<br><b>SOG:</b> 0.02 m/s (0.06 km/h, 0.04 mph)<br><b>Vertical Velocity:</b> -0.01 m/s<br><b>COG:</b> 338.2&deg;&#160;&#160;<br><br><b>SVs Used:</b> 15<br><b>PDOP:</b> 1.6, <b>HDOP:</b> 0.8<br><b>EHPE:</b> 0.06 m, <b>EVPE:</b> 0.12 m<br><b>Baseline:</b> 203.62 m<br><b>Corrections Age:</b> 1.5 s</font></p></td></tr></table>]]></description>
   </Placemark>
   <Placemark>
    <styleUrl>#GreenSSE</styleUrl><Point><coordinates>9.15603708,45.50108153,173.12</coordinates></Point>
    <description><![CDATA[<table width="250"><tr><td><p style="line-height:18px;"><font face="Arial"><b>Position Mode:</b> RTK Fixed<br><br><b>UTC:</b> 2023-12-21&#160;&#160;12:38:35.599<br><b>Week:</b> 2293,  <b>TOW:</b> 391133.600 s<br><b>Lat:</b> 45.5010815&deg;, <b>Lon:</b>   9.1560371&deg;<br><b>Alt (ellips):</b> 173.12 m (568.0 ft)<br><b>SOG:</b> 0.02 m/s (0.06 km/h, 0.04 mph)<br><b>Vertical Velocity:</b> -0.01 m/s<br><b>COG:</b> 149.0&deg;&#160;&#160;<br><br><b>SVs Used:</b> 15<br><b>PDOP:</b> 1.6, <b>HDOP:</b> 0.8<br><b>EHPE:</b> 0.06 m, <b>EVPE:</b> 0.12 m<br><b>Baseline:</b> 203.62 m<br><b>Corrections Age:</b> 1.6 s</font></p></td></tr></table>]]></description>
   </Placemark>
   <Placemark>
    <styleUrl>#GreenSE</styleUrl><Point><coordinates>9.15603708,45.50108153,173.12</coordinates></Point>
    <description><![CDATA[<table width="250"><tr><td><p style="line-height:18px;"><font face="Arial"><b>Position Mode:</b> RTK Fixed<br><br><b>UTC:</b> 2023-12-21&#160;&#160;12:38:35.699<br><b>Week:</b> 2293,  <b>TOW:</b> 391133.700 s<br><b>Lat:</b> 45.5010815&deg;, <b>Lon:</b>   9.1560371&deg;<br><b>Alt (ellips):</b> 173.12 m (568.0 ft)<br><b>SOG:</b> 0.01 m/s (0.05 km/h, 0.03 mph)<br><b>Vertical Velocity:</b> -0.01 m/s<br><b>COG:</b> 135.0&deg;&#160;&#160;<br><br><b>SVs Tracked:</b> 19 (GPS GAL BDS SBAS)<br><b>SVs Used:</b> 15<br><b>PDOP:</b> 1.6, <b>HDOP:</b> 0.8<br><b>EHPE:</b> 0.06 m, <b>EVPE:</b> 0.12 m<br><b>Baseline:</b> 203.62 m<br><b>Corrections Age:</b> 1.7 s</font></p></td></tr></table>]]></description>
   </Placemark>
   <Placemark>
    <styleUrl>#GreenNE</styleUrl><Point><coordinates>9.15603709,45.50108153,173.12</coordinates></Point>
    <description><![CDATA[<table width="250"><tr><td><p style="line-height:18px;"><font face="Arial"><b>Position Mode:</b> RTK Fixed<br><br><b>UTC:</b> 2023-12-21&#160;&#160;12:38:35.799<br><b>Week:</b> 2293,  <b>TOW:</b> 391133.800 s<br><b>Lat:</b> 45.5010815&deg;, <b>Lon:</b>   9.1560371&deg;<br><b>Alt (ellips):</b> 173.12 m (568.0 ft)<br><b>SOG:</b> 0.01 m/s (0.02 km/h, 0.02 mph)<br><b>Vertical Velocity:</b> 0.00 m/s<br><b>COG:</b> 45.0&deg;&#160;&#160;<br><br><b>SVs Used:</b> 15<br><b>PDOP:</b> 1.6, <b>HDOP:</b> 0.8<br><b>EHPE:</b> 0.06 m, <b>EVPE:</b> 0.12 m<br><b>Baseline:</b> 203.62 m<br><b>Corrections Age:</b> 1.8 s</font></p></td></tr></table>]]></description>
   </Placemark>
   <Placemark>
    <styleUrl>#GreenSSE</styleUrl><Point><coordinates>9.15603709,45.50108152,173.12</coordinates></Point>
    <description><![CDATA[<table width="250"><tr><td><p style="line-height:18px;"><font face="Arial"><b>Position Mode:</b> RTK Fixed<br><br><b>UTC:</b> 2023-12-21&#160;&#160;12:38:35.899<br><b>Week:</b> 2293,  <b>TOW:</b> 391133.900 s<br><b>Lat:</b> 45.5010815&deg;, <b>Lon:</b>   9.1560371&deg;<br><b>Alt (ellips):</b> 173.12 m (568.0 ft)<br><b>SOG:</b> 0.02 m/s (0.07 km/h, 0.04 mph)<br><b>Vertical Velocity:</b> -0.01 m/s<br><b>COG:</b> 167.0&deg;&#160;&#160;<br><br><b>SVs Used:</b> 15<br><b>PDOP:</b> 1.6, <b>HDOP:</b> 0.8<br><b>EHPE:</b> 0.06 m, <b>EVPE:</b> 0.13 m<br><b>Baseline:</b> 203.62 m<br><b>Corrections Age:</b> 1.9 s</font></p></td></tr></table>]]></description>
   </Placemark>
   <Placemark>
    <styleUrl>#GreenNW</styleUrl><Point><coordinates>9.15603708,45.50108153,173.12</coordinates></Point>
    <description><![CDATA[<table width="250"><tr><td><p style="line-height:18px;"><font face="Arial"><b>Position Mode:</b> RTK Fixed<br><br><b>UTC:</b> 2023-12-21&#160;&#160;12:38:35.999<br><b>Week:</b> 2293,  <b>TOW:</b> 391134.000 s<br><b>Lat:</b> 45.5010815&deg;, <b>Lon:</b>   9.1560371&deg;<br><b>Alt (ellips):</b> 173.12 m (568.0 ft)<br><b>SOG:</b> 0.02 m/s (0.06 km/h, 0.04 mph)<br><b>Vertical Velocity:</b> 0.01 m/s<br><b>COG:</b> 315.0&deg;&#160;&#160;<br><br><b>SVs Used:</b> 15<br><b>PDOP:</b> 1.6, <b>HDOP:</b> 0.8<br><b>EHPE:</b> 0.06 m, <b>EVPE:</b> 0.13 m<br><b>Baseline:</b> 203.62 m<br><b>Corrections Age:</b> 2.0 s</font></p></td></tr></table>]]></description>
   </Placemark>
   <Placemark>
    <styleUrl>#GreenSE</styleUrl><Point><coordinates>9.15603709,45.50108152,173.12</coordinates></Point>
    <description><![CDATA[<table width="250"><tr><td><p style="line-height:18px;"><font face="Arial"><b>Position Mode:</b> RTK Fixed<br><br><b>UTC:</b> 2023-12-21&#160;&#160;12:38:36.099<br><b>Week:</b> 2293,  <b>TOW:</b> 391134.100 s<br><b>Lat:</b> 45.5010815&deg;, <b>Lon:</b>   9.1560371&deg;<br><b>Alt (ellips):</b> 173.12 m (568.0 ft)<br><b>SOG:</b> 0.02 m/s (0.06 km/h, 0.04 mph)<br><b>Vertical Velocity:</b> 0.00 m/s<br><b>COG:</b> 129.8&deg;&#160;&#160;<br><br><b>SVs Used:</b> 15<br><b>PDOP:</b> 1.6, <b>HDOP:</b> 0.8<br><b>EHPE:</b> 0.06 m, <b>EVPE:</b> 0.14 m<br><b>Baseline:</b> 203.62 m<br><b>Corrections Age:</b> 2.1 s</font></p></td></tr></table>]]></description>
   </Placemark>
   <Placemark>
    <styleUrl>#GreenNNW</styleUrl><Point><coordinates>9.15603709,45.50108153,173.12</coordinates></Point>
    <description><![CDATA[<table width="250"><tr><td><p style="line-height:18px;"><font face="Arial"><b>Position Mode:</b> RTK Fixed<br><br><b>UTC:</b> 2023-12-21&#160;&#160;12:38:36.199<br><b>Week:</b> 2293,  <b>TOW:</b> 391134.200 s<br><b>Lat:</b> 45.5010815&deg;, <b>Lon:</b>   9.1560371&deg;<br><b>Alt (ellips):</b> 173.12 m (568.0 ft)<br><b>SOG:</b> 0.01 m/s (0.03 km/h, 0.02 mph)<br><b>Vertical Velocity:</b> 0.01 m/s<br><b>COG:</b> 326.3&deg;&#160;&#160;<br><br><b>SVs Tracked:</b> 24 (GPS GLO GAL BDS SBAS)<br><b>SVs Used:</b> 15<br><b>PDOP:</b> 1.6, <b>HDOP:</b> 0.8<br><b>EHPE:</b> 0.06 m, <b>EVPE:</b> 0.13 m<br><b>Baseline:</b> 203.62 m<br><b>Corrections Age:</b> 2.2 s</font></p></td></tr></table>]]></description>
   </Placemark>
   <Placemark>
    <styleUrl>#GreenNW</styleUrl><Point><coordinates>9.15603708,45.50108153,173.12</coordinates></Point>
    <description><![CDATA[<table width="250"><tr><td><p style="line-height:18px;"><font face="Arial"><b>Position Mode:</b> RTK Fixed<br><br><b>UTC:</b> 2023-12-21&#160;&#160;12:38:36.299<br><b>Week:</b> 2293,  <b>TOW:</b> 391134.300 s<br><b>Lat:</b> 45.5010815&deg;, <b>Lon:</b>   9.1560371&deg;<br><b>Alt (ellips):</b> 173.12 m (568.0 ft)<br><b>SOG:</b> 0.02 m/s (0.07 km/h, 0.05 mph)<br><b>Vertical Velocity:</b> -0.02 m/s<br><b>COG:</b> 306.9&deg;&#160;&#160;<br><br><b>SVs Used:</b> 15<br><b>PDOP:</b> 1.6, <b>HDOP:</b> 0.8<br><b>EHPE:</b> 0.06 m, <b>EVPE:</b> 0.14 m<br><b>Baseline:</b> 203.62 m<br><b>Corrections Age:</b> 2.3 s</font></p></td></tr></table>]]></description>
   </Placemark>
   <Placemark>
    <styleUrl>#GreenWSW</styleUrl><Point><coordinates>9.15603705,45.50108155,173.12</coordinates></Point>
    <description><![CDATA[<table width="250"><tr><td><p style="line-height:18px;"><font face="Arial"><b>Position Mode:</b> RTK Fixed<br><br><b>UTC:</b> 2023-12-21&#160;&#160;12:38:36.399<br><b>Week:</b> 2293,  <b>TOW:</b> 391134.400 s<br><b>Lat:</b> 45.5010815&deg;, <b>Lon:</b>   9.1560371&deg;<br><b>Alt (ellips):</b> 173.12 m (568.0 ft)<br><b>SOG:</b> 0.01 m/s (0.02 km/h, 0.01 mph)<br><b>Vertical Velocity:</b> 0.00 m/s<br><b>COG:</b> 243.4&deg;&#160;&#160;<br><br><b>SVs Used:</b> 15<br><b>PDOP:</b> 1.6, <b>HDOP:</b> 0.8<br><b>EHPE:</b> 0.05 m, <b>EVPE:</b> 0.12 m<br><b>Baseline:</b> 203.62 m<br><b>Corrections Age:</b> 1.4 s</font></p></td></tr></table>]]></description>
   </Placemark>
   <Placemark>
    <styleUrl>#GreenNE</styleUrl><Point><coordinates>9.15603706,45.50108155,173.12</coordinates></Point>
    <description><![CDATA[<table width="250"><tr><td><p style="line-height:18px;"><font face="Arial"><b>Position Mode:</b> RTK Fixed<br><br><b>UTC:</b> 2023-12-21&#160;&#160;12:38:36.499<br><b>Week:</b> 2293,  <b>TOW:</b> 391134.500 s<br><b>Lat:</b> 45.5010816&deg;, <b>Lon:</b>   9.1560371&deg;<br><b>Alt (ellips):</b> 173.12 m (568.0 ft)<br><b>SOG:</b> 0.01 m/s (0.05 km/h, 0.03 mph)<br><b>Vertical Velocity:</b> 0.01 m/s<br><b>COG:</b> 40.6&deg;&#160;&#160;<br><br><b>SVs Used:</b> 15<br><b>PDOP:</b> 1.6, <b>HDOP:</b> 0.8<br><b>EHPE:</b> 0.05 m, <b>EVPE:</b> 0.12 m<br><b>Baseline:</b> 203.62 m<br><b>Corrections Age:</b> 1.5 s</font></p></td></tr></table>]]></description>
   </Placemark>
   <Placemark>
    <styleUrl>#GreenNNE</styleUrl><Point><coordinates>9.15603706,45.50108156,173.12</coordinates></Point>
    <description><![CDATA[<table width="250"><tr><td><p style="line-height:18px;"><font face="Arial"><b>Position Mode:</b> RTK Fixed<br><br><b>UTC:</b> 2023-12-21&#160;&#160;12:38:36.599<br><b>Week:</b> 2293,  <b>TOW:</b> 391134.600 s<br><b>Lat:</b> 45.5010816&deg;, <b>Lon:</b>   9.1560371&deg;<br><b>Alt (ellips):</b> 173.12 m (568.0 ft)<br><b>SOG:</b> 0.02 m/s (0.07 km/h, 0.04 mph)<br><b>Vertical Velocity:</b> -0.02 m/s<br><b>COG:</b> 24.0&deg;&#160;&#160;<br><br><b>SVs Used:</b> 15<br><b>PDOP:</b> 1.6, <b>HDOP:</b> 0.8<br><b>EHPE:</b> 0.06 m, <b>EVPE:</b> 0.12 m<br><b>Baseline:</b> 203.62 m<br><b>Corrections Age:</b> 1.6 s</font></p></td></tr></table>]]></description>
   </Placemark>
   <Placemark>
    <styleUrl>#GreenS</styleUrl><Point><coordinates>9.15603706,45.50108155,173.12</coordinates></Point>
    <description><![CDATA[<table width="250"><tr><td><p style="line-height:18px;"><font face="Arial"><b>Position Mode:</b> RTK Fixed<br><br><b>UTC:</b> 2023-12-21&#160;&#160;12:38:36.699<br><b>Week:</b> 2293,  <b>TOW:</b> 391134.700 s<br><b>Lat:</b> 45.5010816&deg;, <b>Lon:</b>   9.1560371&deg;<br><b>Alt (ellips):</b> 173.12 m (568.0 ft)<br><b>SOG:</b> 0.02 m/s (0.06 km/h, 0.04 mph)<br><b>Vertical Velocity:</b> -0.01 m/s<br><b>COG:</b> 173.3&deg;&#160;&#160;<br><br><b>SVs Tracked:</b> 19 (GPS GAL BDS SBAS)<br><b>SVs Used:</b> 15<br><b>PDOP:</b> 1.6, <b>HDOP:</b> 0.8<br><b>EHPE:</b> 0.06 m, <b>EVPE:</b> 0.12 m<br><b>Baseline:</b> 203.62 m<br><b>Corrections Age:</b> 1.7 s</font></p></td></tr></table>]]></description>
   </Placemark>
   <Placemark>
    <styleUrl>#GreenSE</styleUrl><Point><coordinates>9.15603708,45.50108154,173.12</coordinates></Point>
    <description><![CDATA[<table width="250"><tr><td><p style="line-height:18px;"><font face="Arial"><b>Position Mode:</b> RTK Fixed<br><br><b>UTC:</b> 2023-12-21&#160;&#160;12:38:36.799<br><b>Week:</b> 2293,  <b>TOW:</b> 391134.800 s<br><b>Lat:</b> 45.5010815&deg;, <b>Lon:</b>   9.1560371&deg;<br><b>Alt (ellips):</b> 173.12 m (568.0 ft)<br><b>SOG:</b> 0.01 m/s (0.05 km/h, 0.03 mph)<br><b>Vertical Velocity:</b> -0.01 m/s<br><b>COG:</b> 132.0&deg;&#160;&#160;<br><br><b>SVs Used:</b> 15<br><b>PDOP:</b> 1.6, <b>HDOP:</b> 0.8<br><b>EHPE:</b> 0.06 m, <b>EVPE:</b> 0.13 m<br><b>Baseline:</b> 203.62 m<br><b>Corrections Age:</b> 1.8 s</font></p></td></tr></table>]]></description>
   </Placemark>
   <Placemark>
    <styleUrl>#GreenNNW</styleUrl><Point><coordinates>9.15603708,45.50108155,173.11</coordinates></Point>
    <description><![CDATA[<table width="250"><tr><td><p style="line-height:18px;"><font face="Arial"><b>Position Mode:</b> RTK Fixed<br><br><b>UTC:</b> 2023-12-21&#160;&#160;12:38:36.899<br><b>Week:</b> 2293,  <b>TOW:</b> 391134.900 s<br><b>Lat:</b> 45.5010815&deg;, <b>Lon:</b>   9.1560371&deg;<br><b>Alt (ellips):</b> 173.11 m (568.0 ft)<br><b>SOG:</b> 0.03 m/s (0.12 km/h, 0.07 mph)<br><b>Vertical Velocity:</b> -0.03 m/s<br><b>COG:</b> 348.7&deg;&#160;&#160;<br><br><b>SVs Used:</b> 15<br><b>PDOP:</b> 1.6, <b>HDOP:</b> 0.8<br><b>EHPE:</b> 0.06 m, <b>EVPE:</b> 0.13 m<br><b>Baseline:</b> 203.62 m<br><b>Corrections Age:</b> 1.9 s</font></p></td></tr></table>]]></description>
   </Placemark>
   <Placemark>
    <styleUrl>#GreenSSE</styleUrl><Point><coordinates>9.15603708,45.50108154,173.12</coordinates></Point>
    <description><![CDATA[<table width="250"><tr><td><p style="line-height:18px;"><font face="Arial"><b>Position Mode:</b> RTK Fixed<br><br><b>UTC:</b> 2023-12-21&#160;&#160;12:38:36.999<br><b>Week:</b> 2293,  <b>TOW:</b> 391135.000 s<br><b>Lat:</b> 45.5010815&deg;, <b>Lon:</b>   9.1560371&deg;<br><b>Alt (ellips):</b> 173.12 m (568.0 ft)<br><b>SOG:</b> 0.04 m/s (0.15 km/h, 0.09 mph)<br><b>Vertical Velocity:</b> 0.04 m/s<br><b>COG:</b> 157.4&deg;&#160;&#160;<br><br><b>SVs Used:</b> 15<br><b>PDOP:</b> 1.6, <b>HDOP:</b> 0.8<br><b>EHPE:</b> 0.06 m, <b>EVPE:</b> 0.13 m<br><b>Baseline:</b> 203.62 m<br><b>Corrections Age:</b> 2.0 s</font></p></td></tr></table>]]></description>
   </Placemark>
   <Placemark>
    <styleUrl>#GreenSSE</styleUrl><Point><coordinates>9.15603709,45.50108153,173.12</coordinates></Point>
    <description><![CDATA[<table width="250"><tr><td><p style="line-height:18px;"><font face="Arial"><b>Position Mode:</b> RTK Fixed<br><br><b>UTC:</b> 2023-12-21&#160;&#160;12:38:37.099<br><b>Week:</b> 2293,  <b>TOW:</b> 391135.100 s<br><b>Lat:</b> 45.5010815&deg;, <b>Lon:</b>   9.1560371&deg;<br><b>Alt (ellips):</b> 173.12 m (568.0 ft)<br><b>SOG:</b> 0.02 m/s (0.08 km/h, 0.05 mph)<br><b>Vertical Velocity:</b> -0.01 m/s<br><b>COG:</b> 159.4&deg;&#160;&#160;<br><br><b>SVs Used:</b> 15<br><b>PDOP:</b> 1.6, <b>HDOP:</b> 0.8<br><b>EHPE:</b> 0.06 m, <b>EVPE:</b> 0.13 m<br><b>Baseline:</b> 203.62 m<br><b>Corrections Age:</b> 2.1 s</font></p></td></tr></table>]]></description>
   </Placemark>
   <Placemark>
    <styleUrl>#GreenNW</styleUrl><Point><coordinates>9.15603708,45.50108154,173.12</coordinates></Point>
    <description><![CDATA[<table width="250"><tr><td><p style="line-height:18px;"><font face="Arial"><b>Position Mode:</b> RTK Fixed<br><br><b>UTC:</b> 2023-12-21&#160;&#160;12:38:37.199<br><b>Week:</b> 2293,  <b>TOW:</b> 391135.200 s<br><b>Lat:</b> 45.5010815&deg;, <b>Lon:</b>   9.1560371&deg;<br><b>Alt (ellips):</b> 173.12 m (568.0 ft)<br><b>SOG:</b> 0.01 m/s (0.05 km/h, 0.03 mph)<br><b>Vertical Velocity:</b> -0.01 m/s<br><b>COG:</b> 323.1&deg;&#160;&#160;<br><br><b>SVs Tracked:</b> 24 (GPS GLO GAL BDS SBAS)<br><b>SVs Used:</b> 15<br><b>PDOP:</b> 1.6, <b>HDOP:</b> 0.8<br><b>EHPE:</b> 0.06 m, <b>EVPE:</b> 0.13 m<br><b>Baseline:</b> 203.62 m<br><b>Corrections Age:</b> 2.2 s</font></p></td></tr></table>]]></description>
   </Placemark>
   <Placemark>
    <styleUrl>#GreenENE</styleUrl><Point><coordinates>9.15603709,45.50108154,173.11</coordinates></Point>
    <description><![CDATA[<table width="250"><tr><td><p style="line-height:18px;"><font face="Arial"><b>Position Mode:</b> RTK Fixed<br><br><b>UTC:</b> 2023-12-21&#160;&#160;12:38:37.299<br><b>Week:</b> 2293,  <b>TOW:</b> 391135.300 s<br><b>Lat:</b> 45.5010815&deg;, <b>Lon:</b>   9.1560371&deg;<br><b>Alt (ellips):</b> 173.11 m (568.0 ft)<br><b>SOG:</b> 0.01 m/s (0.04 km/h, 0.03 mph)<br><b>Vertical Velocity:</b> -0.01 m/s<br><b>COG:</b> 63.4&deg;&#160;&#160;<br><br><b>SVs Used:</b> 15<br><b>PDOP:</b> 1.6, <b>HDOP:</b> 0.8<br><b>EHPE:</b> 0.06 m, <b>EVPE:</b> 0.13 m<br><b>Baseline:</b> 203.62 m<br><b>Corrections Age:</b> 2.3 s</font></p></td></tr></table>]]></description>
   </Placemark>
   <Placemark>
    <styleUrl>#GreenN</styleUrl><Point><coordinates>9.15603709,45.50108155,173.12</coordinates></Point>
    <description><![CDATA[<table width="250"><tr><td><p style="line-height:18px;"><font face="Arial"><b>Position Mode:</b> RTK Fixed<br><br><b>UTC:</b> 2023-12-21&#160;&#160;12:38:37.399<br><b>Week:</b> 2293,  <b>TOW:</b> 391135.400 s<br><b>Lat:</b> 45.5010815&deg;, <b>Lon:</b>   9.1560371&deg;<br><b>Alt (ellips):</b> 173.12 m (568.0 ft)<br><b>SOG:</b> 0.01 m/s (0.03 km/h, 0.02 mph)<br><b>Vertical Velocity:</b> 0.01 m/s<br><b>COG:</b> 8.1&deg;&#160;&#160;<br><br><b>SVs Used:</b> 15<br><b>PDOP:</b> 1.6, <b>HDOP:</b> 0.8<br><b>EHPE:</b> 0.06 m, <b>EVPE:</b> 0.13 m<br><b>Baseline:</b> 203.62 m<br><b>Corrections Age:</b> 2.4 s</font></p></td></tr></table>]]></description>
   </Placemark>
   <Placemark>
    <styleUrl>#GreenSSE</styleUrl><Point><coordinates>9.15603707,45.50108154,173.12</coordinates></Point>
    <description><![CDATA[<table width="250"><tr><td><p style="line-height:18px;"><font face="Arial"><b>Position Mode:</b> RTK Fixed<br><br><b>UTC:</b> 2023-12-21&#160;&#160;12:38:37.499<br><b>Week:</b> 2293,  <b>TOW:</b> 391135.500 s<br><b>Lat:</b> 45.5010815&deg;, <b>Lon:</b>   9.1560371&deg;<br><b>Alt (ellips):</b> 173.12 m (568.0 ft)<br><b>SOG:</b> 0.01 m/s (0.05 km/h, 0.03 mph)<br><b>Vertical Velocity:</b> 0.01 m/s<br><b>COG:</b> 150.3&deg;&#160;&#160;<br><br><b>SVs Used:</b> 15<br><b>PDOP:</b> 1.6, <b>HDOP:</b> 0.8<br><b>EHPE:</b> 0.05 m, <b>EVPE:</b> 0.11 m<br><b>Baseline:</b> 203.62 m<br><b>Corrections Age:</b> 1.5 s</font></p></td></tr></table>]]></description>
   </Placemark>
   <Placemark>
    <styleUrl>#GreenWSW</styleUrl><Point><coordinates>9.15603706,45.50108154,173.12</coordinates></Point>
    <description><![CDATA[<table width="250"><tr><td><p style="line-height:18px;"><font face="Arial"><b>Position Mode:</b> RTK Fixed<br><br><b>UTC:</b> 2023-12-21&#160;&#160;12:38:37.599<br><b>Week:</b> 2293,  <b>TOW:</b> 391135.600 s<br><b>Lat:</b> 45.5010815&deg;, <b>Lon:</b>   9.1560371&deg;<br><b>Alt (ellips):</b> 173.12 m (568.0 ft)<br><b>SOG:</b> 0.01 m/s (0.04 km/h, 0.03 mph)<br><b>Vertical Velocity:</b> 0.01 m/s<br><b>COG:</b> 256.0&deg;&#160;&#160;<br><br><b>SVs Used:</b> 15<br><b>PDOP:</b> 1.6, <b>HDOP:</b> 0.8<br><b>EHPE:</b> 0.05 m, <b>EVPE:</b> 0.11 m<br><b>Baseline:</b> 203.62 m<br><b>Corrections Age:</b> 1.6 s</font></p></td></tr></table>]]></description>
   </Placemark>
   <Placemark>
    <styleUrl>#GreenNNE</styleUrl><Point><coordinates>9.15603707,45.50108155,173.12</coordinates></Point>
    <description><![CDATA[<table width="250"><tr><td><p style="line-height:18px;"><font face="Arial"><b>Position Mode:</b> RTK Fixed<br><br><b>UTC:</b> 2023-12-21&#160;&#160;12:38:37.699<br><b>Week:</b> 2293,  <b>TOW:</b> 391135.700 s<br><b>Lat:</b> 45.5010815&deg;, <b>Lon:</b>   9.1560371&deg;<br><b>Alt (ellips):</b> 173.12 m (568.0 ft)<br><b>SOG:</b> 0.00 m/s (0.01 km/h, 0.01 mph)<br><b>Vertical Velocity:</b> 0.00 m/s<br><b>COG:</b> 33.7&deg;&#160;&#160;<br><br><b>SVs Tracked:</b> 19 (GPS GAL BDS SBAS)<br><b>SVs Used:</b> 15<br><b>PDOP:</b> 1.6, <b>HDOP:</b> 0.8<br><b>EHPE:</b> 0.05 m, <b>EVPE:</b> 0.11 m<br><b>Baseline:</b> 203.62 m<br><b>Corrections Age:</b> 1.7 s</font></p></td></tr></table>]]></description>
   </Placemark>
   <Placemark>
    <styleUrl>#GreenSSE</styleUrl><Point><coordinates>9.15603707,45.50108154,173.12</coordinates></Point>
    <description><![CDATA[<table width="250"><tr><td><p style="line-height:18px;"><font face="Arial"><b>Position Mode:</b> RTK Fixed<br><br><b>UTC:</b> 2023-12-21&#160;&#160;12:38:37.799<br><b>Week:</b> 2293,  <b>TOW:</b> 391135.800 s<br><b>Lat:</b> 45.5010815&deg;, <b>Lon:</b>   9.1560371&deg;<br><b>Alt (ellips):</b> 173.12 m (568.0 ft)<br><b>SOG:</b> 0.01 m/s (0.04 km/h, 0.02 mph)<br><b>Vertical Velocity:</b> -0.00 m/s<br><b>COG:</b> 167.5&deg;&#160;&#160;<br><br><b>SVs Used:</b> 15<br><b>PDOP:</b> 1.6, <b>HDOP:</b> 0.8<br><b>EHPE:</b> 0.05 m, <b>EVPE:</b> 0.11 m<br><b>Baseline:</b> 203.62 m<br><b>Corrections Age:</b> 1.8 s</font></p></td></tr></table>]]></description>
   </Placemark>
   <Placemark>
    <styleUrl>#GreenE</styleUrl><Point><coordinates>9.15603708,45.50108154,173.12</coordinates></Point>
    <description><![CDATA[<table width="250"><tr><td><p style="line-height:18px;"><font face="Arial"><b>Position Mode:</b> RTK Fixed<br><br><b>UTC:</b> 2023-12-21&#160;&#160;12:38:37.899<br><b>Week:</b> 2293,  <b>TOW:</b> 391135.900 s<br><b>Lat:</b> 45.5010815&deg;, <b>Lon:</b>   9.1560371&deg;<br><b>Alt (ellips):</b> 173.12 m (568.0 ft)<br><b>SOG:</b> 0.01 m/s (0.04 km/h, 0.02 mph)<br><b>Vertical Velocity:</b> -0.01 m/s<br><b>COG:</b> 97.1&deg;&#160;&#160;<br><br><b>SVs Used:</b> 15<br><b>PDOP:</b> 1.6, <b>HDOP:</b> 0.8<br><b>EHPE:</b> 0.05 m, <b>EVPE:</b> 0.11 m<br><b>Baseline:</b> 203.62 m<br><b>Corrections Age:</b> 1.9 s</font></p></td></tr></table>]]></description>
   </Placemark>
   <Placemark>
    <styleUrl>#GreenNNW</styleUrl><Point><coordinates>9.15603708,45.50108155,173.12</coordinates></Point>
    <description><![CDATA[<table width="250"><tr><td><p style="line-height:18px;"><font face="Arial"><b>Position Mode:</b> RTK Fixed<br><br><b>UTC:</b> 2023-12-21&#160;&#160;12:38:37.999<br><b>Week:</b> 2293,  <b>TOW:</b> 391136.000 s<br><b>Lat:</b> 45.5010816&deg;, <b>Lon:</b>   9.1560371&deg;<br><b>Alt (ellips):</b> 173.12 m (568.0 ft)<br><b>SOG:</b> 0.02 m/s (0.06 km/h, 0.04 mph)<br><b>Vertical Velocity:</b> 0.01 m/s<br><b>COG:</b> 348.7&deg;&#160;&#160;<br><br><b>SVs Used:</b> 15<br><b>PDOP:</b> 1.6, <b>HDOP:</b> 0.8<br><b>EHPE:</b> 0.05 m, <b>EVPE:</b> 0.11 m<br><b>Baseline:</b> 203.62 m<br><b>Corrections Age:</b> 2.0 s</font></p></td></tr></table>]]></description>
   </Placemark>
   <Placemark>
    <styleUrl>#GreenS</styleUrl><Point><coordinates>9.15603707,45.50108154,173.12</coordinates></Point>
    <description><![CDATA[<table width="250"><tr><td><p style="line-height:18px;"><font face="Arial"><b>Position Mode:</b> RTK Fixed<br><br><b>UTC:</b> 2023-12-21&#160;&#160;12:38:38.099<br><b>Week:</b> 2293,  <b>TOW:</b> 391136.100 s<br><b>Lat:</b> 45.5010815&deg;, <b>Lon:</b>   9.1560371&deg;<br><b>Alt (ellips):</b> 173.12 m (568.0 ft)<br><b>SOG:</b> 0.01 m/s (0.03 km/h, 0.02 mph)<br><b>Vertical Velocity:</b> 0.00 m/s<br><b>COG:</b> 186.3&deg;&#160;&#160;<br><br><b>SVs Used:</b> 15<br><b>PDOP:</b> 1.6, <b>HDOP:</b> 0.8<br><b>EHPE:</b> 0.05 m, <b>EVPE:</b> 0.11 m<br><b>Baseline:</b> 203.62 m<br><b>Corrections Age:</b> 2.1 s</font></p></td></tr></table>]]></description>
   </Placemark>
   <Placemark>
    <styleUrl>#GreenNNE</styleUrl><Point><coordinates>9.15603707,45.50108155,173.12</coordinates></Point>
    <description><![CDATA[<table width="250"><tr><td><p style="line-height:18px;"><font face="Arial"><b>Position Mode:</b> RTK Fixed<br><br><b>UTC:</b> 2023-12-21&#160;&#160;12:38:38.199<br><b>Week:</b> 2293,  <b>TOW:</b> 391136.200 s<br><b>Lat:</b> 45.5010816&deg;, <b>Lon:</b>   9.1560371&deg;<br><b>Alt (ellips):</b> 173.12 m (568.0 ft)<br><b>SOG:</b> 0.02 m/s (0.06 km/h, 0.04 mph)<br><b>Vertical Velocity:</b> 0.01 m/s<br><b>COG:</b> 14.0&deg;&#160;&#160;<br><br><b>SVs Tracked:</b> 24 (GPS GLO GAL BDS SBAS)<br><b>SVs Used:</b> 15<br><b>PDOP:</b> 1.6, <b>HDOP:</b> 0.8<br><b>EHPE:</b> 0.05 m, <b>EVPE:</b> 0.11 m<br><b>Baseline:</b> 203.62 m<br><b>Corrections Age:</b> 2.2 s</font></p></td></tr></table>]]></description>
   </Placemark>
   <Placemark>
    <styleUrl>#GreenNW</styleUrl><Point><coordinates>9.15603708,45.50108155,173.12</coordinates></Point>
    <description><![CDATA[<table width="250"><tr><td><p style="line-height:18px;"><font face="Arial"><b>Position Mode:</b> RTK Fixed<br><br><b>UTC:</b> 2023-12-21&#160;&#160;12:38:38.299<br><b>Week:</b> 2293,  <b>TOW:</b> 391136.300 s<br><b>Lat:</b> 45.5010816&deg;, <b>Lon:</b>   9.1560371&deg;<br><b>Alt (ellips):</b> 173.12 m (568.0 ft)<br><b>SOG:</b> 0.01 m/s (0.02 km/h, 0.01 mph)<br><b>Vertical Velocity:</b> 0.01 m/s<br><b>COG:</b> 315.0&deg;&#160;&#160;<br><br><b>SVs Used:</b> 15<br><b>PDOP:</b> 1.6, <b>HDOP:</b> 0.8<br><b>EHPE:</b> 0.05 m, <b>EVPE:</b> 0.11 m<br><b>Baseline:</b> 203.62 m<br><b>Corrections Age:</b> 2.3 s</font></p></td></tr></table>]]></description>
   </Placemark>
   <Placemark>
    <styleUrl>#GreenE</styleUrl><Point><coordinates>9.15603709,45.50108155,173.12</coordinates></Point>
    <description><![CDATA[<table width="250"><tr><td><p style="line-height:18px;"><font face="Arial"><b>Position Mode:</b> RTK Fixed<br><br><b>UTC:</b> 2023-12-21&#160;&#160;12:38:38.399<br><b>Week:</b> 2293,  <b>TOW:</b> 391136.400 s<br><b>Lat:</b> 45.5010816&deg;, <b>Lon:</b>   9.1560371&deg;<br><b>Alt (ellips):</b> 173.12 m (568.0 ft)<br><b>SOG:</b> 0.01 m/s (0.03 km/h, 0.02 mph)<br><b>Vertical Velocity:</b> 0.01 m/s<br><b>COG:</b> 90.0&deg;&#160;&#160;<br><br><b>SVs Used:</b> 15<br><b>PDOP:</b> 1.6, <b>HDOP:</b> 0.8<br><b>EHPE:</b> 0.05 m, <b>EVPE:</b> 0.11 m<br><b>Baseline:</b> 203.62 m<br><b>Corrections Age:</b> 2.4 s</font></p></td></tr></table>]]></description>
   </Placemark>
   <Placemark>
    <styleUrl>#GreenNW</styleUrl><Point><coordinates>9.15603708,45.50108156,173.12</coordinates></Point>
    <description><![CDATA[<table width="250"><tr><td><p style="line-height:18px;"><font face="Arial"><b>Position Mode:</b> RTK Fixed<br><br><b>UTC:</b> 2023-12-21&#160;&#160;12:38:38.499<br><b>Week:</b> 2293,  <b>TOW:</b> 391136.500 s<br><b>Lat:</b> 45.5010816&deg;, <b>Lon:</b>   9.1560371&deg;<br><b>Alt (ellips):</b> 173.12 m (568.0 ft)<br><b>SOG:</b> 0.03 m/s (0.11 km/h, 0.07 mph)<br><b>Vertical Velocity:</b> -0.03 m/s<br><b>COG:</b> 324.5&deg;&#160;&#160;<br><br><b>SVs Used:</b> 15<br><b>PDOP:</b> 1.6, <b>HDOP:</b> 0.8<br><b>EHPE:</b> 0.05 m, <b>EVPE:</b> 0.11 m<br><b>Baseline:</b> 203.62 m<br><b>Corrections Age:</b> 2.5 s</font></p></td></tr></table>]]></description>
   </Placemark>
   <Placemark>
    <styleUrl>#GreenN</styleUrl><Point><coordinates>9.15603708,45.50108156,173.12</coordinates></Point>
    <description><![CDATA[<table width="250"><tr><td><p style="line-height:18px;"><font face="Arial"><b>Position Mode:</b> RTK Fixed<br><br><b>UTC:</b> 2023-12-21&#160;&#160;12:38:38.599<br><b>Week:</b> 2293,  <b>TOW:</b> 391136.600 s<br><b>Lat:</b> 45.5010816&deg;, <b>Lon:</b>   9.1560371&deg;<br><b>Alt (ellips):</b> 173.12 m (568.0 ft)<br><b>SOG:</b> 0.00 m/s (0.00 km/h, 0.00 mph)<br><b>Vertical Velocity:</b> -0.00 m/s<br><b>COG:</b> 0.0&deg;&#160;&#160;<br><br><b>SVs Used:</b> 15<br><b>PDOP:</b> 1.6, <b>HDOP:</b> 0.8<br><b>EHPE:</b> 0.05 m, <b>EVPE:</b> 0.11 m<br><b>Baseline:</b> 203.62 m<br><b>Corrections Age:</b> 2.6 s</font></p></td></tr></table>]]></description>
   </Placemark>
   <Placemark>
    <styleUrl>#GreenESE</styleUrl><Point><coordinates>9.15603706,45.50108156,173.12</coordinates></Point>
    <description><![CDATA[<table width="250"><tr><td><p style="line-height:18px;"><font face="Arial"><b>Position Mode:</b> RTK Fixed<br><br><b>UTC:</b> 2023-12-21&#160;&#160;12:38:38.699<br><b>Week:</b> 2293,  <b>TOW:</b> 391136.700 s<br><b>Lat:</b> 45.5010816&deg;, <b>Lon:</b>   9.1560371&deg;<br><b>Alt (ellips):</b> 173.12 m (568.0 ft)<br><b>SOG:</b> 0.01 m/s (0.05 km/h, 0.03 mph)<br><b>Vertical Velocity:</b> -0.01 m/s<br><b>COG:</b> 104.0&deg;&#160;&#160;<br><br><b>SVs Tracked:</b> 19 (GPS GAL BDS SBAS)<br><b>SVs Used:</b> 15<br><b>PDOP:</b> 1.6, <b>HDOP:</b> 0.8<br><b>EHPE:</b> 0.05 m, <b>EVPE:</b> 0.12 m<br><b>Baseline:</b> 203.62 m<br><b>Corrections Age:</b> 1.7 s</font></p></td></tr></table>]]></description>
   </Placemark>
   <Placemark>
    <styleUrl>#GreenW</styleUrl><Point><coordinates>9.15603706,45.50108157,173.12</coordinates></Point>
    <description><![CDATA[<table width="250"><tr><td><p style="line-height:18px;"><font face="Arial"><b>Position Mode:</b> RTK Fixed<br><br><b>UTC:</b> 2023-12-21&#160;&#160;12:38:38.799<br><b>Week:</b> 2293,  <b>TOW:</b> 391136.800 s<br><b>Lat:</b> 45.5010816&deg;, <b>Lon:</b>   9.1560371&deg;<br><b>Alt (ellips):</b> 173.12 m (568.0 ft)<br><b>SOG:</b> 0.01 m/s (0.03 km/h, 0.02 mph)<br><b>Vertical Velocity:</b> 0.01 m/s<br><b>COG:</b> 270.0&deg;&#160;&#160;<br><br><b>SVs Used:</b> 15<br><b>PDOP:</b> 1.6, <b>HDOP:</b> 0.8<br><b>EHPE:</b> 0.05 m, <b>EVPE:</b> 0.12 m<br><b>Baseline:</b> 203.62 m<br><b>Corrections Age:</b> 1.8 s</font></p></td></tr></table>]]></description>
   </Placemark>
   <Placemark>
    <styleUrl>#GreenS</styleUrl><Point><coordinates>9.15603706,45.50108156,173.12</coordinates></Point>
    <description><![CDATA[<table width="250"><tr><td><p style="line-height:18px;"><font face="Arial"><b>Position Mode:</b> RTK Fixed<br><br><b>UTC:</b> 2023-12-21&#160;&#160;12:38:38.899<br><b>Week:</b> 2293,  <b>TOW:</b> 391136.900 s<br><b>Lat:</b> 45.5010816&deg;, <b>Lon:</b>   9.1560371&deg;<br><b>Alt (ellips):</b> 173.12 m (568.0 ft)<br><b>SOG:</b> 0.01 m/s (0.02 km/h, 0.01 mph)<br><b>Vertical Velocity:</b> -0.01 m/s<br><b>COG:</b> 180.0&deg;&#160;&#160;<br><br><b>SVs Used:</b> 15<br><b>PDOP:</b> 1.6, <b>HDOP:</b> 0.8<br><b>EHPE:</b> 0.05 m, <b>EVPE:</b> 0.12 m<br><b>Baseline:</b> 203.62 m<br><b>Corrections Age:</b> 1.9 s</font></p></td></tr></table>]]></description>
   </Placemark>
   <Placemark>
    <styleUrl>#GreenE</styleUrl><Point><coordinates>9.15603706,45.50108156,173.11</coordinates></Point>
    <description><![CDATA[<table width="250"><tr><td><p style="line-height:18px;"><font face="Arial"><b>Position Mode:</b> RTK Fixed<br><br><b>UTC:</b> 2023-12-21&#160;&#160;12:38:38.999<br><b>Week:</b> 2293,  <b>TOW:</b> 391137.000 s<br><b>Lat:</b> 45.5010816&deg;, <b>Lon:</b>   9.1560371&deg;<br><b>Alt (ellips):</b> 173.11 m (568.0 ft)<br><b>SOG:</b> 0.00 m/s (0.02 km/h, 0.01 mph)<br><b>Vertical Velocity:</b> -0.00 m/s<br><b>COG:</b> 90.0&deg;&#160;&#160;<br><br><b>SVs Used:</b> 15<br><b>PDOP:</b> 1.6, <b>HDOP:</b> 0.8<br><b>EHPE:</b> 0.06 m, <b>EVPE:</b> 0.12 m<br><b>Baseline:</b> 203.62 m<br><b>Corrections Age:</b> 2.0 s</font></p></td></tr></table>]]></description>
   </Placemark>
   <Placemark>
    <styleUrl>#GreenESE</styleUrl><Point><coordinates>9.15603707,45.50108156,173.12</coordinates></Point>
    <description><![CDATA[<table width="250"><tr><td><p style="line-height:18px;"><font face="Arial"><b>Position Mode:</b> RTK Fixed<br><br><b>UTC:</b> 2023-12-21&#160;&#160;12:38:39.099<br><b>Week:</b> 2293,  <b>TOW:</b> 391137.100 s<br><b>Lat:</b> 45.5010816&deg;, <b>Lon:</b>   9.1560371&deg;<br><b>Alt (ellips):</b> 173.12 m (568.0 ft)<br><b>SOG:</b> 0.01 m/s (0.05 km/h, 0.03 mph)<br><b>Vertical Velocity:</b> 0.01 m/s<br><b>COG:</b> 104.0&deg;&#160;&#160;<br><br><b>SVs Used:</b> 15<br><b>PDOP:</b> 1.6, <b>HDOP:</b> 0.8<br><b>EHPE:</b> 0.05 m, <b>EVPE:</b> 0.12 m<br><b>Baseline:</b> 203.62 m<br><b>Corrections Age:</b> 2.1 s</font></p></td></tr></table>]]></description>
   </Placemark>
   <Placemark>
    <styleUrl>#GreenENE</styleUrl><Point><coordinates>9.15603707,45.50108156,173.12</coordinates></Point>
    <description><![CDATA[<table width="250"><tr><td><p style="line-height:18px;"><font face="Arial"><b>Position Mode:</b> RTK Fixed<br><br><b>UTC:</b> 2023-12-21&#160;&#160;12:38:39.199<br><b>Week:</b> 2293,  <b>TOW:</b> 391137.200 s<br><b>Lat:</b> 45.5010816&deg;, <b>Lon:</b>   9.1560371&deg;<br><b>Alt (ellips):</b> 173.12 m (568.0 ft)<br><b>SOG:</b> 0.01 m/s (0.03 km/h, 0.02 mph)<br><b>Vertical Velocity:</b> 0.01 m/s<br><b>COG:</b> 63.4&deg;&#160;&#160;<br><br><b>SVs Tracked:</b> 24 (GPS GLO GAL BDS SBAS)<br><b>SVs Used:</b> 15<br><b>PDOP:</b> 1.6, <b>HDOP:</b> 0.8<br><b>EHPE:</b> 0.05 m, <b>EVPE:</b> 0.12 m<br><b>Baseline:</b> 203.62 m<br><b>Corrections Age:</b> 2.2 s</font></p></td></tr></table>]]></description>
   </Placemark>
   <Placemark>
    <styleUrl>#GreenWSW</styleUrl><Point><coordinates>9.15603706,45.50108156,173.12</coordinates></Point>
    <description><![CDATA[<table width="250"><tr><td><p style="line-height:18px;"><font face="Arial"><b>Position Mode:</b> RTK Fixed<br><br><b>UTC:</b> 2023-12-21&#160;&#160;12:38:39.299<br><b>Week:</b> 2293,  <b>TOW:</b> 391137.300 s<br><b>Lat:</b> 45.5010816&deg;, <b>Lon:</b>   9.1560371&deg;<br><b>Alt (ellips):</b> 173.12 m (568.0 ft)<br><b>SOG:</b> 0.01 m/s (0.04 km/h, 0.02 mph)<br><b>Vertical Velocity:</b> -0.01 m/s<br><b>COG:</b> 251.6&deg;&#160;&#160;<br><br><b>SVs Used:</b> 15<br><b>PDOP:</b> 1.6, <b>HDOP:</b> 0.8<br><b>EHPE:</b> 0.05 m, <b>EVPE:</b> 0.11 m<br><b>Baseline:</b> 203.62 m<br><b>Corrections Age:</b> 1.3 s</font></p></td></tr></table>]]></description>
   </Placemark>
   <Placemark>
    <styleUrl>#GreenNNW</styleUrl><Point><coordinates>9.15603706,45.50108157,173.12</coordinates></Point>
    <description><![CDATA[<table width="250"><tr><td><p style="line-height:18px;"><font face="Arial"><b>Position Mode:</b> RTK Fixed<br><br><b>UTC:</b> 2023-12-21&#160;&#160;12:38:39.399<br><b>Week:</b> 2293,  <b>TOW:</b> 391137.400 s<br><b>Lat:</b> 45.5010816&deg;, <b>Lon:</b>   9.1560371&deg;<br><b>Alt (ellips):</b> 173.12 m (568.0 ft)<br><b>SOG:</b> 0.02 m/s (0.08 km/h, 0.05 mph)<br><b>Vertical Velocity:</b> -0.01 m/s<br><b>COG:</b> 340.6&deg;&#160;&#160;<br><br><b>SVs Used:</b> 15<br><b>PDOP:</b> 1.6, <b>HDOP:</b> 0.8<br><b>EHPE:</b> 0.05 m, <b>EVPE:</b> 0.11 m<br><b>Baseline:</b> 203.62 m<br><b>Corrections Age:</b> 1.4 s</font></p></td></tr></table>]]></description>
   </Placemark>
   <Placemark>
    <styleUrl>#GreenS</styleUrl><Point><coordinates>9.15603706,45.50108157,173.12</coordinates></Point>
    <description><![CDATA[<table width="250"><tr><td><p style="line-height:18px;"><font face="Arial"><b>Position Mode:</b> RTK Fixed<br><br><b>UTC:</b> 2023-12-21&#160;&#160;12:38:39.499<br><b>Week:</b> 2293,  <b>TOW:</b> 391137.500 s<br><b>Lat:</b> 45.5010816&deg;, <b>Lon:</b>   9.1560371&deg;<br><b>Alt (ellips):</b> 173.12 m (568.0 ft)<br><b>SOG:</b> 0.01 m/s (0.02 km/h, 0.02 mph)<br><b>Vertical Velocity:</b> 0.00 m/s<br><b>COG:</b> 180.0&deg;&#160;&#160;<br><br><b>SVs Used:</b> 15<br><b>PDOP:</b> 1.6, <b>HDOP:</b> 0.8<br><b>EHPE:</b> 0.05 m, <b>EVPE:</b> 0.11 m<br><b>Baseline:</b> 203.62 m<br><b>Corrections Age:</b> 1.5 s</font></p></td></tr></table>]]></description>
   </Placemark>
   <Placemark>
    <styleUrl>#GreenW</styleUrl><Point><coordinates>9.15603706,45.50108156,173.11</coordinates></Point>
    <description><![CDATA[<table width="250"><tr><td><p style="line-height:18px;"><font face="Arial"><b>Position Mode:</b> RTK Fixed<br><br><b>UTC:</b> 2023-12-21&#160;&#160;12:38:39.599<br><b>Week:</b> 2293,  <b>TOW:</b> 391137.600 s<br><b>Lat:</b> 45.5010816&deg;, <b>Lon:</b>   9.1560371&deg;<br><b>Alt (ellips):</b> 173.11 m (568.0 ft)<br><b>SOG:</b> 0.03 m/s (0.12 km/h, 0.07 mph)<br><b>Vertical Velocity:</b> -0.03 m/s<br><b>COG:</b> 270.0&deg;&#160;&#160;<br><br><b>SVs Used:</b> 15<br><b>PDOP:</b> 1.6, <b>HDOP:</b> 0.8<br><b>EHPE:</b> 0.05 m, <b>EVPE:</b> 0.12 m<br><b>Baseline:</b> 203.62 m<br><b>Corrections Age:</b> 1.6 s</font></p></td></tr></table>]]></description>
   </Placemark>
   <Placemark>
    <styleUrl>#GreenNNW</styleUrl><Point><coordinates>9.15603705,45.50108157,173.12</coordinates></Point>
    <description><![CDATA[<table width="250"><tr><td><p style="line-height:18px;"><font face="Arial"><b>Position Mode:</b> RTK Fixed<br><br><b>UTC:</b> 2023-12-21&#160;&#160;12:38:39.699<br><b>Week:</b> 2293,  <b>TOW:</b> 391137.700 s<br><b>Lat:</b> 45.5010816&deg;, <b>Lon:</b>   9.1560371&deg;<br><b>Alt (ellips):</b> 173.12 m (568.0 ft)<br><b>SOG:</b> 0.03 m/s (0.11 km/h, 0.07 mph)<br><b>Vertical Velocity:</b> 0.03 m/s<br><b>COG:</b> 339.4&deg;&#160;&#160;<br><br><b>SVs Tracked:</b> 19 (GPS GAL BDS SBAS)<br><b>SVs Used:</b> 15<br><b>PDOP:</b> 1.6, <b>HDOP:</b> 0.8<br><b>EHPE:</b> 0.05 m, <b>EVPE:</b> 0.12 m<br><b>Baseline:</b> 203.62 m<br><b>Corrections Age:</b> 1.7 s</font></p></td></tr></table>]]></description>
   </Placemark>
   <Placemark>
    <styleUrl>#GreenSSE</styleUrl><Point><coordinates>9.15603707,45.50108156,173.12</coordinates></Point>
    <description><![CDATA[<table width="250"><tr><td><p style="line-height:18px;"><font face="Arial"><b>Position Mode:</b> RTK Fixed<br><br><b>UTC:</b> 2023-12-21&#160;&#160;12:38:39.799<br><b>Week:</b> 2293,  <b>TOW:</b> 391137.800 s<br><b>Lat:</b> 45.5010816&deg;, <b>Lon:</b>   9.1560371&deg;<br><b>Alt (ellips):</b> 173.12 m (568.0 ft)<br><b>SOG:</b> 0.02 m/s (0.06 km/h, 0.04 mph)<br><b>Vertical Velocity:</b> -0.01 m/s<br><b>COG:</b> 151.7&deg;&#160;&#160;<br><br><b>SVs Used:</b> 15<br><b>PDOP:</b> 1.6, <b>HDOP:</b> 0.8<br><b>EHPE:</b> 0.06 m, <b>EVPE:</b> 0.12 m<br><b>Baseline:</b> 203.62 m<br><b>Corrections Age:</b> 1.8 s</font></p></td></tr></table>]]></description>
   </Placemark>
   <Placemark>
    <styleUrl>#GreenNNE</styleUrl><Point><coordinates>9.15603707,45.50108157,173.11</coordinates></Point>
    <description><![CDATA[<table width="250"><tr><td><p style="line-height:18px;"><font face="Arial"><b>Position Mode:</b> RTK Fixed<br><br><b>UTC:</b> 2023-12-21&#160;&#160;12:38:39.899<br><b>Week:</b> 2293,  <b>TOW:</b> 391137.900 s<br><b>Lat:</b> 45.5010816&deg;, <b>Lon:</b>   9.1560371&deg;<br><b>Alt (ellips):</b> 173.11 m (568.0 ft)<br><b>SOG:</b> 0.02 m/s (0.06 km/h, 0.04 mph)<br><b>Vertical Velocity:</b> -0.01 m/s<br><b>COG:</b> 15.9&deg;&#160;&#160;<br><br><b>SVs Used:</b> 15<br><b>PDOP:</b> 1.6, <b>HDOP:</b> 0.8<br><b>EHPE:</b> 0.06 m, <b>EVPE:</b> 0.13 m<br><b>Baseline:</b> 203.62 m<br><b>Corrections Age:</b> 1.9 s</font></p></td></tr></table>]]></description>
   </Placemark>
   <Placemark>
    <styleUrl>#GreenW</styleUrl><Point><coordinates>9.15603706,45.50108157,173.11</coordinates></Point>
    <description><![CDATA[<table width="250"><tr><td><p style="line-height:18px;"><font face="Arial"><b>Position Mode:</b> RTK Fixed<br><br><b>UTC:</b> 2023-12-21&#160;&#160;12:38:39.999<br><b>Week:</b> 2293,  <b>TOW:</b> 391138.000 s<br><b>Lat:</b> 45.5010816&deg;, <b>Lon:</b>   9.1560371&deg;<br><b>Alt (ellips):</b> 173.11 m (567.9 ft)<br><b>SOG:</b> 0.03 m/s (0.12 km/h, 0.07 mph)<br><b>Vertical Velocity:</b> -0.03 m/s<br><b>COG:</b> 278.1&deg;&#160;&#160;<br><br><b>SVs Used:</b> 15<br><b>PDOP:</b> 1.6, <b>HDOP:</b> 0.8<br><b>EHPE:</b> 0.06 m, <b>EVPE:</b> 0.12 m<br><b>Baseline:</b> 203.62 m<br><b>Corrections Age:</b> 2.0 s</font></p></td></tr></table>]]></description>
   </Placemark>
   <Placemark>
    <styleUrl>#GreenE</styleUrl><Point><coordinates>9.15603707,45.50108157,173.11</coordinates></Point>
    <description><![CDATA[<table width="250"><tr><td><p style="line-height:18px;"><font face="Arial"><b>Position Mode:</b> RTK Fixed<br><br><b>UTC:</b> 2023-12-21&#160;&#160;12:38:40.099<br><b>Week:</b> 2293,  <b>TOW:</b> 391138.100 s<br><b>Lat:</b> 45.5010816&deg;, <b>Lon:</b>   9.1560371&deg;<br><b>Alt (ellips):</b> 173.11 m (568.0 ft)<br><b>SOG:</b> 0.03 m/s (0.09 km/h, 0.06 mph)<br><b>Vertical Velocity:</b> 0.03 m/s<br><b>COG:</b> 90.0&deg;&#160;&#160;<br><br><b>SVs Used:</b> 15<br><b>PDOP:</b> 1.6, <b>HDOP:</b> 0.8<br><b>EHPE:</b> 0.06 m, <b>EVPE:</b> 0.12 m<br><b>Baseline:</b> 203.62 m<br><b>Corrections Age:</b> 2.1 s</font></p></td></tr></table>]]></description>
   </Placemark>
   <Placemark>
    <styleUrl>#GreenNNW</styleUrl><Point><coordinates>9.15603706,45.50108156,173.12</coordinates></Point>
    <description><![CDATA[<table width="250"><tr><td><p style="line-height:18px;"><font face="Arial"><b>Position Mode:</b> RTK Fixed<br><br><b>UTC:</b> 2023-12-21&#160;&#160;12:38:40.199<br><b>Week:</b> 2293,  <b>TOW:</b> 391138.200 s<br><b>Lat:</b> 45.5010816&deg;, <b>Lon:</b>   9.1560371&deg;<br><b>Alt (ellips):</b> 173.12 m (568.0 ft)<br><b>SOG:</b> 0.01 m/s (0.03 km/h, 0.02 mph)<br><b>Vertical Velocity:</b> -0.01 m/s<br><b>COG:</b> 348.7&deg;&#160;&#160;<br><br><b>SVs Tracked:</b> 24 (GPS GLO GAL BDS SBAS)<br><b>SVs Used:</b> 15<br><b>PDOP:</b> 1.6, <b>HDOP:</b> 0.8<br><b>EHPE:</b> 0.05 m, <b>EVPE:</b> 0.12 m<br><b>Baseline:</b> 203.62 m<br><b>Corrections Age:</b> 1.2 s</font></p></td></tr></table>]]></description>
   </Placemark>
   <Placemark>
    <styleUrl>#GreenSSE</styleUrl><Point><coordinates>9.15603706,45.50108155,173.12</coordinates></Point>
    <description><![CDATA[<table width="250"><tr><td><p style="line-height:18px;"><font face="Arial"><b>Position Mode:</b> RTK Fixed<br><br><b>UTC:</b> 2023-12-21&#160;&#160;12:38:40.299<br><b>Week:</b> 2293,  <b>TOW:</b> 391138.300 s<br><b>Lat:</b> 45.5010815&deg;, <b>Lon:</b>   9.1560371&deg;<br><b>Alt (ellips):</b> 173.12 m (568.0 ft)<br><b>SOG:</b> 0.02 m/s (0.08 km/h, 0.05 mph)<br><b>Vertical Velocity:</b> 0.02 m/s<br><b>COG:</b> 167.9&deg;&#160;&#160;<br><br><b>SVs Used:</b> 15<br><b>PDOP:</b> 1.6, <b>HDOP:</b> 0.8<br><b>EHPE:</b> 0.05 m, <b>EVPE:</b> 0.12 m<br><b>Baseline:</b> 203.62 m<br><b>Corrections Age:</b> 1.3 s</font></p></td></tr></table>]]></description>
   </Placemark>
   <Placemark>
    <styleUrl>#GreenNNE</styleUrl><Point><coordinates>9.15603706,45.50108155,173.12</coordinates></Point>
    <description><![CDATA[<table width="250"><tr><td><p style="line-height:18px;"><font face="Arial"><b>Position Mode:</b> RTK Fixed<br><br><b>UTC:</b> 2023-12-21&#160;&#160;12:38:40.399<br><b>Week:</b> 2293,  <b>TOW:</b> 391138.400 s<br><b>Lat:</b> 45.5010816&deg;, <b>Lon:</b>   9.1560371&deg;<br><b>Alt (ellips):</b> 173.12 m (568.0 ft)<br><b>SOG:</b> 0.01 m/s (0.02 km/h, 0.01 mph)<br><b>Vertical Velocity:</b> -0.00 m/s<br><b>COG:</b> 11.3&deg;&#160;&#160;<br><br><b>SVs Used:</b> 15<br><b>PDOP:</b> 1.6, <b>HDOP:</b> 0.8<br><b>EHPE:</b> 0.05 m, <b>EVPE:</b> 0.12 m<br><b>Baseline:</b> 203.62 m<br><b>Corrections Age:</b> 1.4 s</font></p></td></tr></table>]]></description>
   </Placemark>
   <Placemark>
    <styleUrl>#GreenWNW</styleUrl><Point><coordinates>9.15603706,45.50108155,173.12</coordinates></Point>
    <description><![CDATA[<table width="250"><tr><td><p style="line-height:18px;"><font face="Arial"><b>Position Mode:</b> RTK Fixed<br><br><b>UTC:</b> 2023-12-21&#160;&#160;12:38:40.499<br><b>Week:</b> 2293,  <b>TOW:</b> 391138.500 s<br><b>Lat:</b> 45.5010816&deg;, <b>Lon:</b>   9.1560371&deg;<br><b>Alt (ellips):</b> 173.12 m (568.0 ft)<br><b>SOG:</b> 0.02 m/s (0.07 km/h, 0.05 mph)<br><b>Vertical Velocity:</b> -0.02 m/s<br><b>COG:</b> 296.6&deg;&#160;&#160;<br><br><b>SVs Used:</b> 15<br><b>PDOP:</b> 1.6, <b>HDOP:</b> 0.8<br><b>EHPE:</b> 0.05 m, <b>EVPE:</b> 0.12 m<br><b>Baseline:</b> 203.62 m<br><b>Corrections Age:</b> 1.5 s</font></p></td></tr></table>]]></description>
   </Placemark>
   <Placemark>
    <styleUrl>#GreenSE</styleUrl><Point><coordinates>9.15603707,45.50108155,173.12</coordinates></Point>
    <description><![CDATA[<table width="250"><tr><td><p style="line-height:18px;"><font face="Arial"><b>Position Mode:</b> RTK Fixed<br><br><b>UTC:</b> 2023-12-21&#160;&#160;12:38:40.599<br><b>Week:</b> 2293,  <b>TOW:</b> 391138.600 s<br><b>Lat:</b> 45.5010815&deg;, <b>Lon:</b>   9.1560371&deg;<br><b>Alt (ellips):</b> 173.12 m (568.0 ft)<br><b>SOG:</b> 0.01 m/s (0.04 km/h, 0.02 mph)<br><b>Vertical Velocity:</b> 0.01 m/s<br><b>COG:</b> 125.5&deg;&#160;&#160;<br><br><b>SVs Used:</b> 15<br><b>PDOP:</b> 1.6, <b>HDOP:</b> 0.8<br><b>EHPE:</b> 0.05 m, <b>EVPE:</b> 0.12 m<br><b>Baseline:</b> 203.62 m<br><b>Corrections Age:</b> 1.6 s</font></p></td></tr></table>]]></description>
   </Placemark>
   <Placemark>
    <styleUrl>#GreenNW</styleUrl><Point><coordinates>9.15603706,45.50108156,173.12</coordinates></Point>
    <description><![CDATA[<table width="250"><tr><td><p style="line-height:18px;"><font face="Arial"><b>Position Mode:</b> RTK Fixed<br><br><b>UTC:</b> 2023-12-21&#160;&#160;12:38:40.699<br><b>Week:</b> 2293,  <b>TOW:</b> 391138.700 s<br><b>Lat:</b> 45.5010816&deg;, <b>Lon:</b>   9.1560371&deg;<br><b>Alt (ellips):</b> 173.12 m (568.0 ft)<br><b>SOG:</b> 0.01 m/s (0.04 km/h, 0.03 mph)<br><b>Vertical Velocity:</b> 0.00 m/s<br><b>COG:</b> 311.2&deg;&#160;&#160;<br><br><b>SVs Tracked:</b> 19 (GPS GAL BDS SBAS)<br><b>SVs Used:</b> 15<br><b>PDOP:</b> 1.6, <b>HDOP:</b> 0.8<br><b>EHPE:</b> 0.06 m, <b>EVPE:</b> 0.12 m<br><b>Baseline:</b> 203.62 m<br><b>Corrections Age:</b> 1.7 s</font></p></td></tr></table>]]></description>
   </Placemark>
   <Placemark>
    <styleUrl>#GreenENE</styleUrl><Point><coordinates>9.15603706,45.50108156,173.12</coordinates></Point>
    <description><![CDATA[<table width="250"><tr><td><p style="line-height:18px;"><font face="Arial"><b>Position Mode:</b> RTK Fixed<br><br><b>UTC:</b> 2023-12-21&#160;&#160;12:38:40.799<br><b>Week:</b> 2293,  <b>TOW:</b> 391138.800 s<br><b>Lat:</b> 45.5010816&deg;, <b>Lon:</b>   9.1560371&deg;<br><b>Alt (ellips):</b> 173.12 m (568.0 ft)<br><b>SOG:</b> 0.01 m/s (0.03 km/h, 0.02 mph)<br><b>Vertical Velocity:</b> 0.01 m/s<br><b>COG:</b> 76.0&deg;&#160;&#160;<br><br><b>SVs Used:</b> 15<br><b>PDOP:</b> 1.6, <b>HDOP:</b> 0.8<br><b>EHPE:</b> 0.06 m, <b>EVPE:</b> 0.12 m<br><b>Baseline:</b> 203.62 m<br><b>Corrections Age:</b> 1.8 s</font></p></td></tr></table>]]></description>
   </Placemark>
   <Placemark>
    <styleUrl>#GreenE</styleUrl><Point><coordinates>9.15603707,45.50108156,173.12</coordinates></Point>
    <description><![CDATA[<table width="250"><tr><td><p style="line-height:18px;"><font face="Arial"><b>Position Mode:</b> RTK Fixed<br><br><b>UTC:</b> 2023-12-21&#160;&#160;12:38:40.899<br><b>Week:</b> 2293,  <b>TOW:</b> 391138.900 s<br><b>Lat:</b> 45.5010816&deg;, <b>Lon:</b>   9.1560371&deg;<br><b>Alt (ellips):</b> 173.12 m (568.0 ft)<br><b>SOG:</b> 0.01 m/s (0.03 km/h, 0.02 mph)<br><b>Vertical Velocity:</b> 0.01 m/s<br><b>COG:</b> 90.0&deg;&#160;&#160;<br><br><b>SVs Used:</b> 15<br><b>PDOP:</b> 1.6, <b>HDOP:</b> 0.8<br><b>EHPE:</b> 0.06 m, <b>EVPE:</b> 0.13 m<br><b>Baseline:</b> 203.62 m<br><b>Corrections Age:</b> 1.9 s</font></p></td></tr></table>]]></description>
   </Placemark>
   <Placemark>
    <styleUrl>#GreenNNE</styleUrl><Point><coordinates>9.15603708,45.50108156,173.12</coordinates></Point>
    <description><![CDATA[<table width="250"><tr><td><p style="line-height:18px;"><font face="Arial"><b>Position Mode:</b> RTK Fixed<br><br><b>UTC:</b> 2023-12-21&#160;&#160;12:38:40.999<br><b>Week:</b> 2293,  <b>TOW:</b> 391139.000 s<br><b>Lat:</b> 45.5010816&deg;, <b>Lon:</b>   9.1560371&deg;<br><b>Alt (ellips):</b> 173.12 m (568.0 ft)<br><b>SOG:</b> 0.01 m/s (0.04 km/h, 0.02 mph)<br><b>Vertical Velocity:</b> -0.01 m/s<br><b>COG:</b> 14.0&deg;&#160;&#160;<br><br><b>SVs Used:</b> 15<br><b>PDOP:</b> 1.6, <b>HDOP:</b> 0.8<br><b>EHPE:</b> 0.06 m, <b>EVPE:</b> 0.13 m<br><b>Baseline:</b> 203.62 m<br><b>Corrections Age:</b> 2.0 s</font></p></td></tr></table>]]></description>
   </Placemark>
   <Placemark>
    <styleUrl>#GreenSSW</styleUrl><Point><coordinates>9.15603708,45.50108155,173.12</coordinates></Point>
    <description><![CDATA[<table width="250"><tr><td><p style="line-height:18px;"><font face="Arial"><b>Position Mode:</b> RTK Fixed<br><br><b>UTC:</b> 2023-12-21&#160;&#160;12:38:41.099<br><b>Week:</b> 2293,  <b>TOW:</b> 391139.100 s<br><b>Lat:</b> 45.5010816&deg;, <b>Lon:</b>   9.1560371&deg;<br><b>Alt (ellips):</b> 173.12 m (568.0 ft)<br><b>SOG:</b> 0.03 m/s (0.11 km/h, 0.07 mph)<br><b>Vertical Velocity:</b> 0.03 m/s<br><b>COG:</b> 191.3&deg;&#160;&#160;<br><br><b>SVs Used:</b> 15<br><b>PDOP:</b> 1.6, <b>HDOP:</b> 0.8<br><b>EHPE:</b> 0.06 m, <b>EVPE:</b> 0.13 m<br><b>Baseline:</b> 203.62 m<br><b>Corrections Age:</b> 2.1 s</font></p></td></tr></table>]]></description>
   </Placemark>
   <Placemark>
    <styleUrl>#GreenENE</styleUrl><Point><coordinates>9.15603708,45.50108155,173.12</coordinates></Point>
    <description><![CDATA[<table width="250"><tr><td><p style="line-height:18px;"><font face="Arial"><b>Position Mode:</b> RTK Fixed<br><br><b>UTC:</b> 2023-12-21&#160;&#160;12:38:41.199<br><b>Week:</b> 2293,  <b>TOW:</b> 391139.200 s<br><b>Lat:</b> 45.5010816&deg;, <b>Lon:</b>   9.1560371&deg;<br><b>Alt (ellips):</b> 173.12 m (568.0 ft)<br><b>SOG:</b> 0.02 m/s (0.06 km/h, 0.04 mph)<br><b>Vertical Velocity:</b> -0.02 m/s<br><b>COG:</b> 59.0&deg;&#160;&#160;<br><br><b>SVs Tracked:</b> 24 (GPS GLO GAL BDS SBAS)<br><b>SVs Used:</b> 15<br><b>PDOP:</b> 1.6, <b>HDOP:</b> 0.8<br><b>EHPE:</b> 0.06 m, <b>EVPE:</b> 0.13 m<br><b>Baseline:</b> 203.62 m<br><b>Corrections Age:</b> 2.2 s</font></p></td></tr></table>]]></description>
   </Placemark>
   <Placemark>
    <styleUrl>#GreenNW</styleUrl><Point><coordinates>9.15603705,45.50108155,173.12</coordinates></Point>
    <description><![CDATA[<table width="250"><tr><td><p style="line-height:18px;"><font face="Arial"><b>Position Mode:</b> RTK Fixed<br><br><b>UTC:</b> 2023-12-21&#160;&#160;12:38:41.299<br><b>Week:</b> 2293,  <b>TOW:</b> 391139.300 s<br><b>Lat:</b> 45.5010816&deg;, <b>Lon:</b>   9.1560371&deg;<br><b>Alt (ellips):</b> 173.12 m (568.0 ft)<br><b>SOG:</b> 0.01 m/s (0.04 km/h, 0.03 mph)<br><b>Vertical Velocity:</b> -0.00 m/s<br><b>COG:</b> 315.0&deg;&#160;&#160;<br><br><b>SVs Used:</b> 15<br><b>PDOP:</b> 1.6, <b>HDOP:</b> 0.8<br><b>EHPE:</b> 0.05 m, <b>EVPE:</b> 0.11 m<br><b>Baseline:</b> 203.62 m<br><b>Corrections Age:</b> 1.3 s</font></p></td></tr></table>]]></description>
   </Placemark>
   <Placemark>
    <styleUrl>#GreenNE</styleUrl><Point><coordinates>9.15603706,45.50108155,173.12</coordinates></Point>
    <description><![CDATA[<table width="250"><tr><td><p style="line-height:18px;"><font face="Arial"><b>Position Mode:</b> RTK Fixed<br><br><b>UTC:</b> 2023-12-21&#160;&#160;12:38:41.399<br><b>Week:</b> 2293,  <b>TOW:</b> 391139.400 s<br><b>Lat:</b> 45.5010816&deg;, <b>Lon:</b>   9.1560371&deg;<br><b>Alt (ellips):</b> 173.12 m (568.0 ft)<br><b>SOG:</b> 0.01 m/s (0.02 km/h, 0.02 mph)<br><b>Vertical Velocity:</b> -0.00 m/s<br><b>COG:</b> 45.0&deg;&#160;&#160;<br><br><b>SVs Used:</b> 15<br><b>PDOP:</b> 1.6, <b>HDOP:</b> 0.8<br><b>EHPE:</b> 0.05 m, <b>EVPE:</b> 0.11 m<br><b>Baseline:</b> 203.62 m<br><b>Corrections Age:</b> 1.4 s</font></p></td></tr></table>]]></description>
   </Placemark>
   <Placemark>
    <styleUrl>#GreenSE</styleUrl><Point><coordinates>9.15603707,45.50108155,173.12</coordinates></Point>
    <description><![CDATA[<table width="250"><tr><td><p style="line-height:18px;"><font face="Arial"><b>Position Mode:</b> RTK Fixed<br><br><b>UTC:</b> 2023-12-21&#160;&#160;12:38:41.499<br><b>Week:</b> 2293,  <b>TOW:</b> 391139.500 s<br><b>Lat:</b> 45.5010816&deg;, <b>Lon:</b>   9.1560371&deg;<br><b>Alt (ellips):</b> 173.12 m (568.0 ft)<br><b>SOG:</b> 0.01 m/s (0.05 km/h, 0.03 mph)<br><b>Vertical Velocity:</b> 0.01 m/s<br><b>COG:</b> 135.0&deg;&#160;&#160;<br><br><b>SVs Used:</b> 15<br><b>PDOP:</b> 1.6, <b>HDOP:</b> 0.8<br><b>EHPE:</b> 0.05 m, <b>EVPE:</b> 0.11 m<br><b>Baseline:</b> 203.62 m<br><b>Corrections Age:</b> 1.5 s</font></p></td></tr></table>]]></description>
   </Placemark>
   <Placemark>
    <styleUrl>#GreenW</styleUrl><Point><coordinates>9.15603706,45.50108155,173.12</coordinates></Point>
    <description><![CDATA[<table width="250"><tr><td><p style="line-height:18px;"><font face="Arial"><b>Position Mode:</b> RTK Fixed<br><br><b>UTC:</b> 2023-12-21&#160;&#160;12:38:41.599<br><b>Week:</b> 2293,  <b>TOW:</b> 391139.600 s<br><b>Lat:</b> 45.5010815&deg;, <b>Lon:</b>   9.1560371&deg;<br><b>Alt (ellips):</b> 173.12 m (568.0 ft)<br><b>SOG:</b> 0.01 m/s (0.05 km/h, 0.03 mph)<br><b>Vertical Velocity:</b> 0.01 m/s<br><b>COG:</b> 278.1&deg;&#160;&#160;<br><br><b>SVs Used:</b> 15<br><b>PDOP:</b> 1.6, <b>HDOP:</b> 0.8<br><b>EHPE:</b> 0.05 m, <b>EVPE:</b> 0.11 m<br><b>Baseline:</b> 203.62 m<br><b>Corrections Age:</b> 1.6 s</font></p></td></tr></table>]]></description>
   </Placemark>
   <Placemark>
    <styleUrl>#GreenSSE</styleUrl><Point><coordinates>9.15603707,45.50108153,173.12</coordinates></Point>
    <description><![CDATA[<table width="250"><tr><td><p style="line-height:18px;"><font face="Arial"><b>Position Mode:</b> RTK Fixed<br><br><b>UTC:</b> 2023-12-21&#160;&#160;12:38:41.699<br><b>Week:</b> 2293,  <b>TOW:</b> 391139.700 s<br><b>Lat:</b> 45.5010815&deg;, <b>Lon:</b>   9.1560371&deg;<br><b>Alt (ellips):</b> 173.12 m (568.0 ft)<br><b>SOG:</b> 0.02 m/s (0.07 km/h, 0.05 mph)<br><b>Vertical Velocity:</b> -0.00 m/s<br><b>COG:</b> 153.4&deg;&#160;&#160;<br><br><b>SVs Tracked:</b> 19 (GPS GAL BDS SBAS)<br><b>SVs Used:</b> 15<br><b>PDOP:</b> 1.6, <b>HDOP:</b> 0.8<br><b>EHPE:</b> 0.05 m, <b>EVPE:</b> 0.11 m<br><b>Baseline:</b> 203.62 m<br><b>Corrections Age:</b> 1.7 s</font></p></td></tr></table>]]></description>
   </Placemark>
   <Placemark>
    <styleUrl>#GreenNNE</styleUrl><Point><coordinates>9.15603708,45.50108155,173.12</coordinates></Point>
    <description><![CDATA[<table width="250"><tr><td><p style="line-height:18px;"><font face="Arial"><b>Position Mode:</b> RTK Fixed<br><br><b>UTC:</b> 2023-12-21&#160;&#160;12:38:41.799<br><b>Week:</b> 2293,  <b>TOW:</b> 391139.800 s<br><b>Lat:</b> 45.5010815&deg;, <b>Lon:</b>   9.1560371&deg;<br><b>Alt (ellips):</b> 173.12 m (568.0 ft)<br><b>SOG:</b> 0.02 m/s (0.07 km/h, 0.04 mph)<br><b>Vertical Velocity:</b> -0.01 m/s<br><b>COG:</b> 28.3&deg;&#160;&#160;<br><br><b>SVs Used:</b> 15<br><b>PDOP:</b> 1.6, <b>HDOP:</b> 0.8<br><b>EHPE:</b> 0.05 m, <b>EVPE:</b> 0.11 m<br><b>Baseline:</b> 203.62 m<br><b>Corrections Age:</b> 1.8 s</font></p></td></tr></table>]]></description>
   </Placemark>
   <Placemark>
    <styleUrl>#GreenSSW</styleUrl><Point><coordinates>9.15603707,45.50108153,173.12</coordinates></Point>
    <description><![CDATA[<table width="250"><tr><td><p style="line-height:18px;"><font face="Arial"><b>Position Mode:</b> RTK Fixed<br><br><b>UTC:</b> 2023-12-21&#160;&#160;12:38:41.899<br><b>Week:</b> 2293,  <b>TOW:</b> 391139.900 s<br><b>Lat:</b> 45.5010815&deg;, <b>Lon:</b>   9.1560371&deg;<br><b>Alt (ellips):</b> 173.12 m (568.0 ft)<br><b>SOG:</b> 0.02 m/s (0.07 km/h, 0.04 mph)<br><b>Vertical Velocity:</b> 0.01 m/s<br><b>COG:</b> 206.6&deg;&#160;&#160;<br><br><b>SVs Used:</b> 15<br><b>PDOP:</b> 1.6, <b>HDOP:</b> 0.8<br><b>EHPE:</b> 0.05 m, <b>EVPE:</b> 0.12 m<br><b>Baseline:</b> 203.62 m<br><b>Corrections Age:</b> 1.9 s</font></p></td></tr></table>]]></description>
   </Placemark>
   <Placemark>
    <styleUrl>#GreenN</styleUrl><Point><coordinates>9.15603707,45.50108154,173.12</coordinates></Point>
    <description><![CDATA[<table width="250"><tr><td><p style="line-height:18px;"><font face="Arial"><b>Position Mode:</b> RTK Fixed<br><br><b>UTC:</b> 2023-12-21&#160;&#160;12:38:41.999<br><b>Week:</b> 2293,  <b>TOW:</b> 391140.000 s<br><b>Lat:</b> 45.5010815&deg;, <b>Lon:</b>   9.1560371&deg;<br><b>Alt (ellips):</b> 173.12 m (568.0 ft)<br><b>SOG:</b> 0.01 m/s (0.05 km/h, 0.03 mph)<br><b>Vertical Velocity:</b> -0.01 m/s<br><b>COG:</b> 0.0&deg;&#160;&#160;<br><br><b>SVs Used:</b> 15<br><b>PDOP:</b> 1.6, <b>HDOP:</b> 0.8<br><b>EHPE:</b> 0.05 m, <b>EVPE:</b> 0.11 m<br><b>Baseline:</b> 203.62 m<br><b>Corrections Age:</b> 2.0 s</font></p></td></tr></table>]]></description>
   </Placemark>
   <Placemark>
    <styleUrl>#GreenSSE</styleUrl><Point><coordinates>9.15603707,45.50108153,173.12</coordinates></Point>
    <description><![CDATA[<table width="250"><tr><td><p style="line-height:18px;"><font face="Arial"><b>Position Mode:</b> RTK Fixed<br><br><b>UTC:</b> 2023-12-21&#160;&#160;12:38:42.099<br><b>Week:</b> 2293,  <b>TOW:</b> 391140.100 s<br><b>Lat:</b> 45.5010815&deg;, <b>Lon:</b>   9.1560371&deg;<br><b>Alt (ellips):</b> 173.12 m (568.0 ft)<br><b>SOG:</b> 0.02 m/s (0.07 km/h, 0.05 mph)<br><b>Vertical Velocity:</b> 0.02 m/s<br><b>COG:</b> 168.7&deg;&#160;&#160;<br><br><b>SVs Used:</b> 15<br><b>PDOP:</b> 1.6, <b>HDOP:</b> 0.8<br><b>EHPE:</b> 0.05 m, <b>EVPE:</b> 0.12 m<br><b>Baseline:</b> 203.62 m<br><b>Corrections Age:</b> 2.1 s</font></p></td></tr></table>]]></description>
   </Placemark>
   <Placemark>
    <styleUrl>#GreenNE</styleUrl><Point><coordinates>9.15603708,45.50108154,173.12</coordinates></Point>
    <description><![CDATA[<table width="250"><tr><td><p style="line-height:18px;"><font face="Arial"><b>Position Mode:</b> RTK Fixed<br><br><b>UTC:</b> 2023-12-21&#160;&#160;12:38:42.199<br><b>Week:</b> 2293,  <b>TOW:</b> 391140.200 s<br><b>Lat:</b> 45.5010815&deg;, <b>Lon:</b>   9.1560371&deg;<br><b>Alt (ellips):</b> 173.12 m (568.0 ft)<br><b>SOG:</b> 0.03 m/s (0.11 km/h, 0.07 mph)<br><b>Vertical Velocity:</b> -0.03 m/s<br><b>COG:</b> 45.0&deg;&#160;&#160;<br><br><b>SVs Tracked:</b> 24 (GPS GLO GAL BDS SBAS)<br><b>SVs Used:</b> 15<br><b>PDOP:</b> 1.6, <b>HDOP:</b> 0.8<br><b>EHPE:</b> 0.05 m, <b>EVPE:</b> 0.12 m<br><b>Baseline:</b> 203.62 m<br><b>Corrections Age:</b> 2.2 s</font></p></td></tr></table>]]></description>
   </Placemark>
   <Placemark>
    <styleUrl>#GreenNNE</styleUrl><Point><coordinates>9.15603708,45.50108154,173.12</coordinates></Point>
    <description><![CDATA[<table width="250"><tr><td><p style="line-height:18px;"><font face="Arial"><b>Position Mode:</b> RTK Fixed<br><br><b>UTC:</b> 2023-12-21&#160;&#160;12:38:42.299<br><b>Week:</b> 2293,  <b>TOW:</b> 391140.300 s<br><b>Lat:</b> 45.5010815&deg;, <b>Lon:</b>   9.1560371&deg;<br><b>Alt (ellips):</b> 173.12 m (568.0 ft)<br><b>SOG:</b> 0.01 m/s (0.02 km/h, 0.01 mph)<br><b>Vertical Velocity:</b> -0.00 m/s<br><b>COG:</b> 21.8&deg;&#160;&#160;<br><br><b>SVs Used:</b> 15<br><b>PDOP:</b> 1.6, <b>HDOP:</b> 0.8<br><b>EHPE:</b> 0.06 m, <b>EVPE:</b> 0.12 m<br><b>Baseline:</b> 203.62 m<br><b>Corrections Age:</b> 2.3 s</font></p></td></tr></table>]]></description>
   </Placemark>
   <Placemark>
    <styleUrl>#GreenENE</styleUrl><Point><coordinates>9.15603705,45.50108155,173.12</coordinates></Point>
    <description><![CDATA[<table width="250"><tr><td><p style="line-height:18px;"><font face="Arial"><b>Position Mode:</b> RTK Fixed<br><br><b>UTC:</b> 2023-12-21&#160;&#160;12:38:42.399<br><b>Week:</b> 2293,  <b>TOW:</b> 391140.400 s<br><b>Lat:</b> 45.5010815&deg;, <b>Lon:</b>   9.1560371&deg;<br><b>Alt (ellips):</b> 173.12 m (568.0 ft)<br><b>SOG:</b> 0.01 m/s (0.03 km/h, 0.02 mph)<br><b>Vertical Velocity:</b> -0.01 m/s<br><b>COG:</b> 56.3&deg;&#160;&#160;<br><br><b>SVs Used:</b> 15<br><b>PDOP:</b> 1.6, <b>HDOP:</b> 0.8<br><b>EHPE:</b> 0.05 m, <b>EVPE:</b> 0.11 m<br><b>Baseline:</b> 203.62 m<br><b>Corrections Age:</b> 1.4 s</font></p></td></tr></table>]]></description>
   </Placemark>
   <Placemark>
    <styleUrl>#GreenSW</styleUrl><Point><coordinates>9.15603705,45.50108155,173.12</coordinates></Point>
    <description><![CDATA[<table width="250"><tr><td><p style="line-height:18px;"><font face="Arial"><b>Position Mode:</b> RTK Fixed<br><br><b>UTC:</b> 2023-12-21&#160;&#160;12:38:42.499<br><b>Week:</b> 2293,  <b>TOW:</b> 391140.500 s<br><b>Lat:</b> 45.5010815&deg;, <b>Lon:</b>   9.1560370&deg;<br><b>Alt (ellips):</b> 173.12 m (568.0 ft)<br><b>SOG:</b> 0.03 m/s (0.11 km/h, 0.07 mph)<br><b>Vertical Velocity:</b> 0.03 m/s<br><b>COG:</b> 233.1&deg;&#160;&#160;<br><br><b>SVs Used:</b> 15<br><b>PDOP:</b> 1.6, <b>HDOP:</b> 0.8<br><b>EHPE:</b> 0.05 m, <b>EVPE:</b> 0.12 m<br><b>Baseline:</b> 203.62 m<br><b>Corrections Age:</b> 1.5 s</font></p></td></tr></table>]]></description>
   </Placemark>
   <Placemark>
    <styleUrl>#GreenWSW</styleUrl><Point><coordinates>9.15603704,45.50108155,173.12</coordinates></Point>
    <description><![CDATA[<table width="250"><tr><td><p style="line-height:18px;"><font face="Arial"><b>Position Mode:</b> RTK Fixed<br><br><b>UTC:</b> 2023-12-21&#160;&#160;12:38:42.599<br><b>Week:</b> 2293,  <b>TOW:</b> 391140.600 s<br><b>Lat:</b> 45.5010815&deg;, <b>Lon:</b>   9.1560370&deg;<br><b>Alt (ellips):</b> 173.12 m (568.0 ft)<br><b>SOG:</b> 0.01 m/s (0.02 km/h, 0.01 mph)<br><b>Vertical Velocity:</b> 0.00 m/s<br><b>COG:</b> 236.3&deg;&#160;&#160;<br><br><b>SVs Used:</b> 15<br><b>PDOP:</b> 1.6, <b>HDOP:</b> 0.8<br><b>EHPE:</b> 0.05 m, <b>EVPE:</b> 0.12 m<br><b>Baseline:</b> 203.62 m<br><b>Corrections Age:</b> 1.6 s</font></p></td></tr></table>]]></description>
   </Placemark>
   <Placemark>
    <styleUrl>#GreenE</styleUrl><Point><coordinates>9.15603705,45.50108155,173.12</coordinates></Point>
    <description><![CDATA[<table width="250"><tr><td><p style="line-height:18px;"><font face="Arial"><b>Position Mode:</b> RTK Fixed<br><br><b>UTC:</b> 2023-12-21&#160;&#160;12:38:42.699<br><b>Week:</b> 2293,  <b>TOW:</b> 391140.700 s<br><b>Lat:</b> 45.5010815&deg;, <b>Lon:</b>   9.1560371&deg;<br><b>Alt (ellips):</b> 173.12 m (568.0 ft)<br><b>SOG:</b> 0.02 m/s (0.07 km/h, 0.04 mph)<br><b>Vertical Velocity:</b> -0.02 m/s<br><b>COG:</b> 81.9&deg;&#160;&#160;<br><br><b>SVs Tracked:</b> 19 (GPS GAL BDS SBAS)<br><b>SVs Used:</b> 15<br><b>PDOP:</b> 1.6, <b>HDOP:</b> 0.8<br><b>EHPE:</b> 0.05 m, <b>EVPE:</b> 0.12 m<br><b>Baseline:</b> 203.62 m<br><b>Corrections Age:</b> 1.7 s</font></p></td></tr></table>]]></description>
   </Placemark>
   <Placemark>
    <styleUrl>#GreenWSW</styleUrl><Point><coordinates>9.15603705,45.50108155,173.12</coordinates></Point>
    <description><![CDATA[<table width="250"><tr><td><p style="line-height:18px;"><font face="Arial"><b>Position Mode:</b> RTK Fixed<br><br><b>UTC:</b> 2023-12-21&#160;&#160;12:38:42.799<br><b>Week:</b> 2293,  <b>TOW:</b> 391140.800 s<br><b>Lat:</b> 45.5010815&deg;, <b>Lon:</b>   9.1560370&deg;<br><b>Alt (ellips):</b> 173.12 m (568.0 ft)<br><b>SOG:</b> 0.02 m/s (0.07 km/h, 0.04 mph)<br><b>Vertical Velocity:</b> 0.02 m/s<br><b>COG:</b> 243.4&deg;&#160;&#160;<br><br><b>SVs Used:</b> 15<br><b>PDOP:</b> 1.6, <b>HDOP:</b> 0.8<br><b>EHPE:</b> 0.05 m, <b>EVPE:</b> 0.12 m<br><b>Baseline:</b> 203.62 m<br><b>Corrections Age:</b> 1.8 s</font></p></td></tr></table>]]></description>
   </Placemark>
   <Placemark>
    <styleUrl>#GreenSE</styleUrl><Point><coordinates>9.15603706,45.50108154,173.12</coordinates></Point>
    <description><![CDATA[<table width="250"><tr><td><p style="line-height:18px;"><font face="Arial"><b>Position Mode:</b> RTK Fixed<br><br><b>UTC:</b> 2023-12-21&#160;&#160;12:38:42.899<br><b>Week:</b> 2293,  <b>TOW:</b> 391140.900 s<br><b>Lat:</b> 45.5010815&deg;, <b>Lon:</b>   9.1560371&deg;<br><b>Alt (ellips):</b> 173.12 m (568.0 ft)<br><b>SOG:</b> 0.02 m/s (0.06 km/h, 0.04 mph)<br><b>Vertical Velocity:</b> -0.00 m/s<br><b>COG:</b> 135.0&deg;&#160;&#160;<br><br><b>SVs Used:</b> 15<br><b>PDOP:</b> 1.6, <b>HDOP:</b> 0.8<br><b>EHPE:</b> 0.06 m, <b>EVPE:</b> 0.12 m<br><b>Baseline:</b> 203.62 m<br><b>Corrections Age:</b> 1.9 s</font></p></td></tr></table>]]></description>
   </Placemark>
  </Folder>
  <Folder><name>GNSS Track</name>
   <Placemark><styleUrl>#GreenLine</styleUrl><LineString><coordinates>9.15603706,45.50108154,173.12 9.15603706,45.50108154,173.12</coordinates></LineString></Placemark>
   <Placemark><styleUrl>#GreenLine</styleUrl><LineString><coordinates>9.15603706,45.50108154,173.12 9.15603707,45.50108154,173.12</coordinates></LineString></Placemark>
   <Placemark><styleUrl>#GreenLine</styleUrl><LineString><coordinates>9.15603707,45.50108154,173.12 9.15603706,45.50108154,173.12</coordinates></LineString></Placemark>
   <Placemark><styleUrl>#GreenLine</styleUrl><LineString><coordinates>9.15603706,45.50108154,173.12 9.15603706,45.50108155,173.12</coordinates></LineString></Placemark>
   <Placemark><styleUrl>#GreenLine</styleUrl><LineString><coordinates>9.15603706,45.50108155,173.12 9.15603706,45.50108154,173.12</coordinates></LineString></Placemark>
   <Placemark><styleUrl>#GreenLine</styleUrl><LineString><coordinates>9.15603706,45.50108154,173.12 9.15603707,45.50108155,173.12</coordinates></LineString></Placemark>
   <Placemark><styleUrl>#GreenLine</styleUrl><LineString><coordinates>9.15603707,45.50108155,173.12 9.15603707,45.50108155,173.12</coordinates></LineString></Placemark>
   <Placemark><styleUrl>#GreenLine</styleUrl><LineString><coordinates>9.15603707,45.50108155,173.12 9.15603706,45.50108154,173.12</coordinates></LineString></Placemark>
   <Placemark><styleUrl>#GreenLine</styleUrl><LineString><coordinates>9.15603706,45.50108154,173.12 9.15603706,45.50108154,173.12</coordinates></LineString></Placemark>
   <Placemark><styleUrl>#GreenLine</styleUrl><LineString><coordinates>9.15603706,45.50108154,173.12 9.15603707,45.50108154,173.12</coordinates></LineString></Placemark>
   <Placemark><styleUrl>#GreenLine</styleUrl><LineString><coordinates>9.15603707,45.50108154,173.12 9.15603707,45.50108152,173.12</coordinates></LineString></Placemark>
   <Placemark><styleUrl>#GreenLine</styleUrl><LineString><coordinates>9.15603707,45.50108152,173.12 9.15603708,45.50108152,173.12</coordinates></LineString></Placemark>
   <Placemark><styleUrl>#GreenLine</styleUrl><LineString><coordinates>9.15603708,45.50108152,173.12 9.15603708,45.50108152,173.12</coordinates></LineString></Placemark>
   <Placemark><styleUrl>#GreenLine</styleUrl><LineString><coordinates>9.15603708,45.50108152,173.12 9.15603707,45.50108153,173.12</coordinates></LineString></Placemark>
   <Placemark><styleUrl>#GreenLine</styleUrl><LineString><coordinates>9.15603707,45.50108153,173.12 9.15603708,45.50108152,173.12</coordinates></LineString></Placemark>
   <Placemark><styleUrl>#GreenLine</styleUrl><LineString><coordinates>9.15603708,45.50108152,173.12 9.15603709,45.50108152,173.12</coordinates></LineString></Placemark>
   <Placemark><styleUrl>#GreenLine</styleUrl><LineString><coordinates>9.15603709,45.50108152,173.12 9.15603709,45.50108153,173.12</coordinates></LineString></Placemark>
   <Placemark><styleUrl>#GreenLine</styleUrl><LineString><coordinates>9.15603709,45.50108153,173.12 9.15603709,45.50108153,173.12</coordinates></LineString></Placemark>
   <Placemark><styleUrl>#GreenLine</styleUrl><LineString><coordinates>9.15603709,45.50108153,173.12 9.15603708,45.50108153,173.12</coordinates></LineString></Placemark>
   <Placemark><styleUrl>#GreenLine</styleUrl><LineString><coordinates>9.15603708,45.50108153,173.12 9.15603710,45.50108153,173.12</coordinates></LineString></Placemark>
   <Placemark><styleUrl>#GreenLine</styleUrl><LineString><coordinates>9.15603710,45.50108153,173.12 9.15603708,45.50108153,173.12</coordinates></LineString></Placemark>
   <Placemark><styleUrl>#GreenLine</styleUrl><LineString><coordinates>9.15603708,45.50108153,173.12 9.15603708,45.50108154,173.12</coordinates></LineString></Placemark>
   <Placemark><styleUrl>#GreenLine</styleUrl><LineString><coordinates>9.15603708,45.50108154,173.12 9.15603708,45.50108154,173.12</coordinates></LineString></Placemark>
   <Placemark><styleUrl>#GreenLine</styleUrl><LineString><coordinates>9.15603708,45.50108154,173.12 9.15603708,45.50108153,173.12</coordinates></LineString></Placemark>
   <Placemark><styleUrl>#GreenLine</styleUrl><LineString><coordinates>9.15603708,45.50108153,173.12 9.15603708,45.50108153,173.12</coordinates></LineString></Placemark>
   <Placemark><styleUrl>#GreenLine</styleUrl><LineString><coordinates>9.15603708,45.50108153,173.12 9.15603708,45.50108153,173.12</coordinates></LineString></Placemark>
   <Placemark><styleUrl>#GreenLine</styleUrl><LineString><coordinates>9.15603708,45.50108153,173.12 9.15603708,45.50108153,173.12</coordinates></LineString></Placemark>
   <Placemark><styleUrl>#GreenLine</styleUrl><LineString><coordinates>9.15603708,45.50108153,173.12 9.15603708,45.50108153,173.12</coordinates></LineString></Placemark>
   <Placemark><styleUrl>#GreenLine</styleUrl><LineString><coordinates>9.15603708,45.50108153,173.12 9.15603709,45.50108153,173.12</coordinates></LineString></Placemark>
   <Placemark><styleUrl>#GreenLine</styleUrl><LineString><coordinates>9.15603709,45.50108153,173.12 9.15603709,45.50108154,173.12</coordinates></LineString></Placemark>
   <Placemark><styleUrl>#GreenLine</styleUrl><LineString><coordinates>9.15603709,45.50108154,173.12 9.15603709,45.50108153,173.12</coordinates></LineString></Placemark>
   <Placemark><styleUrl>#GreenLine</styleUrl><LineString><coordinates>9.15603709,45.50108153,173.12 9.15603707,45.50108154,173.12</coordinates></LineString></Placemark>
   <Placemark><styleUrl>#GreenLine</styleUrl><LineString><coordinates>9.15603707,45.50108154,173.12 9.15603706,45.50108154,173.12</coordinates></LineString></Placemark>
   <Placemark><styleUrl>#GreenLine</styleUrl><LineString><coordinates>9.15603706,45.50108154,173.12 9.15603707,45.50108155,173.12</coordinates></LineString></Placemark>
   <Placemark><styleUrl>#GreenLine</styleUrl><LineString><coordinates>9.15603707,45.50108155,173.12 9.15603706,45.50108154,173.12</coordinates></LineString></Placemark>
   <Placemark><styleUrl>#GreenLine</styleUrl><LineString><coordinates>9.15603706,45.50108154,173.12 9.15603707,45.50108152,173.12</coordinates></LineString></Placemark>
   <Placemark><styleUrl>#GreenLine</styleUrl><LineString><coordinates>9.15603707,45.50108152,173.12 9.15603708,45.50108154,173.12</coordinates></LineString></Placemark>
   <Placemark><styleUrl>#GreenLine</styleUrl><LineString><coordinates>9.15603708,45.50108154,173.12 9.15603708,45.50108152,173.12</coordinates></LineString></Placemark>
   <Placemark><styleUrl>#GreenLine</styleUrl><LineString><coordinates>9.15603708,45.50108152,173.12 9.15603708,45.50108152,173.12</coordinates></LineString></Placemark>
   <Placemark><styleUrl>#GreenLine</styleUrl><LineString><coordinates>9.15603708,45.50108152,173.12 9.15603709,45.50108152,173.12</coordinates></LineString></Placemark>
   <Placemark><styleUrl>#GreenLine</styleUrl><LineString><coordinates>9.15603709,45.50108152,173.12 9.15603709,45.50108152,173.12</coordinates></LineString></Placemark>
   <Placemark><styleUrl>#GreenLine</styleUrl><LineString><coordinates>9.15603709,45.50108152,173.12 9.15603707,45.50108153,173.12</coordinates></LineString></Placemark>
   <Placemark><styleUrl>#GreenLine</styleUrl><LineString><coordinates>9.15603707,45.50108153,173.12 9.15603707,45.50108153,173.12</coordinates></LineString></Placemark>
   <Placemark><styleUrl>#GreenLine</styleUrl><LineString><coordinates>9.15603707,45.50108153,173.12 9.15603708,45.50108152,173.12</coordinates></LineString></Placemark>
   <Placemark><styleUrl>#GreenLine</styleUrl><LineString><coordinates>9.15603708,45.50108152,173.12 9.15603707,45.50108152,173.12</coordinates></LineString></Placemark>
   <Placemark><styleUrl>#GreenLine</styleUrl><LineString><coordinates>9.15603707,45.50108152,173.12 9.15603707,45.50108153,173.12</coordinates></LineString></Placemark>
   <Placemark><styleUrl>#GreenLine</styleUrl><LineString><coordinates>9.15603707,45.50108153,173.12 9.15603708,45.50108153,173.11</coordinates></LineString></Placemark>
   <Placemark><styleUrl>#GreenLine</styleUrl><LineString><coordinates>9.15603708,45.50108153,173.11 9.15603707,45.50108152,173.12</coordinates></LineString></Placemark>
   <Placemark><styleUrl>#GreenLine</styleUrl><LineString><coordinates>9.15603707,45.50108152,173.12 9.15603708,45.50108152,173.11</coordinates></LineString></Placemark>
   <Placemark><styleUrl>#GreenLine</styleUrl><LineString><coordinates>9.15603708,45.50108152,173.11 9.15603708,45.50108152,173.11</coordinates></LineString></Placemark>
   <Placemark><styleUrl>#GreenLine</styleUrl><LineString><coordinates>9.15603708,45.50108152,173.11 9.15603705,45.50108155,173.11</coordinates></LineString></Placemark>
   <Placemark><styleUrl>#GreenLine</styleUrl><LineString><coordinates>9.15603705,45.50108155,173.11 9.15603706,45.50108154,173.11</coordinates></LineString></Placemark>
   <Placemark><styleUrl>#GreenLine</styleUrl><LineString><coordinates>9.15603706,45.50108154,173.11 9.15603707,45.50108154,173.11</coordinates></LineString></Placemark>
   <Placemark><styleUrl>#GreenLine</styleUrl><LineString><coordinates>9.15603707,45.50108154,173.11 9.15603706,45.50108154,173.11</coordinates></LineString></Placemark>
   <Placemark><styleUrl>#GreenLine</styleUrl><LineString><coordinates>9.15603706,45.50108154,173.11 9.15603708,45.50108153,173.11</coordinates></LineString></Placemark>
   <Placemark><styleUrl>#GreenLine</styleUrl><LineString><coordinates>9.15603708,45.50108153,173.11 9.15603707,45.50108152,173.12</coordinates></LineString></Placemark>
   <Placemark><styleUrl>#GreenLine</styleUrl><LineString><coordinates>9.15603707,45.50108152,173.12 9.15603708,45.50108153,173.11</coordinates></LineString></Placemark>
   <Placemark><styleUrl>#GreenLine</styleUrl><LineString><coordinates>9.15603708,45.50108153,173.11 9.15603708,45.50108153,173.11</coordinates></LineString></Placemark>
   <Placemark><styleUrl>#GreenLine</styleUrl><LineString><coordinates>9.15603708,45.50108153,173.11 9.15603708,45.50108153,173.11</coordinates></LineString></Placemark>
   <Placemark><styleUrl>#GreenLine</styleUrl><LineString><coordinates>9.15603708,45.50108153,173.11 9.15603707,45.50108153,173.11</coordinates></LineString></Placemark>
   <Placemark><styleUrl>#GreenLine</styleUrl><LineString><coordinates>9.15603707,45.50108153,173.11 9.15603708,45.50108152,173.12</coordinates></LineString></Placemark>
   <Placemark><styleUrl>#GreenLine</styleUrl><LineString><coordinates>9.15603708,45.50108152,173.12 9.15603708,45.50108152,173.11</coordinates></LineString></Placemark>
   <Placemark><styleUrl>#GreenLine</styleUrl><LineString><coordinates>9.15603708,45.50108152,173.11 9.15603708,45.50108153,173.11</coordinates></LineString></Placemark>
   <Placemark><styleUrl>#GreenLine</styleUrl><LineString><coordinates>9.15603708,45.50108153,173.11 9.15603707,45.50108153,173.12</coordinates></LineString></Placemark>
   <Placemark><styleUrl>#GreenLine</styleUrl><LineString><coordinates>9.15603707,45.50108153,173.12 9.15603707,45.50108153,173.12</coordinates></LineString></Placemark>
   <Placemark><styleUrl>#GreenLine</styleUrl><LineString><coordinates>9.15603707,45.50108153,173.12 9.15603707,45.50108153,173.12</coordinates></LineString></Placemark>
   <Placemark><styleUrl>#GreenLine</styleUrl><LineString><coordinates>9.15603707,45.50108153,173.12 9.15603707,45.50108154,173.11</coordinates></LineString></Placemark>
   <Placemark><styleUrl>#GreenLine</styleUrl><LineString><coordinates>9.15603707,45.50108154,173.11 9.15603707,45.50108153,173.12</coordinates></LineString></Placemark>
   <Placemark><styleUrl>#GreenLine</styleUrl><LineString><coordinates>9.15603707,45.50108153,173.12 9.15603708,45.50108153,173.12</coordinates></LineString></Placemark>
   <Placemark><styleUrl>#GreenLine</styleUrl><LineString><coordinates>9.15603708,45.50108153,173.12 9.15603708,45.50108154,173.12</coordinates></LineString></Placemark>
   <Placemark><styleUrl>#GreenLine</styleUrl><LineString><coordinates>9.15603708,45.50108154,173.12 9.15603708,45.50108153,173.12</coordinates></LineString></Placemark>
   <Placemark><styleUrl>#GreenLine</styleUrl><LineString><coordinates>9.15603708,45.50108153,173.12 9.15603707,45.50108154,173.12</coordinates></LineString></Placemark>
   <Placemark><styleUrl>#GreenLine</styleUrl><LineString><coordinates>9.15603707,45.50108154,173.12 9.15603706,45.50108154,173.12</coordinates></LineString></Placemark>
   <Placemark><styleUrl>#GreenLine</styleUrl><LineString><coordinates>9.15603706,45.50108154,173.12 9.15603707,45.50108154,173.12</coordinates></LineString></Placemark>
   <Placemark><styleUrl>#GreenLine</styleUrl><LineString><coordinates>9.15603707,45.50108154,173.12 9.15603707,45.50108154,173.12</coordinates></LineString></Placemark>
   <Placemark><styleUrl>#GreenLine</styleUrl><LineString><coordinates>9.15603707,45.50108154,173.12 9.15603707,45.50108154,173.12</coordinates></LineString></Placemark>
   <Placemark><styleUrl>#GreenLine</styleUrl><LineString><coordinates>9.15603707,45.50108154,173.12 9.15603708,45.50108153,173.12</coordinates></LineString></Placemark>
   <Placemark><styleUrl>#GreenLine</styleUrl><LineString><coordinates>9.15603708,45.50108153,173.12 9.15603708,45.50108153,173.12</coordinates></LineString></Placemark>
   <Placemark><styleUrl>#GreenLine</styleUrl><LineString><coordinates>9.15603708,45.50108153,173.12 9.15603708,45.50108154,173.11</coordinates></LineString></Placemark>
   <Placemark><styleUrl>#GreenLine</styleUrl><LineString><coordinates>9.15603708,45.50108154,173.11 9.15603708,45.50108154,173.12</coordinates></LineString></Placemark>
   <Placemark><styleUrl>#GreenLine</styleUrl><LineString><coordinates>9.15603708,45.50108154,173.12 9.15603708,45.50108153,173.12</coordinates></LineString></Placemark>
   <Placemark><styleUrl>#GreenLine</styleUrl><LineString><coordinates>9.15603708,45.50108153,173.12 9.15603708,45.50108153,173.12</coordinates></LineString></Placemark>
   <Placemark><styleUrl>#GreenLine</styleUrl><LineString><coordinates>9.15603708,45.50108153,173.12 9.15603708,45.50108153,173.12</coordinates></LineString></Placemark>
   <Placemark><styleUrl>#GreenLine</styleUrl><LineString><coordinates>9.15603708,45.50108153,173.12 9.15603708,45.50108153,173.12</coordinates></LineString></Placemark>
   <Placemark><styleUrl>#GreenLine</styleUrl><LineString><coordinates>9.15603708,45.50108153,173.12 9.15603708,45.50108153,173.12</coordinates></LineString></Placemark>
   <Placemark><styleUrl>#GreenLine</styleUrl><LineString><coordinates>9.15603708,45.50108153,173.12 9.15603709,45.50108153,173.12</coordinates></LineString></Placemark>
   <Placemark><styleUrl>#GreenLine</styleUrl><LineString><coordinates>9.15603709,45.50108153,173.12 9.15603709,45.50108152,173.12</coordinates></LineString></Placemark>
   <Placemark><styleUrl>#GreenLine</styleUrl><LineString><coordinates>9.15603709,45.50108152,173.12 9.15603708,45.50108153,173.12</coordinates></LineString></Placemark>
   <Placemark><styleUrl>#GreenLine</styleUrl><LineString><coordinates>9.15603708,45.50108153,173.12 9.15603709,45.50108152,173.12</coordinates></LineString></Placemark>
   <Placemark><styleUrl>#GreenLine</styleUrl><LineString><coordinates>9.15603709,45.50108152,173.12 9.15603709,45.50108153,173.12</coordinates></LineString></Placemark>
   <Placemark><styleUrl>#GreenLine</styleUrl><LineString><coordinates>9.15603709,45.50108153,173.12 9.15603708,45.50108153,173.12</coordinates></LineString></Placemark>
   <Placemark><styleUrl>#GreenLine</styleUrl><LineString><coordinates>9.15603708,45.50108153,173.12 9.15603705,45.50108155,173.12</coordinates></LineString></Placemark>
   <Placemark><styleUrl>#GreenLine</styleUrl><LineString><coordinates>9.15603705,45.50108155,173.12 9.15603706,45.50108155,173.12</coordinates></LineString></Placemark>
   <Placemark><styleUrl>#GreenLine</styleUrl><LineString><coordinates>9.15603706,45.50108155,173.12 9.15603706,45.50108156,173.12</coordinates></LineString></Placemark>
   <Placemark><styleUrl>#GreenLine</styleUrl><LineString><coordinates>9.15603706,45.50108156,173.12 9.15603706,45.50108155,173.12</coordinates></LineString></Placemark>
   <Placemark><styleUrl>#GreenLine</styleUrl><LineString><coordinates>9.15603706,45.50108155,173.12 9.15603708,45.50108154,173.12</coordinates></LineString></Placemark>
   <Placemark><styleUrl>#GreenLine</styleUrl><LineString><coordinates>9.15603708,45.50108154,173.12 9.15603708,45.50108155,173.11</coordinates></LineString></Placemark>
   <Placemark><styleUrl>#GreenLine</styleUrl><LineString><coordinates>9.15603708,45.50108155,173.11 9.15603708,45.50108154,173.12</coordinates></LineString></Placemark>
   <Placemark><styleUrl>#GreenLine</styleUrl><LineString><coordinates>9.15603708,45.50108154,173.12 9.15603709,45.50108153,173.12</coordinates></LineString></Placemark>
   <Placemark><styleUrl>#GreenLine</styleUrl><LineString><coordinates>9.15603709,45.50108153,173.12 9.15603708,45.50108154,173.12</coordinates></LineString></Placemark>
   <Placemark><styleUrl>#GreenLine</styleUrl><LineString><coordinates>9.15603708,45.50108154,173.12 9.15603709,45.50108154,173.11</coordinates></LineString></Placemark>
   <Placemark><styleUrl>#GreenLine</styleUrl><LineString><coordinates>9.15603709,45.50108154,173.11 9.15603709,45.50108155,173.12</coordinates></LineString></Placemark>
   <Placemark><styleUrl>#GreenLine</styleUrl><LineString><coordinates>9.15603709,45.50108155,173.12 9.15603707,45.50108154,173.12</coordinates></LineString></Placemark>
   <Placemark><styleUrl>#GreenLine</styleUrl><LineString><coordinates>9.15603707,45.50108154,173.12 9.15603706,45.50108154,173.12</coordinates></LineString></Placemark>
   <Placemark><styleUrl>#GreenLine</styleUrl><LineString><coordinates>9.15603706,45.50108154,173.12 9.15603707,45.50108155,173.12</coordinates></LineString></Placemark>
   <Placemark><styleUrl>#GreenLine</styleUrl><LineString><coordinates>9.15603707,45.50108155,173.12 9.15603707,45.50108154,173.12</coordinates></LineString></Placemark>
   <Placemark><styleUrl>#GreenLine</styleUrl><LineString><coordinates>9.15603707,45.50108154,173.12 9.15603708,45.50108154,173.12</coordinates></LineString></Placemark>
   <Placemark><styleUrl>#GreenLine</styleUrl><LineString><coordinates>9.15603708,45.50108154,173.12 9.15603708,45.50108155,173.12</coordinates></LineString></Placemark>
   <Placemark><styleUrl>#GreenLine</styleUrl><LineString><coordinates>9.15603708,45.50108155,173.12 9.15603707,45.50108154,173.12</coordinates></LineString></Placemark>
   <Placemark><styleUrl>#GreenLine</styleUrl><LineString><coordinates>9.15603707,45.50108154,173.12 9.15603707,45.50108155,173.12</coordinates></LineString></Placemark>
   <Placemark><styleUrl>#GreenLine</styleUrl><LineString><coordinates>9.15603707,45.50108155,173.12 9.15603708,45.50108155,173.12</coordinates></LineString></Placemark>
   <Placemark><styleUrl>#GreenLine</styleUrl><LineString><coordinates>9.15603708,45.50108155,173.12 9.15603709,45.50108155,173.12</coordinates></LineString></Placemark>
   <Placemark><styleUrl>#GreenLine</styleUrl><LineString><coordinates>9.15603709,45.50108155,173.12 9.15603708,45.50108156,173.12</coordinates></LineString></Placemark>
   <Placemark><styleUrl>#GreenLine</styleUrl><LineString><coordinates>9.15603708,45.50108156,173.12 9.15603708,45.50108156,173.12</coordinates></LineString></Placemark>
   <Placemark><styleUrl>#GreenLine</styleUrl><LineString><coordinates>9.15603708,45.50108156,173.12 9.15603706,45.50108156,173.12</coordinates></LineString></Placemark>
   <Placemark><styleUrl>#GreenLine</styleUrl><LineString><coordinates>9.15603706,45.50108156,173.12 9.15603706,45.50108157,173.12</coordinates></LineString></Placemark>
   <Placemark><styleUrl>#GreenLine</styleUrl><LineString><coordinates>9.15603706,45.50108157,173.12 9.15603706,45.50108156,173.12</coordinates></LineString></Placemark>
   <Placemark><styleUrl>#GreenLine</styleUrl><LineString><coordinates>9.15603706,45.50108156,173.12 9.15603706,45.50108156,173.11</coordinates></LineString></Placemark>
   <Placemark><styleUrl>#GreenLine</styleUrl><LineString><coordinates>9.15603706,45.50108156,173.11 9.15603707,45.50108156,173.12</coordinates></LineString></Placemark>
   <Placemark><styleUrl>#GreenLine</styleUrl><LineString><coordinates>9.15603707,45.50108156,173.12 9.15603707,45.50108156,173.12</coordinates></LineString></Placemark>
   <Placemark><styleUrl>#GreenLine</styleUrl><LineString><coordinates>9.15603707,45.50108156,173.12 9.15603706,45.50108156,173.12</coordinates></LineString></Placemark>
   <Placemark><styleUrl>#GreenLine</styleUrl><LineString><coordinates>9.15603706,45.50108156,173.12 9.15603706,45.50108157,173.12</coordinates></LineString></Placemark>
   <Placemark><styleUrl>#GreenLine</styleUrl><LineString><coordinates>9.15603706,45.50108157,173.12 9.15603706,45.50108157,173.12</coordinates></LineString></Placemark>
   <Placemark><styleUrl>#GreenLine</styleUrl><LineString><coordinates>9.15603706,45.50108157,173.12 9.15603706,45.50108156,173.11</coordinates></LineString></Placemark>
   <Placemark><styleUrl>#GreenLine</styleUrl><LineString><coordinates>9.15603706,45.50108156,173.11 9.15603705,45.50108157,173.12</coordinates></LineString></Placemark>
   <Placemark><styleUrl>#GreenLine</styleUrl><LineString><coordinates>9.15603705,45.50108157,173.12 9.15603707,45.50108156,173.12</coordinates></LineString></Placemark>
   <Placemark><styleUrl>#GreenLine</styleUrl><LineString><coordinates>9.15603707,45.50108156,173.12 9.15603707,45.50108157,173.11</coordinates></LineString></Placemark>
   <Placemark><styleUrl>#GreenLine</styleUrl><LineString><coordinates>9.15603707,45.50108157,173.11 9.15603706,45.50108157,173.11</coordinates></LineString></Placemark>
   <Placemark><styleUrl>#GreenLine</styleUrl><LineString><coordinates>9.15603706,45.50108157,173.11 9.15603707,45.50108157,173.11</coordinates></LineString></Placemark>
   <Placemark><styleUrl>#GreenLine</styleUrl><LineString><coordinates>9.15603707,45.50108157,173.11 9.15603706,45.50108156,173.12</coordinates></LineString></Placemark>
   <Placemark><styleUrl>#GreenLine</styleUrl><LineString><coordinates>9.15603706,45.50108156,173.12 9.15603706,45.50108155,173.12</coordinates></LineString></Placemark>
   <Placemark><styleUrl>#GreenLine</styleUrl><LineString><coordinates>9.15603706,45.50108155,173.12 9.15603706,45.50108155,173.12</coordinates></LineString></Placemark>
   <Placemark><styleUrl>#GreenLine</styleUrl><LineString><coordinates>9.15603706,45.50108155,173.12 9.15603706,45.50108155,173.12</coordinates></LineString></Placemark>
   <Placemark><styleUrl>#GreenLine</styleUrl><LineString><coordinates>9.15603706,45.50108155,173.12 9.15603707,45.50108155,173.12</coordinates></LineString></Placemark>
   <Placemark><styleUrl>#GreenLine</styleUrl><LineString><coordinates>9.15603707,45.50108155,173.12 9.15603706,45.50108156,173.12</coordinates></LineString></Placemark>
   <Placemark><styleUrl>#GreenLine</styleUrl><LineString><coordinates>9.15603706,45.50108156,173.12 9.15603706,45.50108156,173.12</coordinates></LineString></Placemark>
   <Placemark><styleUrl>#GreenLine</styleUrl><LineString><coordinates>9.15603706,45.50108156,173.12 9.15603707,45.50108156,173.12</coordinates></LineString></Placemark>
   <Placemark><styleUrl>#GreenLine</styleUrl><LineString><coordinates>9.15603707,45.50108156,173.12 9.15603708,45.50108156,173.12</coordinates></LineString></Placemark>
   <Placemark><styleUrl>#GreenLine</styleUrl><LineString><coordinates>9.15603708,45.50108156,173.12 9.15603708,45.50108155,173.12</coordinates></LineString></Placemark>
   <Placemark><styleUrl>#GreenLine</styleUrl><LineString><coordinates>9.15603708,45.50108155,173.12 9.15603708,45.50108155,173.12</coordinates></LineString></Placemark>
   <Placemark><styleUrl>#GreenLine</styleUrl><LineString><coordinates>9.15603708,45.50108155,173.12 9.15603705,45.50108155,173.12</coordinates></LineString></Placemark>
   <Placemark><styleUrl>#GreenLine</styleUrl><LineString><coordinates>9.15603705,45.50108155,173.12 9.15603706,45.50108155,173.12</coordinates></LineString></Placemark>
   <Placemark><styleUrl>#GreenLine</styleUrl><LineString><coordinates>9.15603706,45.50108155,173.12 9.15603707,45.50108155,173.12</coordinates></LineString></Placemark>
   <Placemark><styleUrl>#GreenLine</styleUrl><LineString><coordinates>9.15603707,45.50108155,173.12 9.15603706,45.50108155,173.12</coordinates></LineString></Placemark>
   <Placemark><styleUrl>#GreenLine</styleUrl><LineString><coordinates>9.15603706,45.50108155,173.12 9.15603707,45.50108153,173.12</coordinates></LineString></Placemark>
   <Placemark><styleUrl>#GreenLine</styleUrl><LineString><coordinates>9.15603707,45.50108153,173.12 9.15603708,45.50108155,173.12</coordinates></LineString></Placemark>
   <Placemark><styleUrl>#GreenLine</styleUrl><LineString><coordinates>9.15603708,45.50108155,173.12 9.15603707,45.50108153,173.12</coordinates></LineString></Placemark>
   <Placemark><styleUrl>#GreenLine</styleUrl><LineString><coordinates>9.15603707,45.50108153,173.12 9.15603707,45.50108154,173.12</coordinates></LineString></Placemark>
   <Placemark><styleUrl>#GreenLine</styleUrl><LineString><coordinates>9.15603707,45.50108154,173.12 9.15603707,45.50108153,173.12</coordinates></LineString></Placemark>
   <Placemark><styleUrl>#GreenLine</styleUrl><LineString><coordinates>9.15603707,45.50108153,173.12 9.15603708,45.50108154,173.12</coordinates></LineString></Placemark>
   <Placemark><styleUrl>#GreenLine</styleUrl><LineString><coordinates>9.15603708,45.50108154,173.12 9.15603708,45.50108154,173.12</coordinates></LineString></Placemark>
   <Placemark><styleUrl>#GreenLine</styleUrl><LineString><coordinates>9.15603708,45.50108154,173.12 9.15603705,45.50108155,173.12</coordinates></LineString></Placemark>
   <Placemark><styleUrl>#GreenLine</styleUrl><LineString><coordinates>9.15603705,45.50108155,173.12 9.15603705,45.50108155,173.12</coordinates></LineString></Placemark>
   <Placemark><styleUrl>#GreenLine</styleUrl><LineString><coordinates>9.15603705,45.50108155,173.12 9.15603704,45.50108155,173.12</coordinates></LineString></Placemark>
   <Placemark><styleUrl>#GreenLine</styleUrl><LineString><coordinates>9.15603704,45.50108155,173.12 9.15603705,45.50108155,173.12</coordinates></LineString></Placemark>
   <Placemark><styleUrl>#GreenLine</styleUrl><LineString><coordinates>9.15603705,45.50108155,173.12 9.15603705,45.50108155,173.12</coordinates></LineString></Placemark>
   <Placemark><styleUrl>#GreenLine</styleUrl><LineString><coordinates>9.15603705,45.50108155,173.12 9.15603706,45.50108154,173.12</coordinates></LineString></Placemark>
  </Folder>
 <description><![CDATA[Product: <b>Piksi Multi</b><br>Firmware: <b>v3.0.17</b><br>Serial Number: <b>00108093321100187</b><br>Firmware Date: <b>2023-04-11 22:29:02 UTC</b><br>Solution Frequency: <b>10 Hz</b><br>]]></description>
 </Document>
</kml>
