Sender ID,Msg ID (dec),Msg ID (hex),Msg Name,Msg Length [B],TOW [s],Data
9297,259,0x0103,UTC TIME,24,391244.300,2023-12-21 12:40:26.299 (GNSS) | UTC Offset: Decoded
9297,522,0x020A,POS LLA,42,391244.300,RTK Fixed | Lat: 45.5011054 deg | Lon: 9.1560317 deg | Alt: 173.175 m | Used SVs: 15
9297,526,0x020E,VEL NED,30,391244.300,Comp. Doppler | COG: 151.93 deg | SOG: 0.02 m/s | Horiz Vel: 0.02 m/s | Vert Vel: 0.00 m/s | EHVE: 0.10 m/s | EVVE: 0.10 m/s
9297,520,0x0208,DOPS,23,391244.300,HDOP: 0.8 | PDOP: 1.6
9297,524,0x020C,BASELINE NED,30,391244.300,RTK Fixed | N: 47.184 m | E: -198.644 m | D: 13.605 m | Baseline: 204.624 m
9297,528,0x0210,CORR AGE,14,391244.300,2.3 s
9297,65282,0xFF02,DGNSS STATUS,12,,RTK | Signals: 15 | Latency: 2.3 s | ""
9297,167,0x00A7,SETTINGS READ BY IDX RESP,45,,[0] ntrip:enable="False"
9297,167,0x00A7,SETTINGS READ BY IDX RESP,27,,[2] ntrip:username=""
9297,167,0x00A7,SETTINGS READ BY IDX RESP,27,,[3] ntrip:password=""
9297,167,0x00A7,SETTINGS READ BY IDX RESP,44,,[1] ntrip:debug="False"
9297,167,0x00A7,SETTINGS READ BY IDX RESP,51,,[6] ntrip:gga_out_rev1="False"
9297,167,0x00A7,SETTINGS READ BY IDX RESP,36,,[5] ntrip:gga_out_interval="0"
9297,167,0x00A7,SETTINGS READ BY IDX RESP,60,,[7] ethernet:interface_mode="Active"
9297,167,0x00A7,SETTINGS READ BY IDX RESP,22,,[4] ntrip:url=""
9297,167,0x00A7,SETTINGS READ BY IDX RESP,58,,[8] ethernet:ip_config_mode="Static"
9297,167,0x00A7,SETTINGS READ BY IDX RESP,45,,[9] ethernet:ip_address="192.168.0.222"
9297,167,0x00A7,SETTINGS READ BY IDX RESP,42,,[10] ethernet:netmask="255.255.255.0"
9297,167,0x00A7,SETTINGS READ BY IDX RESP,40,,[11] ethernet:gateway="192.168.0.1"
9297,167,0x00A7,SETTINGS READ BY IDX RESP,40,,[12] uart0:enabled_sbp_messages="0"
9297,167,0x00A7,SETTINGS READ BY IDX RESP,73,,[13] uart0:mode="SBP"
9297,167,0x00A7,SETTINGS READ BY IDX RESP,103,,[14] uart0:baudrate="115200"
9297,167,0x00A7,SETTINGS READ BY IDX RESP,52,,[15] uart0:flow_control="None"
9297,167,0x00A7,SETTINGS READ BY IDX RESP,103,,[18] uart1:baudrate="115200"
9297,167,0x00A7,SETTINGS READ BY IDX RESP,52,,[19] uart1:flow_control="None"
9297,167,0x00A7,SETTINGS READ BY IDX RESP,243,,[16] uart1:enabled_sbp_messages="23,65,72,74,81,97,117,134,136,137,138,139,141,144,151,163,165,166,167,171,175,181,185,187,188,189,190,257,258,259,520,522,524,526,527,528,1025,1600,2304/50,2305,2306/50,30583,65280,65282,65283,65283,65535"
9297,167,0x00A7,SETTINGS READ BY IDX RESP,73,,[17] uart1:mode="SBP"
9297,167,0x00A7,SETTINGS READ BY IDX RESP,38,,[20] usb0:enabled_sbp_messages=""
9297,30583,0x7777,SBAS RAW,42,,
9297,167,0x00A7,SETTINGS READ BY IDX RESP,72,,[21] usb0:mode="SBP"
9297,167,0x00A7,SETTINGS READ BY IDX RESP,248,,[22] tcp_server0:enabled_sbp_messages="23,65,72,74,81,97,117,134,136,137,138,139,141,144,151,163,165,166,167,171,175,181,185,187,188,189,190,257,258,259,520,522,524,526,527,528,1025,1600,2304/50,2305,2306/50,4098,30583,65280,65282,65283,65535"
9297,167,0x00A7,SETTINGS READ BY IDX RESP,34,,[23] tcp_server0:port="55555"
9297,167,0x00A7,SETTINGS READ BY IDX RESP,79,,[24] tcp_server0:mode="SBP"
9297,167,0x00A7,SETTINGS READ BY IDX RESP,248,,[25] tcp_server1:enabled_sbp_messages="23,65,72,74,81,97,117,134,136,137,138,139,141,144,151,163,165,166,167,171,175,181,185,187,188,189,190,257,258,259,520,522,524,526,527,528,1025,1600,2304/50,2305,2306/50,4098,30583,65280,65282,65283,65535"
9297,167,0x00A7,SETTINGS READ BY IDX RESP,34,,[26] tcp_server1:port="55556"
9297,167,0x00A7,SETTINGS READ BY IDX RESP,79,,[27] tcp_server1:mode="SBP"
9297,167,0x00A7,SETTINGS READ BY IDX RESP,244,,[28] tcp_client0:enabled_sbp_messages="23,65,72,74,81,97,117,134,136,137,138,139,141,144,151,163,165,166,167,171,181,185,187,188,189,190,257,258,259,520,522,524,526,527,528,1025,1600,2304/50,2305,2306/50,4098,30583,65280,65282,65283,65535"
9297,167,0x00A7,SETTINGS READ BY IDX RESP,32,,[29] tcp_client0:address=""
9297,167,0x00A7,SETTINGS READ BY IDX RESP,84,,[30] tcp_client0:mode="Disabled"
9297,167,0x00A7,SETTINGS READ BY IDX RESP,244,,[31] tcp_client1:enabled_sbp_messages="23,65,72,74,81,97,117,134,136,137,138,139,141,144,151,163,165,166,167,171,181,185,187,188,189,190,257,258,259,520,522,524,526,527,528,1025,1600,2304/50,2305,2306/50,4098,30583,65280,65282,65283,65535"
9297,167,0x00A7,SETTINGS READ BY IDX RESP,32,,[32] tcp_client1:address=""
9297,167,0x00A7,SETTINGS READ BY IDX RESP,84,,[33] tcp_client1:mode="Disabled"
9297,167,0x00A7,SETTINGS READ BY IDX RESP,45,,[34] udp_server0:enabled_sbp_messages=""
9297,167,0x00A7,SETTINGS READ BY IDX RESP,34,,[35] udp_server0:port="55557"
9297,167,0x00A7,SETTINGS READ BY IDX RESP,79,,[36] udp_server0:mode="SBP"
9297,167,0x00A7,SETTINGS READ BY IDX RESP,45,,[37] udp_server1:enabled_sbp_messages=""
9297,167,0x00A7,SETTINGS READ BY IDX RESP,34,,[38] udp_server1:port="55558"
9297,167,0x00A7,SETTINGS READ BY IDX RESP,79,,[39] udp_server1:mode="SBP"
9297,167,0x00A7,SETTINGS READ BY IDX RESP,244,,[40] udp_client0:enabled_sbp_messages="23,65,72,74,81,97,117,134,136,137,138,139,141,144,151,163,165,166,167,171,181,185,187,188,189,190,257,258,259,520,522,524,526,527,528,1025,1600,2304/50,2305,2306/50,4098,30583,65280,65282,65283,65535"
9297,167,0x00A7,SETTINGS READ BY IDX RESP,32,,[41] udp_client0:address=""
9297,167,0x00A7,SETTINGS READ BY IDX RESP,84,,[42] udp_client0:mode="Disabled"
9297,167,0x00A7,SETTINGS READ BY IDX RESP,244,,[43] udp_client1:enabled_sbp_messages="23,65,72,74,81,97,117,134,136,137,138,139,141,144,151,163,165,166,167,171,181,185,187,188,189,190,257,258,259,520,522,524,526,527,528,1025,1600,2304/50,2305,2306/50,4098,30583,65280,65282,65283,65535"
9297,258,0x0102,GPS TIME,19,391244.400,Wk: 2293 | TOW ns: -66 | GNSS
9297,259,0x0103,UTC TIME,24,391244.400,2023-12-21 12:40:26.399 (GNSS) | UTC Offset: Decoded
9297,522,0x020A,POS LLA,42,391244.400,RTK Fixed | Lat: 45.5011054 deg | Lon: 9.1560317 deg | Alt: 173.172 m | Used SVs: 15
9297,526,0x020E,VEL NED,30,391244.400,Comp. Doppler | COG: 68.20 deg | SOG: 0.03 m/s | Horiz Vel: 0.01 m/s | Vert Vel: -0.03 m/s | EHVE: 0.10 m/s | EVVE: 0.10 m/s
9297,520,0x0208,DOPS,23,391244.400,HDOP: 0.8 | PDOP: 1.6
9297,524,0x020C,BASELINE NED,30,391244.400,RTK Fixed | N: 47.184 m | E: -198.643 m | D: 13.607 m | Baseline: 204.623 m
9297,528,0x0210,CORR AGE,14,391244.400,2.4 s
9297,65282,0xFF02,DGNSS STATUS,12,,RTK | Signals: 15 | Latency: 2.4 s | ""
9297,167,0x00A7,SETTINGS READ BY IDX RESP,32,,[44] udp_client1:address=""
9297,167,0x00A7,SETTINGS READ BY IDX RESP,84,,[45] udp_client1:mode="Disabled"
9297,167,0x00A7,SETTINGS READ BY IDX RESP,244,,[46] tls_client0:enabled_sbp_messages="23,65,72,74,81,97,117,134,136,137,138,139,141,144,151,163,165,166,167,171,181,185,187,188,189,190,257,258,259,520,522,524,526,527,528,1025,1600,2304/50,2305,2306/50,4098,30583,65280,65282,65283,65535"
9297,167,0x00A7,SETTINGS READ BY IDX RESP,32,,[47] tls_client0:address=""
9297,167,0x00A7,SETTINGS READ BY IDX RESP,84,,[48] tls_client0:mode="Disabled"
9297,167,0x00A7,SETTINGS READ BY IDX RESP,33,,[49] nmea:gpgga_msg_rate="1"
9297,167,0x00A7,SETTINGS READ BY IDX RESP,34,,[50] nmea:gprmc_msg_rate="10"
9297,167,0x00A7,SETTINGS READ BY IDX RESP,33,,[51] nmea:gpvtg_msg_rate="1"
9297,167,0x00A7,SETTINGS READ BY IDX RESP,33,,[52] nmea:gphdt_msg_rate="1"
9297,167,0x00A7,SETTINGS READ BY IDX RESP,34,,[53] nmea:gpgll_msg_rate="10"
9297,167,0x00A7,SETTINGS READ BY IDX RESP,34,,[54] nmea:gpzda_msg_rate="10"
9297,167,0x00A7,SETTINGS READ BY IDX RESP,32,,[55] nmea:gsa_msg_rate="10"
9297,167,0x00A7,SETTINGS READ BY IDX RESP,33,,[56] nmea:gpgst_msg_rate="1"
9297,167,0x00A7,SETTINGS READ BY IDX RESP,51,,[58] nmea:cog_output_min_speed="0.10000000149"
9297,167,0x00A7,SETTINGS READ BY IDX RESP,34,,[57] nmea:gpgsv_msg_rate="10"
9297,167,0x00A7,SETTINGS READ BY IDX RESP,41,,[59] nmea:cog_update_min_speed="0.1"
9297,167,0x00A7,SETTINGS READ BY IDX RESP,58,,[60] system:system_time="GPS+NTP"
9297,167,0x00A7,SETTINGS READ BY IDX RESP,51,,[61] system:connectivity_check_frequency="0.1"
9297,167,0x00A7,SETTINGS READ BY IDX RESP,55,,[62] system:connectivity_check_addresses="8.8.8.8"
9297,167,0x00A7,SETTINGS READ BY IDX RESP,49,,[63] system:connectivity_retry_frequency="1"
9297,167,0x00A7,SETTINGS READ BY IDX RESP,57,,[64] system:log_ping_activity="False"
9297,167,0x00A7,SETTINGS READ BY IDX RESP,58,,[65] system:heading_forwarding="False"
9297,167,0x00A7,SETTINGS READ BY IDX RESP,27,,[66] system:ota_url=""
9297,167,0x00A7,SETTINGS READ BY IDX RESP,53,,[69] system:resource_monitor_update_interval="0"
9297,167,0x00A7,SETTINGS READ BY IDX RESP,49,,[67] system:ota_debug="False"
9297,167,0x00A7,SETTINGS READ BY IDX RESP,51,,[68] system:ota_enabled="False"
9297,167,0x00A7,SETTINGS READ BY IDX RESP,49,,[70] system_info:imageset_build_id="v3.0.17"
9297,167,0x00A7,SETTINGS READ BY IDX RESP,49,,[71] system_info:firmware_build_id="v3.0.17"
9297,167,0x00A7,SETTINGS READ BY IDX RESP,48,,[72] system_info:firmware_version="v3.0.17"
9297,167,0x00A7,SETTINGS READ BY IDX RESP,67,,[73] system_info:firmware_build_date="2023-04-11 22:29:02 UTC"
9297,167,0x00A7,SETTINGS READ BY IDX RESP,72,,[74] system_info:loader_build_id="U-Boot 69b1326504 for zynq board"
9297,167,0x00A7,SETTINGS READ BY IDX RESP,65,,[75] system_info:loader_build_date="2018-08-15 23:29:52 UTC"
9297,167,0x00A7,SETTINGS READ BY IDX RESP,38,,[76] system_info:hw_version="9.4"
9297,167,0x00A7,SETTINGS READ BY IDX RESP,47,,[77] system_info:hw_revision="Piksi Multi"
9297,167,0x00A7,SETTINGS READ BY IDX RESP,40,,[78] system_info:hw_variant="Multi"
9297,167,0x00A7,SETTINGS READ BY IDX RESP,46,,[79] system_info:product_id="Piksi Multi"
9297,167,0x00A7,SETTINGS READ BY IDX RESP,45,,[80] system_info:build_variant="release"
9297,167,0x00A7,SETTINGS READ BY IDX RESP,42,,[81] system_info:sbp_sender_id="2451"
9297,151,0x0097,SV AZ EL,116,,(27) [G10 310 18] [G12 228 37] [G13 148 34] [G14 54 10] [G15 194 56] [G17 62 33] [G19 96 40] [G22 52 30] [G23 272 23] [G24 312 72] [G25 234 3] [R1 292 54] [R2 334 13] [R8 196 42] [R9 62 9] [R11 288 59] [R12 254 8] [R20 92 16] [B10 54 29] [B14 244 47] [B24 276 58] [B26 58 64] [B33 284 42] [B35 108 24] [E4 296 55] [E19 168 53] [E21 54 65]
9297,117,0x0075,GLO BIASES,17,,L1C: 0.00 m | L1P: 0.00 m | L2C: 0.00 m | L2P: 0.00 m
9297,65535,0xFFFF,HEARTBEAT,12,,ANT OK | NAP OK | IO OK | SYS OK
9297,23,0x0017,THREAD STATE,34,,main | 0.0 % | 65532 B
9297,23,0x0017,THREAD STATE,34,,idle | 1.3 % | 124 B
9297,23,0x0017,THREAD STATE,34,,rpmsg | 0.2 % | 3628 B
9297,23,0x0017,THREAD STATE,34,,rpmsg_imu | 0.0 % | 3644 B
9297,23,0x0017,THREAD STATE,34,,SBP | 0.0 % | 65532 B
9297,23,0x0017,THREAD STATE,34,,NAP | 0.0 % | 32812 B
9297,23,0x0017,THREAD STATE,34,,manage PV | 0.0 % | 1004 B
9297,23,0x0017,THREAD STATE,34,,IMU | 0.0 % | 2044 B
9297,23,0x0017,THREAD STATE,34,,IMU aux | 0.0 % | 2164 B
9297,23,0x0017,THREAD STATE,34,,ndb | 0.0 % | 3176 B
9297,23,0x0017,THREAD STATE,34,,NAP Tracking | 26.7 % | 30476 B
9297,23,0x0017,THREAD STATE,34,,decode | 0.8 % | 1588 B
9297,23,0x0017,THREAD STATE,34,,manage acq | 25.6 % | 30452 B
9297,23,0x0017,THREAD STATE,34,,system monitor | 0.1 % | 1548 B
9297,23,0x0017,THREAD STATE,34,,Watchdog | 0.0 % | 1108 B
9297,23,0x0017,THREAD STATE,34,,starling | 32.3 % | 65532 B
9297,23,0x0017,THREAD STATE,34,,time matched obs | 12.1 % | 65532 B
9297,23,0x0017,THREAD STATE,34,,me_calc_pvt | 0.8 % | 18804 B
9297,23,0x0017,THREAD STATE,34,,PPS | 0.0 % | 1840 B
9297,23,0x0017,THREAD STATE,34,,spectrum analyzer | 0.0 % | 4044 B
9297,258,0x0102,GPS TIME,19,391244.500,Wk: 2293 | TOW ns: -66 | GNSS
9297,259,0x0103,UTC TIME,24,391244.500,2023-12-21 12:40:26.499 (GNSS) | UTC Offset: Decoded
9297,522,0x020A,POS LLA,42,391244.500,RTK Fixed | Lat: 45.5011055 deg | Lon: 9.1560317 deg | Alt: 173.173 m | Used SVs: 15
9297,526,0x020E,VEL NED,30,391244.500,Comp. Doppler | COG: 298.61 deg | SOG: 0.04 m/s | Horiz Vel: 0.03 m/s | Vert Vel: 0.03 m/s | EHVE: 0.10 m/s | EVVE: 0.10 m/s
9297,520,0x0208,DOPS,23,391244.500,HDOP: 0.8 | PDOP: 1.6
9297,524,0x020C,BASELINE NED,30,391244.500,RTK Fixed | N: 47.187 m | E: -198.646 m | D: 13.606 m | Baseline: 204.626 m
9297,528,0x0210,CORR AGE,14,391244.500,1.5 s
9297,65282,0xFF02,DGNSS STATUS,12,,RTK | Signals: 15 | Latency: 1.5 s | ""
9297,167,0x00A7,SETTINGS READ BY IDX RESP,55,,[82] system_info:serial_number="00108093321100187"
9297,167,0x00A7,SETTINGS READ BY IDX RESP,45,,[83] system_info:pfwp_build_id="v3.0.17"
9297,167,0x00A7,SETTINGS READ BY IDX RESP,60,,[84] system_info:pfwp_build_date="Apr 11 2023 22:03:18"
9297,1025,0x0401,LOG,62,,ERROR: "Interface uart1 output buffer is full. Dropping data."
9297,167,0x00A7,SETTINGS READ BY IDX RESP,60,,[85] system_info:nap_build_id="v2.4.0-0-gb00131d-dirty"
9297,167,0x00A7,SETTINGS READ BY IDX RESP,62,,[86] system_info:nap_build_date="2019-12-14 01:53:48 UTC"
9297,167,0x00A7,SETTINGS READ BY IDX RESP,39,,[87] system_info:nap_channels="79"
9297,167,0x00A7,SETTINGS READ BY IDX RESP,65,,[89] system_info:uuid="09973C7F-8ABF-4B41-8677-CC92FAD42451"
9297,167,0x00A7,SETTINGS READ BY IDX RESP,58,,[90] rtcm_out:output_mode="MSM5"
9297,167,0x00A7,SETTINGS READ BY IDX RESP,37,,[91] rtcm_out:antenna_height="0"
9297,167,0x00A7,SETTINGS READ BY IDX RESP,53,,[88] system_info:mac_address="8C-C8-F4-94-18-F3"
9297,167,0x00A7,SETTINGS READ BY IDX RESP,56,,[92] rtcm_out:ant_descriptor="HXCGPS500       NONE"
9297,167,0x00A7,SETTINGS READ BY IDX RESP,41,,[93] rtcm_out:rcv_descriptor="PIKSI"
9297,167,0x00A7,SETTINGS READ BY IDX RESP,58,,[94] rtcm_out:enable_ephemeris="False"
9297,167,0x00A7,SETTINGS READ BY IDX RESP,54,,[95] sample_daemon:enabled="False"
9297,167,0x00A7,SETTINGS READ BY IDX RESP,63,,[96] sample_daemon:enable_broadcast="False"
9297,167,0x00A7,SETTINGS READ BY IDX RESP,41,,[97] sample_daemon:offset="-32.1597"
9297,167,0x00A7,SETTINGS READ BY IDX RESP,46,,[98] sample_daemon:broadcast_port="56666"
9297,167,0x00A7,SETTINGS READ BY IDX RESP,60,,[99] sample_daemon:broadcast_hostname="255.255.255.255"
9297,167,0x00A7,SETTINGS READ BY IDX RESP,59,,[101] standalone_logging:output_directory="C:\swiftnav"
9297,167,0x00A7,SETTINGS READ BY IDX RESP,42,,[102] standalone_logging:max_fill="95"
9297,167,0x00A7,SETTINGS READ BY IDX RESP,57,,[100] standalone_logging:enable="True"
9297,167,0x00A7,SETTINGS READ BY IDX RESP,47,,[103] standalone_logging:file_duration="10"
9297,167,0x00A7,SETTINGS READ BY IDX RESP,72,,[104] standalone_logging:logging_file_system="FAT"
9297,167,0x00A7,SETTINGS READ BY IDX RESP,68,,[105] standalone_logging:copy_system_logs="False"
9297,167,0x00A7,SETTINGS READ BY IDX RESP,65,,[106] standalone_logging:sdcard_enable="False"
9297,167,0x00A7,SETTINGS READ BY IDX RESP,35,,[107] cell_modem:APN="hologram"
9297,167,0x00A7,SETTINGS READ BY IDX RESP,50,,[108] cell_modem:enable="False"
9297,167,0x00A7,SETTINGS READ BY IDX RESP,49,,[109] cell_modem:debug="False"
9297,167,0x00A7,SETTINGS READ BY IDX RESP,46,,[110] cell_modem:device_override="ttyACM0"
9297,97,0x0061,MEAS STATE,245,,Total SVs: 23 | L1: 9 | L2: 6 | G1: 5 | G2: 4 | E1: 3 | E2: 3 | B1: 6 | B2: 2 | SBAS: 1
9297,258,0x0102,GPS TIME,19,391244.600,Wk: 2293 | TOW ns: -67 | GNSS
9297,259,0x0103,UTC TIME,24,391244.600,2023-12-21 12:40:26.599 (GNSS) | UTC Offset: Decoded
9297,522,0x020A,POS LLA,42,391244.600,RTK Fixed | Lat: 45.5011055 deg | Lon: 9.1560316 deg | Alt: 173.176 m | Used SVs: 15
9297,526,0x020E,VEL NED,30,391244.600,Comp. Doppler | COG: 275.19 deg | SOG: 0.03 m/s | Horiz Vel: 0.02 m/s | Vert Vel: 0.03 m/s | EHVE: 0.10 m/s | EVVE: 0.10 m/s
9297,520,0x0208,DOPS,23,391244.600,HDOP: 0.8 | PDOP: 1.6
9297,524,0x020C,BASELINE NED,30,391244.600,RTK Fixed | N: 47.187 m | E: -198.648 m | D: 13.603 m | Baseline: 204.628 m
9297,528,0x0210,CORR AGE,14,391244.600,1.6 s
9297,65282,0xFF02,DGNSS STATUS,12,,RTK | Signals: 15 | Latency: 1.6 s | ""
9297,167,0x00A7,SETTINGS READ BY IDX RESP,53,,[111] frontend:use_ext_clk="False"
9297,167,0x00A7,SETTINGS READ BY IDX RESP,65,,[112] frontend:activate_clock_steering="False"
9297,167,0x00A7,SETTINGS READ BY IDX RESP,68,,[113] frontend:antenna_selection="Primary"
9297,167,0x00A7,SETTINGS READ BY IDX RESP,53,,[114] frontend:antenna_bias="True"
9297,167,0x00A7,SETTINGS READ BY IDX RESP,66,,[115] metrics_daemon:enable_log_to_file="False"
9297,167,0x00A7,SETTINGS READ BY IDX RESP,52,,[116] metrics_daemon:metrics_update_interval="1"
9297,167,0x00A7,SETTINGS READ BY IDX RESP,51,,[117] imu:imu_raw_output="False"
9297,167,0x00A7,SETTINGS READ BY IDX RESP,46,,[118] imu:imu_rate="100"
9297,167,0x00A7,SETTINGS READ BY IDX RESP,45,,[119] imu:acc_range="8g"
9297,167,0x00A7,SETTINGS READ BY IDX RESP,56,,[120] imu:gyro_range="125"
9297,167,0x00A7,SETTINGS READ BY IDX RESP,51,,[121] imu:mag_raw_output="False"
9297,167,0x00A7,SETTINGS READ BY IDX RESP,46,,[122] imu:mag_rate="12.5"
9297,167,0x00A7,SETTINGS READ BY IDX RESP,34,,[123] ndb:valid_alm_acc="5000"
9297,167,0x00A7,SETTINGS READ BY IDX RESP,33,,[124] ndb:valid_eph_acc="100"
9297,167,0x00A7,SETTINGS READ BY IDX RESP,32,,[125] ndb:valid_alm_days="6"
9297,167,0x00A7,SETTINGS READ BY IDX RESP,50,,[126] ndb:erase_almanac="False"
9297,167,0x00A7,SETTINGS READ BY IDX RESP,53,,[127] ndb:erase_almanac_wn="False"
9297,167,0x00A7,SETTINGS READ BY IDX RESP,52,,[128] ndb:erase_gnss_capb="False"
9297,167,0x00A7,SETTINGS READ BY IDX RESP,47,,[129] ndb:erase_iono="False"
9297,167,0x00A7,SETTINGS READ BY IDX RESP,33,,[130] ndb:lgf_update_s="1800"
9297,167,0x00A7,SETTINGS READ BY IDX RESP,34,,[131] ndb:lgf_update_m="10000"
9297,167,0x00A7,SETTINGS READ BY IDX RESP,53,,[132] ndb:erase_utc_params="False"
9297,167,0x00A7,SETTINGS READ BY IDX RESP,35,,[133] track:elevation_mask="10"
9297,167,0x00A7,SETTINGS READ BY IDX RESP,34,,[134] track:iq_output_mask="0"
9297,167,0x00A7,SETTINGS READ BY IDX RESP,51,,[135] track:mode="rover"
9297,167,0x00A7,SETTINGS READ BY IDX RESP,38,,[136] solution:elevation_mask="10"
9297,167,0x00A7,SETTINGS READ BY IDX RESP,55,,[137] solution:dgnss_filter="Fixed"
9297,167,0x00A7,SETTINGS READ BY IDX RESP,111,,[138] solution:dynamic_motion_model="High Dynamics"
9297,167,0x00A7,SETTINGS READ BY IDX RESP,42,,[139] solution:correction_age_max="30"
9297,167,0x00A7,SETTINGS READ BY IDX RESP,55,,[140] solution:enable_glonass="True"
9297,167,0x00A7,SETTINGS READ BY IDX RESP,55,,[141] solution:enable_galileo="True"
9297,167,0x00A7,SETTINGS READ BY IDX RESP,54,,[142] solution:enable_beidou="True"
9297,167,0x00A7,SETTINGS READ BY IDX RESP,64,,[143] solution:glonass_measurement_std_downweight_factor="4"
9297,258,0x0102,GPS TIME,19,391244.700,Wk: 2293 | TOW ns: -67 | GNSS
9297,259,0x0103,UTC TIME,24,391244.700,2023-12-21 12:40:26.699 (GNSS) | UTC Offset: Decoded
9297,522,0x020A,POS LLA,42,391244.700,RTK Fixed | Lat: 45.5011055 deg | Lon: 9.1560316 deg | Alt: 173.177 m | Used SVs: 15
9297,526,0x020E,VEL NED,30,391244.700,Comp. Doppler | COG: 180.00 deg | SOG: 0.01 m/s | Horiz Vel: 0.00 m/s | Vert Vel: 0.01 m/s | EHVE: 0.10 m/s | EVVE: 0.10 m/s
9297,520,0x0208,DOPS,23,391244.700,HDOP: 0.8 | PDOP: 1.6
9297,524,0x020C,BASELINE NED,30,391244.700,RTK Fixed | N: 47.187 m | E: -198.648 m | D: 13.603 m | Baseline: 204.628 m
9297,528,0x0210,CORR AGE,14,391244.700,1.7 s
9297,65282,0xFF02,DGNSS STATUS,12,,RTK | Signals: 15 | Latency: 1.7 s | ""
9297,167,0x00A7,SETTINGS READ BY IDX RESP,90,,[144] solution:dgnss_solution_mode="Low Latency"
9297,167,0x00A7,SETTINGS READ BY IDX RESP,37,,[145] solution:heading_offset="0"
9297,167,0x00A7,SETTINGS READ BY IDX RESP,54,,[146] solution:send_heading="False"
9297,167,0x00A7,SETTINGS READ BY IDX RESP,54,,[147] solution:disable_raim="False"
9297,167,0x00A7,SETTINGS READ BY IDX RESP,33,,[148] solution:soln_freq="10"
9297,167,0x00A7,SETTINGS READ BY IDX RESP,42,,[149] solution:output_every_n_obs="10"
9297,167,0x00A7,SETTINGS READ BY IDX RESP,51,,[150] solution:min_modelled_baseline_len_km="0"
9297,167,0x00A7,SETTINGS READ BY IDX RESP,70,,[151] ext_event_a:edge_trigger="None"
9297,167,0x00A7,SETTINGS READ BY IDX RESP,37,,[152] ext_event_a:sensitivity="0"
9297,167,0x00A7,SETTINGS READ BY IDX RESP,70,,[153] ext_event_b:edge_trigger="None"
9297,167,0x00A7,SETTINGS READ BY IDX RESP,37,,[154] ext_event_b:sensitivity="0"
9297,167,0x00A7,SETTINGS READ BY IDX RESP,70,,[155] ext_event_c:edge_trigger="None"
9297,167,0x00A7,SETTINGS READ BY IDX RESP,37,,[156] ext_event_c:sensitivity="0"
9297,167,0x00A7,SETTINGS READ BY IDX RESP,61,,[157] acquisition:almanacs_enabled="False"
9297,167,0x00A7,SETTINGS READ BY IDX RESP,71,,[158] acquisition:glonass_acquisition_enabled="True"
9297,167,0x00A7,SETTINGS READ BY IDX RESP,68,,[159] acquisition:sbas_acquisition_enabled="True"
9297,167,0x00A7,SETTINGS READ BY IDX RESP,68,,[160] acquisition:bds2_acquisition_enabled="True"
9297,167,0x00A7,SETTINGS READ BY IDX RESP,68,,[161] acquisition:qzss_acquisition_enabled="True"
9297,167,0x00A7,SETTINGS READ BY IDX RESP,71,,[162] acquisition:galileo_acquisition_enabled="True"
9297,167,0x00A7,SETTINGS READ BY IDX RESP,61,,[163] system_monitor:heartbeat_period_milliseconds="1000"
9297,167,0x00A7,SETTINGS READ BY IDX RESP,55,,[164] system_monitor:watchdog="True"
9297,167,0x00A7,SETTINGS READ BY IDX RESP,65,,[165] system_monitor:spectrum_analyzer="False"
9297,167,0x00A7,SETTINGS READ BY IDX RESP,60,,[166] surveyed_position:broadcast="False"
9297,167,0x00A7,SETTINGS READ BY IDX RESP,44,,[168] surveyed_position:surveyed_lon="0"
9297,167,0x00A7,SETTINGS READ BY IDX RESP,44,,[167] surveyed_position:surveyed_lat="0"
9297,167,0x00A7,SETTINGS READ BY IDX RESP,44,,[169] surveyed_position:surveyed_alt="0"
9297,167,0x00A7,SETTINGS READ BY IDX RESP,36,,[170] sbp:obs_msg_max_size="255"
9297,167,0x00A7,SETTINGS READ BY IDX RESP,50,,[171] simulator:enabled="False"
9297,167,0x00A7,SETTINGS READ BY IDX RESP,46,,[172] simulator:base_ecef_x="-2706098.845"
9297,167,0x00A7,SETTINGS READ BY IDX RESP,46,,[173] simulator:base_ecef_y="-4261216.475"
9297,167,0x00A7,SETTINGS READ BY IDX RESP,45,,[174] simulator:base_ecef_z="3885597.912"
9297,167,0x00A7,SETTINGS READ BY IDX RESP,29,,[175] simulator:speed="4"
9297,167,0x00A7,SETTINGS READ BY IDX RESP,32,,[176] simulator:radius="100"
9297,167,0x00A7,SETTINGS READ BY IDX RESP,35,,[177] simulator:pos_sigma="1.5"
9297,167,0x00A7,SETTINGS READ BY IDX RESP,47,,[178] simulator:speed_sigma="0.15000000596"
9297,167,0x00A7,SETTINGS READ BY IDX RESP,46,,[179] simulator:cn0_sigma="0.300000011921"
9297,167,0x00A7,SETTINGS READ BY IDX RESP,41,,[180] simulator:pseudorange_sigma="4"
9297,167,0x00A7,SETTINGS READ BY IDX RESP,49,,[181] simulator:phase_sigma="0.0299999993294"
9297,167,0x00A7,SETTINGS READ BY IDX RESP,32,,[182] simulator:num_sats="9"
9297,258,0x0102,GPS TIME,19,391244.800,Wk: 2293 | TOW ns: -68 | GNSS
9297,259,0x0103,UTC TIME,24,391244.800,2023-12-21 12:40:26.799 (GNSS) | UTC Offset: Decoded
9297,522,0x020A,POS LLA,42,391244.800,RTK Fixed | Lat: 45.5011055 deg | Lon: 9.1560316 deg | Alt: 173.177 m | Used SVs: 15
9297,526,0x020E,VEL NED,30,391244.800,Comp. Doppler | COG: 277.43 deg | SOG: 0.02 m/s | Horiz Vel: 0.02 m/s | Vert Vel: 0.01 m/s | EHVE: 0.10 m/s | EVVE: 0.10 m/s
9297,520,0x0208,DOPS,23,391244.800,HDOP: 0.8 | PDOP: 1.6
9297,524,0x020C,BASELINE NED,30,391244.800,RTK Fixed | N: 47.187 m | E: -198.650 m | D: 13.603 m | Baseline: 204.630 m
9297,528,0x0210,CORR AGE,14,391244.800,1.8 s
9297,65282,0xFF02,DGNSS STATUS,12,,RTK | Signals: 15 | Latency: 1.8 s | ""
9297,167,0x00A7,SETTINGS READ BY IDX RESP,34,,[183] simulator:mode_mask="15"
9297,167,0x00A7,SETTINGS READ BY IDX RESP,84,,[184] pps:propagation_mode="Time Limited"
9297,167,0x00A7,SETTINGS READ BY IDX RESP,26,,[185] pps:width="2000"
9297,167,0x00A7,SETTINGS READ BY IDX RESP,26,,[186] pps:polarity="1"
9297,167,0x00A7,SETTINGS READ BY IDX RESP,24,,[187] pps:offset="0"
9297,167,0x00A7,SETTINGS READ BY IDX RESP,27,,[188] pps:frequency="1"
9297,167,0x00A7,SETTINGS READ BY IDX RESP,37,,[189] pps:propagation_timeout="5"
9297,258,0x0102,GPS TIME,19,391244.900,Wk: 2293 | TOW ns: -68 | GNSS
9297,259,0x0103,UTC TIME,24,391244.900,2023-12-21 12:40:26.899 (GNSS) | UTC Offset: Decoded
9297,522,0x020A,POS LLA,42,391244.900,RTK Fixed | Lat: 45.5011055 deg | Lon: 9.1560316 deg | Alt: 173.178 m | Used SVs: 15
9297,526,0x020E,VEL NED,30,391244.900,Comp. Doppler | COG: 315.00 deg | SOG: 0.01 m/s | Horiz Vel: 0.01 m/s | Vert Vel: 0.01 m/s | EHVE: 0.10 m/s | EVVE: 0.10 m/s
9297,520,0x0208,DOPS,23,391244.900,HDOP: 0.8 | PDOP: 1.6
9297,524,0x020C,BASELINE NED,30,391244.900,RTK Fixed | N: 47.188 m | E: -198.650 m | D: 13.602 m | Baseline: 204.630 m
9297,528,0x0210,CORR AGE,14,391244.900,1.9 s
9297,65282,0xFF02,DGNSS STATUS,12,,RTK | Signals: 15 | Latency: 1.9 s | ""
9297,74,0x004A,OBS,257,391245.000,Msg 1 of 3 (14) [G12-L1CA:PCDAr:46.0] [G10-L1CA:PCDAr:43.0] [G13-L1CA:PCDAr:42.0] [G15-L1CA:PCDAr:47.8] [G17-L1CA:PCDAr:48.3] [G19-L1CA:PCDAr:36.5] [G22-L1CA:PCDAr:49.3] [G24-L1CA:PCDAr:52.3] [G23-L1CA:PCDAr:43.0] [G24-L2CM:PCDAr:49.8] [G15-L2CM:PCDAr:43.5] [G17-L2CM:PCDAr:44.3] [G12-L2CM:PCDAr:41.0] [G23-L2CM:PCDAr:42.3]
9297,74,0x004A,OBS,257,391245.000,Msg 2 of 3 (14) [G10-L2CM:PCDAr:46.0] [R11-L1OF:PCDAr:56.5] [R2-L1OF:PCDAr:52.3] [R1-L1OF:PCDAr:50.5] [R8-L1OF:PCDAr:44.0] [R2-L2OF:PCDAr:41.8] [R11-L2OF:PCDAr:51.0] [R1-L2OF:PCDAr:43.8] [R8-L2OF:PCDAr:42.8] [B24-B1:PCDAr:53.0] [B10-B1:PCDAr:45.0] [B26-B1:PCDAr:51.5] [B33-B1:PCDAr:52.0] [B14-B1:PCDAr:46.8]
9297,74,0x004A,OBS,155,391245.000,Msg 3 of 3 (8) [B10-B2:PCDAr:45.3] [B14-B2:PCDAr:50.5] [E4-E1B:PCDAr:51.0] [E19-E1B:PCDAr:41.3] [E21-E1B:PCDAr:50.8] [E4-E7I:PCDAr:51.0] [E19-E7I:PCDAr:40.8] [E21-E7I:PCDAr:50.3]
9297,117,0x0075,GLO BIASES,17,,L1C: 0.00 m | L1P: 0.00 m | L2C: 0.00 m | L2P: 0.00 m
9297,258,0x0102,GPS TIME,19,391245.000,Wk: 2293 | TOW ns: -69 | GNSS
9297,259,0x0103,UTC TIME,24,391245.000,2023-12-21 12:40:26.999 (GNSS) | UTC Offset: Decoded
9297,522,0x020A,POS LLA,42,391245.000,RTK Fixed | Lat: 45.5011055 deg | Lon: 9.1560316 deg | Alt: 173.181 m | Used SVs: 15
9297,526,0x020E,VEL NED,30,391245.000,Comp. Doppler | COG: 180.00 deg | SOG: 0.03 m/s | Horiz Vel: 0.01 m/s | Vert Vel: 0.03 m/s | EHVE: 0.10 m/s | EVVE: 0.10 m/s
9297,520,0x0208,DOPS,23,391245.000,HDOP: 0.8 | PDOP: 1.6
9297,524,0x020C,BASELINE NED,30,391245.000,RTK Fixed | N: 47.187 m | E: -198.651 m | D: 13.599 m | Baseline: 204.631 m
9297,528,0x0210,CORR AGE,14,391245.000,2.0 s
9297,65282,0xFF02,DGNSS STATUS,12,,RTK | Signals: 15 | Latency: 2.0 s | ""
9297,97,0x0061,MEAS STATE,245,,Total SVs: 19 | L1: 9 | L2: 6 | G1: 0 | G2: 0 | E1: 3 | E2: 3 | B1: 6 | B2: 2 | SBAS: 1
9297,258,0x0102,GPS TIME,19,391245.100,Wk: 2293 | TOW ns: -69 | GNSS
9297,259,0x0103,UTC TIME,24,391245.100,2023-12-21 12:40:27.099 (GNSS) | UTC Offset: Decoded
9297,522,0x020A,POS LLA,42,391245.100,RTK Fixed | Lat: 45.5011055 deg | Lon: 9.1560316 deg | Alt: 173.178 m | Used SVs: 15
9297,526,0x020E,VEL NED,30,391245.100,Comp. Doppler | COG: 326.31 deg | SOG: 0.03 m/s | Horiz Vel: 0.01 m/s | Vert Vel: -0.03 m/s | EHVE: 0.10 m/s | EVVE: 0.10 m/s
9297,520,0x0208,DOPS,23,391245.100,HDOP: 0.8 | PDOP: 1.6
9297,524,0x020C,BASELINE NED,30,391245.100,RTK Fixed | N: 47.188 m | E: -198.651 m | D: 13.601 m | Baseline: 204.631 m
9297,528,0x0210,CORR AGE,14,391245.100,2.1 s
9297,65282,0xFF02,DGNSS STATUS,12,,RTK | Signals: 15 | Latency: 2.1 s | ""
9297,258,0x0102,GPS TIME,19,391245.200,Wk: 2293 | TOW ns: -70 | GNSS
9297,259,0x0103,UTC TIME,24,391245.200,2023-12-21 12:40:27.199 (GNSS) | UTC Offset: Decoded
9297,522,0x020A,POS LLA,42,391245.200,RTK Fixed | Lat: 45.5011054 deg | Lon: 9.1560316 deg | Alt: 173.178 m | Used SVs: 15
9297,526,0x020E,VEL NED,30,391245.200,Comp. Doppler | COG: 194.53 deg | SOG: 0.03 m/s | Horiz Vel: 0.03 m/s | Vert Vel: -0.01 m/s | EHVE: 0.10 m/s | EVVE: 0.10 m/s
9297,520,0x0208,DOPS,23,391245.200,HDOP: 0.8 | PDOP: 1.6
9297,524,0x020C,BASELINE NED,30,391245.200,RTK Fixed | N: 47.185 m | E: -198.651 m | D: 13.602 m | Baseline: 204.631 m
9297,528,0x0210,CORR AGE,14,391245.200,2.2 s
9297,65282,0xFF02,DGNSS STATUS,12,,RTK | Signals: 15 | Latency: 2.2 s | ""
0,74,0x004A,OBS,257,391244.000,Msg 3 of 3 (14) [B14-B1:PCDAr:49.0] [B10-B1:PCDAr:43.3] [B29-B1:PCDAr:46.8] [B10-B2:PCDAr:45.5] [B7-B2:PCDAr:41.0] [B14-B2:PCDAr:52.8] [E4-E1B:PCDAr:50.5] [E27-E1B:PCDAr:41.8] [E19-E1B:PCDAr:45.8] [E21-E1B:PCDAr:51.5] [E4-E7I:PCDAr:52.8] [E21-E7I:PCDAr:53.3] [E27-E7I:PCDAr:41.8] [E19-E7I:PCDAr:47.5]
0,72,0x0048,BASE POS ECEF,32,,X: 4421114.209 m | Y: 712784.166 m | Z: 4526655.471 m (Lat: 45.5006809 deg | Lon: 9.1585732 deg | Alt: 186.776 m)
0,74,0x004A,OBS,257,391245.000,Msg 1 of 3 (14) [G10-L1CA:PCDAr:42.0] [G23-L1CA:PCDAr:46.0] [G15-L1CA:PCDAr:52.8] [G13-L1CA:PCDAr:49.0] [G14-L1CA:PCDAr:43.0] [G19-L1CA:PCDAr:51.0] [G24-L1CA:PCDAr:53.5] [G22-L1CA:PCDAr:48.0] [G17-L1CA:PCDAr:48.5] [G12-L1CA:PCDAr:51.0] [G10-L2CM:PCDAr:44.5] [G23-L2CM:PCDAr:44.8] [G24-L2CM:PCDAr:52.5] [G15-L2CM:PCDAr:48.3]
0,74,0x004A,OBS,257,391245.000,Msg 2 of 3 (14) [G14-L2CM:PCDAr:40.5] [G17-L2CM:PCDAr:45.8] [G12-L2CM:PCDAr:46.0] [R1-L1OF:PCDAr:51.8] [R8-L1OF:PCDAr:49.0] [R11-L1OF:PCDAr:56.5] [R10-L1OF:PCDAr:50.3] [R11-L2OF:PCDAr:51.5] [R1-L2OF:PCDAr:44.5] [B7-B1:PCDAr:43.0] [B35-B1:PCDAr:46.3] [B24-B1:PCDAr:54.0] [B33-B1:PCDAr:52.0] [B26-B1:PCDAr:54.5]
9297,30583,0x7777,SBAS RAW,42,,
9297,258,0x0102,GPS TIME,19,391245.300,Wk: 2293 | TOW ns: -71 | GNSS
9297,259,0x0103,UTC TIME,24,391245.300,2023-12-21 12:40:27.299 (GNSS) | UTC Offset: Decoded
9297,522,0x020A,POS LLA,42,391245.300,RTK Fixed | Lat: 45.5011055 deg | Lon: 9.1560316 deg | Alt: 173.181 m | Used SVs: 15
9297,526,0x020E,VEL NED,30,391245.300,Comp. Doppler | COG: 337.07 deg | SOG: 0.04 m/s | Horiz Vel: 0.03 m/s | Vert Vel: 0.03 m/s | EHVE: 0.10 m/s | EVVE: 0.10 m/s
9297,520,0x0208,DOPS,23,391245.300,HDOP: 0.8 | PDOP: 1.6
9297,524,0x020C,BASELINE NED,30,391245.300,RTK Fixed | N: 47.188 m | E: -198.652 m | D: 13.599 m | Baseline: 204.632 m
9297,528,0x0210,CORR AGE,14,391245.300,2.3 s
9297,65282,0xFF02,DGNSS STATUS,12,,RTK | Signals: 15 | Latency: 2.3 s | ""
9297,258,0x0102,GPS TIME,19,391245.400,Wk: 2293 | TOW ns: -71 | GNSS
9297,259,0x0103,UTC TIME,24,391245.400,2023-12-21 12:40:27.399 (GNSS) | UTC Offset: Decoded
9297,522,0x020A,POS LLA,42,391245.400,RTK Fixed | Lat: 45.5011055 deg | Lon: 9.1560316 deg | Alt: 173.181 m | Used SVs: 15
9297,526,0x020E,VEL NED,30,391245.400,Comp. Doppler | COG: 340.82 deg | SOG: 0.02 m/s | Horiz Vel: 0.02 m/s | Vert Vel: 0.00 m/s | EHVE: 0.10 m/s | EVVE: 0.10 m/s
9297,520,0x0208,DOPS,23,391245.400,HDOP: 0.8 | PDOP: 1.6
9297,524,0x020C,BASELINE NED,30,391245.400,RTK Fixed | N: 47.190 m | E: -198.653 m | D: 13.598 m | Baseline: 204.633 m
9297,528,0x0210,CORR AGE,14,391245.400,2.4 s
9297,65282,0xFF02,DGNSS STATUS,12,,RTK | Signals: 15 | Latency: 2.4 s | ""
9297,151,0x0097,SV AZ EL,116,,(27) [G10 310 18] [G12 228 37] [G13 148 34] [G14 54 10] [G15 194 56] [G17 62 33] [G19 96 40] [G22 52 30] [G23 272 23] [G24 312 72] [G25 234 3] [R1 292 54] [R2 334 13] [R8 196 42] [R9 62 9] [R11 288 59] [R12 254 8] [R20 92 16] [B10 54 29] [B14 244 47] [B24 276 58] [B26 58 64] [B33 284 42] [B35 108 24] [E4 296 55] [E19 168 53] [E21 54 65]
9297,117,0x0075,GLO BIASES,17,,L1C: 0.00 m | L1P: 0.00 m | L2C: 0.00 m | L2P: 0.00 m
9297,65535,0xFFFF,HEARTBEAT,12,,ANT OK | NAP OK | IO OK | SYS OK
9297,258,0x0102,GPS TIME,19,391245.500,Wk: 2293 | TOW ns: -66 | GNSS
9297,259,0x0103,UTC TIME,24,391245.500,2023-12-21 12:40:27.499 (GNSS) | UTC Offset: Decoded
9297,522,0x020A,POS LLA,42,391245.500,RTK Fixed | Lat: 45.5011055 deg | Lon: 9.1560316 deg | Alt: 173.180 m | Used SVs: 15
9297,526,0x020E,VEL NED,30,391245.500,Comp. Doppler | COG: 334.44 deg | SOG: 0.04 m/s | Horiz Vel: 0.03 m/s | Vert Vel: -0.03 m/s | EHVE: 0.10 m/s | EVVE: 0.10 m/s
9297,520,0x0208,DOPS,23,391245.500,HDOP: 0.8 | PDOP: 1.6
9297,524,0x020C,BASELINE NED,30,391245.500,RTK Fixed | N: 47.193 m | E: -198.654 m | D: 13.599 m | Baseline: 204.635 m
9297,528,0x0210,CORR AGE,14,391245.500,1.5 s
9297,65282,0xFF02,DGNSS STATUS,12,,RTK | Signals: 15 | Latency: 1.5 s | ""
9297,97,0x0061,MEAS STATE,245,,Total SVs: 23 | L1: 9 | L2: 6 | G1: 5 | G2: 4 | E1: 3 | E2: 3 | B1: 6 | B2: 2 | SBAS: 1
9297,258,0x0102,GPS TIME,19,391245.600,Wk: 2293 | TOW ns: -67 | GNSS
9297,259,0x0103,UTC TIME,24,391245.600,2023-12-21 12:40:27.599 (GNSS) | UTC Offset: Decoded
9297,522,0x020A,POS LLA,42,391245.600,RTK Fixed | Lat: 45.5011055 deg | Lon: 9.1560316 deg | Alt: 173.177 m | Used SVs: 15
9297,526,0x020E,VEL NED,30,391245.600,Comp. Doppler | COG: 163.74 deg | SOG: 0.04 m/s | Horiz Vel: 0.03 m/s | Vert Vel: -0.03 m/s | EHVE: 0.10 m/s | EVVE: 0.10 m/s
9297,520,0x0208,DOPS,23,391245.600,HDOP: 0.8 | PDOP: 1.6
9297,524,0x020C,BASELINE NED,30,391245.600,RTK Fixed | N: 47.191 m | E: -198.654 m | D: 13.602 m | Baseline: 204.635 m
9297,528,0x0210,CORR AGE,14,391245.600,1.6 s
9297,65282,0xFF02,DGNSS STATUS,12,,RTK | Signals: 15 | Latency: 1.6 s | ""
9297,258,0x0102,GPS TIME,19,391245.700,Wk: 2293 | TOW ns: -67 | GNSS
9297,259,0x0103,UTC TIME,24,391245.700,2023-12-21 12:40:27.699 (GNSS) | UTC Offset: Decoded
9297,522,0x020A,POS LLA,42,391245.700,RTK Fixed | Lat: 45.5011055 deg | Lon: 9.1560316 deg | Alt: 173.185 m | Used SVs: 15
9297,526,0x020E,VEL NED,30,391245.700,Comp. Doppler | COG: 133.45 deg | SOG: 0.07 m/s | Horiz Vel: 0.03 m/s | Vert Vel: 0.07 m/s | EHVE: 0.10 m/s | EVVE: 0.10 m/s
9297,520,0x0208,DOPS,23,391245.700,HDOP: 0.8 | PDOP: 1.6
9297,524,0x020C,BASELINE NED,30,391245.700,RTK Fixed | N: 47.190 m | E: -198.652 m | D: 13.595 m | Baseline: 204.632 m
9297,528,0x0210,CORR AGE,14,391245.700,1.7 s
9297,65282,0xFF02,DGNSS STATUS,12,,RTK | Signals: 15 | Latency: 1.7 s | ""
9297,258,0x0102,GPS TIME,19,391245.800,Wk: 2293 | TOW ns: -68 | GNSS
9297,259,0x0103,UTC TIME,24,391245.800,2023-12-21 12:40:27.799 (GNSS) | UTC Offset: Decoded
9297,522,0x020A,POS LLA,42,391245.800,RTK Fixed | Lat: 45.5011054 deg | Lon: 9.1560316 deg | Alt: 173.182 m | Used SVs: 15
9297,526,0x020E,VEL NED,30,391245.800,Comp. Doppler | COG: 132.84 deg | SOG: 0.08 m/s | Horiz Vel: 0.08 m/s | Vert Vel: -0.04 m/s | EHVE: 0.10 m/s | EVVE: 0.10 m/s
9297,520,0x0208,DOPS,23,391245.800,HDOP: 0.8 | PDOP: 1.6
9297,524,0x020C,BASELINE NED,30,391245.800,RTK Fixed | N: 47.185 m | E: -198.648 m | D: 13.597 m | Baseline: 204.627 m
9297,528,0x0210,CORR AGE,14,391245.800,1.8 s
9297,65282,0xFF02,DGNSS STATUS,12,,RTK | Signals: 15 | Latency: 1.8 s | ""
9297,258,0x0102,GPS TIME,19,391245.900,Wk: 2293 | TOW ns: -69 | GNSS
9297,259,0x0103,UTC TIME,24,391245.900,2023-12-21 12:40:27.899 (GNSS) | UTC Offset: Decoded
9297,522,0x020A,POS LLA,42,391245.900,RTK Fixed | Lat: 45.5011054 deg | Lon: 9.1560317 deg | Alt: 173.176 m | Used SVs: 15
9297,526,0x020E,VEL NED,30,391245.900,Comp. Doppler | COG: 124.38 deg | SOG: 0.11 m/s | Horiz Vel: 0.05 m/s | Vert Vel: -0.10 m/s | EHVE: 0.10 m/s | EVVE: 0.10 m/s
9297,520,0x0208,DOPS,23,391245.900,HDOP: 0.8 | PDOP: 1.6
9297,524,0x020C,BASELINE NED,30,391245.900,RTK Fixed | N: 47.183 m | E: -198.645 m | D: 13.604 m | Baseline: 204.624 m
9297,528,0x0210,CORR AGE,14,391245.900,1.9 s
9297,65282,0xFF02,DGNSS STATUS,12,,RTK | Signals: 15 | Latency: 1.9 s | ""
9297,74,0x004A,OBS,257,391246.000,Msg 1 of 3 (14) [G12-L1CA:PCDAr:45.5] [G10-L1CA:PCDAr:43.0] [G13-L1CA:PCDAr:42.5] [G15-L1CA:PCDAr:48.3] [G17-L1CA:PCDAr:47.8] [G19-L1CA:PCDAr:37.5] [G22-L1CA:PCDAr:49.8] [G24-L1CA:PCDAr:53.0] [G23-L1CA:PCDAr:42.5] [G24-L2CM:PCDAr:49.8] [G15-L2CM:PCDAr:43.0] [G17-L2CM:PCDAr:44.0] [G12-L2CM:PCDAr:41.0] [G23-L2CM:PCDAr:42.3]
9297,74,0x004A,OBS,257,391246.000,Msg 2 of 3 (14) [G10-L2CM:PCDAr:46.3] [R11-L1OF:PCDAr:56.5] [R2-L1OF:PCDAr:52.5] [R1-L1OF:PCDAr:51.0] [R8-L1OF:PCDAr:44.5] [R2-L2OF:PCDAr:41.3] [R11-L2OF:PCDAr:51.0] [R1-L2OF:PCDAr:43.8] [R8-L2OF:PCDAr:42.8] [B24-B1:PCDAr:53.5] [B10-B1:PCDAr:45.8] [B26-B1:PCDAr:53.3] [B33-B1:PCDAr:52.5] [B14-B1:PCDAr:47.0]
9297,74,0x004A,OBS,155,391246.000,Msg 3 of 3 (8) [B10-B2:PCDAr:45.0] [B14-B2:PCDAr:50.5] [E4-E1B:PCDAr:51.5] [E19-E1B:PCDAr:42.3] [E21-E1B:PCDAr:52.0] [E4-E7I:PCDAr:51.0] [E19-E7I:PCDAr:41.3] [E21-E7I:PCDAr:50.8]
9297,117,0x0075,GLO BIASES,17,,L1C: 0.00 m | L1P: 0.00 m | L2C: 0.00 m | L2P: 0.00 m
9297,258,0x0102,GPS TIME,19,391246.000,Wk: 2293 | TOW ns: -69 | GNSS
9297,259,0x0103,UTC TIME,24,391246.000,2023-12-21 12:40:27.999 (GNSS) | UTC Offset: Decoded
9297,522,0x020A,POS LLA,42,391246.000,RTK Fixed | Lat: 45.5011054 deg | Lon: 9.1560317 deg | Alt: 173.175 m | Used SVs: 15
9297,526,0x020E,VEL NED,30,391246.000,Comp. Doppler | COG: 275.44 deg | SOG: 0.02 m/s | Horiz Vel: 0.02 m/s | Vert Vel: -0.01 m/s | EHVE: 0.10 m/s | EVVE: 0.10 m/s
9297,520,0x0208,DOPS,23,391246.000,HDOP: 0.8 | PDOP: 1.6
9297,524,0x020C,BASELINE NED,30,391246.000,RTK Fixed | N: 47.183 m | E: -198.647 m | D: 13.604 m | Baseline: 204.626 m
9297,528,0x0210,CORR AGE,14,391246.000,2.0 s
9297,65282,0xFF02,DGNSS STATUS,12,,RTK | Signals: 15 | Latency: 2.0 s | ""
9297,97,0x0061,MEAS STATE,245,,Total SVs: 19 | L1: 9 | L2: 6 | G1: 0 | G2: 0 | E1: 3 | E2: 3 | B1: 6 | B2: 2 | SBAS: 1
9297,258,0x0102,GPS TIME,19,391246.100,Wk: 2293 | TOW ns: -70 | GNSS
9297,259,0x0103,UTC TIME,24,391246.100,2023-12-21 12:40:28.099 (GNSS) | UTC Offset: Decoded
9297,522,0x020A,POS LLA,42,391246.100,RTK Fixed | Lat: 45.5011054 deg | Lon: 9.1560316 deg | Alt: 173.175 m | Used SVs: 15
9297,526,0x020E,VEL NED,30,391246.100,Comp. Doppler | COG: 228.01 deg | SOG: 0.03 m/s | Horiz Vel: 0.03 m/s | Vert Vel: 0.01 m/s | EHVE: 0.10 m/s | EVVE: 0.10 m/s
9297,520,0x0208,DOPS,23,391246.100,HDOP: 0.8 | PDOP: 1.6
9297,524,0x020C,BASELINE NED,30,391246.100,RTK Fixed | N: 47.181 m | E: -198.648 m | D: 13.604 m | Baseline: 204.627 m
9297,528,0x0210,CORR AGE,14,391246.100,2.1 s
9297,65282,0xFF02,DGNSS STATUS,12,,RTK | Signals: 15 | Latency: 2.1 s | ""
9297,258,0x0102,GPS TIME,19,391246.200,Wk: 2293 | TOW ns: -70 | GNSS
9297,259,0x0103,UTC TIME,24,391246.200,2023-12-21 12:40:28.199 (GNSS) | UTC Offset: Decoded
9297,522,0x020A,POS LLA,42,391246.200,RTK Fixed | Lat: 45.5011054 deg | Lon: 9.1560317 deg | Alt: 173.178 m | Used SVs: 15
9297,526,0x020E,VEL NED,30,391246.200,Comp. Doppler | COG: 122.74 deg | SOG: 0.04 m/s | Horiz Vel: 0.02 m/s | Vert Vel: 0.04 m/s | EHVE: 0.10 m/s | EVVE: 0.10 m/s
9297,520,0x0208,DOPS,23,391246.200,HDOP: 0.8 | PDOP: 1.6
9297,524,0x020C,BASELINE NED,30,391246.200,RTK Fixed | N: 47.180 m | E: -198.646 m | D: 13.601 m | Baseline: 204.624 m
9297,528,0x0210,CORR AGE,14,391246.200,2.2 s
9297,65282,0xFF02,DGNSS STATUS,12,,RTK | Signals: 15 | Latency: 2.2 s | ""
0,74,0x004A,OBS,257,391245.000,Msg 3 of 3 (14) [B14-B1:PCDAr:49.3] [B10-B1:PCDAr:43.3] [B29-B1:PCDAr:46.8] [B10-B2:PCDAr:46.0] [B7-B2:PCDAr:41.5] [B14-B2:PCDAr:53.0] [E4-E1B:PCDAr:50.5] [E27-E1B:PCDAr:41.8] [E19-E1B:PCDAr:45.8] [E21-E1B:PCDAr:51.5] [E4-E7I:PCDAr:53.0] [E21-E7I:PCDAr:53.5] [E27-E7I:PCDAr:42.0] [E19-E7I:PCDAr:47.5]
0,72,0x0048,BASE POS ECEF,32,,X: 4421114.209 m | Y: 712784.166 m | Z: 4526655.471 m (Lat: 45.5006809 deg | Lon: 9.1585732 deg | Alt: 186.776 m)
9297,258,0x0102,GPS TIME,19,391246.300,Wk: 2293 | TOW ns: -71 | GNSS
9297,259,0x0103,UTC TIME,24,391246.300,2023-12-21 12:40:28.299 (GNSS) | UTC Offset: Decoded
9297,522,0x020A,POS LLA,42,391246.300,RTK Fixed | Lat: 45.5011054 deg | Lon: 9.1560317 deg | Alt: 173.180 m | Used SVs: 15
9297,526,0x020E,VEL NED,30,391246.300,Comp. Doppler | COG: 176.63 deg | SOG: 0.05 m/s | Horiz Vel: 0.03 m/s | Vert Vel: 0.03 m/s | EHVE: 0.10 m/s | EVVE: 0.10 m/s
9297,520,0x0208,DOPS,23,391246.300,HDOP: 0.8 | PDOP: 1.6
9297,524,0x020C,BASELINE NED,30,391246.300,RTK Fixed | N: 47.177 m | E: -198.646 m | D: 13.600 m | Baseline: 204.624 m
9297,528,0x0210,CORR AGE,14,391246.300,2.3 s
9297,65282,0xFF02,DGNSS STATUS,12,,RTK | Signals: 15 | Latency: 2.3 s | ""
0,74,0x004A,OBS,257,391246.000,Msg 1 of 3 (14) [G10-L1CA:PCDAr:42.0] [G23-L1CA:PCDAr:46.3] [G15-L1CA:PCDAr:53.0] [G13-L1CA:PCDAr:49.5] [G14-L1CA:PCDAr:43.3] [G19-L1CA:PCDAr:51.3] [G24-L1CA:PCDAr:54.0] [G22-L1CA:PCDAr:48.5] [G17-L1CA:PCDAr:48.8] [G12-L1CA:PCDAr:51.5] [G10-L2CM:PCDAr:44.3] [G23-L2CM:PCDAr:44.5] [G24-L2CM:PCDAr:52.5] [G15-L2CM:PCDAr:48.3]
0,74,0x004A,OBS,257,391246.000,Msg 2 of 3 (14) [G14-L2CM:PCDAr:40.5] [G17-L2CM:PCDAr:45.8] [G12-L2CM:PCDAr:46.0] [R1-L1OF:PCDAr:51.8] [R8-L1OF:PCDAr:49.0] [R11-L1OF:PCDAr:56.5] [R10-L1OF:PCDAr:50.3] [R11-L2OF:PCDAr:51.3] [R1-L2OF:PCDAr:44.5] [B7-B1:PCDAr:42.8] [B35-B1:PCDAr:46.0] [B24-B1:PCDAr:53.8] [B33-B1:PCDAr:51.8] [B26-B1:PCDAr:54.5]
9297,30583,0x7777,SBAS RAW,42,,
9297,258,0x0102,GPS TIME,19,391246.400,Wk: 2293 | TOW ns: -72 | GNSS
9297,259,0x0103,UTC TIME,24,391246.400,2023-12-21 12:40:28.399 (GNSS) | UTC Offset: Decoded
9297,522,0x020A,POS LLA,42,391246.400,RTK Fixed | Lat: 45.5011054 deg | Lon: 9.1560316 deg | Alt: 173.183 m | Used SVs: 15
9297,526,0x020E,VEL NED,30,391246.400,Comp. Doppler | COG: 266.82 deg | SOG: 0.05 m/s | Horiz Vel: 0.02 m/s | Vert Vel: 0.04 m/s | EHVE: 0.10 m/s | EVVE: 0.10 m/s
9297,520,0x0208,DOPS,23,391246.400,HDOP: 0.8 | PDOP: 1.6
9297,524,0x020C,BASELINE NED,30,391246.400,RTK Fixed | N: 47.178 m | E: -198.648 m | D: 13.596 m | Baseline: 204.626 m
9297,528,0x0210,CORR AGE,14,391246.400,2.4 s
9297,65282,0xFF02,DGNSS STATUS,12,,RTK | Signals: 15 | Latency: 2.4 s | ""
9297,151,0x0097,SV AZ EL,116,,(27) [G10 310 18] [G12 228 37] [G13 148 34] [G14 54 10] [G15 194 56] [G17 62 33] [G19 96 40] [G22 52 30] [G23 272 23] [G24 312 72] [G25 234 3] [R1 292 54] [R2 334 13] [R8 196 42] [R9 62 9] [R11 288 59] [R12 254 8] [R20 92 16] [B10 54 29] [B14 244 47] [B24 276 58] [B26 58 64] [B33 284 42] [B35 108 24] [E4 296 55] [E19 168 53] [E21 54 65]
9297,117,0x0075,GLO BIASES,17,,L1C: 0.00 m | L1P: 0.00 m | L2C: 0.00 m | L2P: 0.00 m
9297,65535,0xFFFF,HEARTBEAT,12,,ANT OK | NAP OK | IO OK | SYS OK
9297,23,0x0017,THREAD STATE,34,,main | 0.0 % | 65532 B
9297,23,0x0017,THREAD STATE,34,,idle | 1.7 % | 124 B
9297,23,0x0017,THREAD STATE,34,,rpmsg | 0.2 % | 3572 B
9297,23,0x0017,THREAD STATE,34,,rpmsg_imu | 0.0 % | 3644 B
9297,23,0x0017,THREAD STATE,34,,SBP | 0.1 % | 65532 B
9297,23,0x0017,THREAD STATE,34,,NAP | 0.0 % | 32812 B
9297,23,0x0017,THREAD STATE,34,,manage PV | 0.0 % | 1004 B
9297,23,0x0017,THREAD STATE,34,,IMU | 0.0 % | 2044 B
9297,23,0x0017,THREAD STATE,34,,IMU aux | 0.0 % | 2164 B
9297,23,0x0017,THREAD STATE,34,,ndb | 0.0 % | 3176 B
9297,23,0x0017,THREAD STATE,34,,NAP Tracking | 26.2 % | 30476 B
9297,23,0x0017,THREAD STATE,34,,decode | 0.6 % | 1588 B
9297,23,0x0017,THREAD STATE,34,,manage acq | 28.4 % | 30452 B
9297,23,0x0017,THREAD STATE,34,,system monitor | 0.1 % | 1548 B
9297,23,0x0017,THREAD STATE,34,,Watchdog | 0.0 % | 1108 B
9297,23,0x0017,THREAD STATE,34,,starling | 33.2 % | 65532 B
9297,23,0x0017,THREAD STATE,34,,time matched obs | 8.7 % | 65532 B
9297,23,0x0017,THREAD STATE,34,,me_calc_pvt | 0.8 % | 18804 B
9297,23,0x0017,THREAD STATE,34,,PPS | 0.0 % | 1840 B
9297,23,0x0017,THREAD STATE,34,,spectrum analyzer | 0.0 % | 4044 B
9297,181,0x00B5,DEVICE MONITOR,18,,Vin: 5.91 V | Tcpu: 36.3 C | Trf: 33.9 C
9297,258,0x0102,GPS TIME,19,391246.500,Wk: 2293 | TOW ns: -72 | GNSS
9297,259,0x0103,UTC TIME,24,391246.500,2023-12-21 12:40:28.499 (GNSS) | UTC Offset: Decoded
9297,522,0x020A,POS LLA,42,391246.500,RTK Fixed | Lat: 45.5011055 deg | Lon: 9.1560316 deg | Alt: 173.184 m | Used SVs: 15
9297,526,0x020E,VEL NED,30,391246.500,Comp. Doppler | COG: 177.14 deg | SOG: 0.03 m/s | Horiz Vel: 0.02 m/s | Vert Vel: 0.02 m/s | EHVE: 0.11 m/s | EVVE: 0.11 m/s
9297,520,0x0208,DOPS,23,391246.500,HDOP: 0.8 | PDOP: 1.6
9297,524,0x020C,BASELINE NED,30,391246.500,RTK Fixed | N: 47.186 m | E: -198.652 m | D: 13.596 m | Baseline: 204.631 m
9297,528,0x0210,CORR AGE,14,391246.500,1.5 s
9297,65282,0xFF02,DGNSS STATUS,12,,RTK | Signals: 15 | Latency: 1.5 s | ""
9297,97,0x0061,MEAS STATE,245,,Total SVs: 23 | L1: 9 | L2: 6 | G1: 5 | G2: 4 | E1: 3 | E2: 3 | B1: 6 | B2: 2 | SBAS: 1
9297,258,0x0102,GPS TIME,19,391246.600,Wk: 2293 | TOW ns: -67 | GNSS
9297,259,0x0103,UTC TIME,24,391246.600,2023-12-21 12:40:28.599 (GNSS) | UTC Offset: Decoded
9297,522,0x020A,POS LLA,42,391246.600,RTK Fixed | Lat: 45.5011055 deg | Lon: 9.1560316 deg | Alt: 173.188 m | Used SVs: 15
9297,526,0x020E,VEL NED,30,391246.600,Comp. Doppler | COG: 3.81 deg | SOG: 0.04 m/s | Horiz Vel: 0.02 m/s | Vert Vel: 0.03 m/s | EHVE: 0.11 m/s | EVVE: 0.11 m/s
9297,520,0x0208,DOPS,23,391246.600,HDOP: 0.8 | PDOP: 1.6
9297,524,0x020C,BASELINE NED,30,391246.600,RTK Fixed | N: 47.188 m | E: -198.652 m | D: 13.592 m | Baseline: 204.632 m
9297,528,0x0210,CORR AGE,14,391246.600,1.6 s
9297,65282,0xFF02,DGNSS STATUS,12,,RTK | Signals: 15 | Latency: 1.6 s | ""
9297,258,0x0102,GPS TIME,19,391246.700,Wk: 2293 | TOW ns: -68 | GNSS
9297,259,0x0103,UTC TIME,24,391246.700,2023-12-21 12:40:28.699 (GNSS) | UTC Offset: Decoded
9297,522,0x020A,POS LLA,42,391246.700,RTK Fixed | Lat: 45.5011055 deg | Lon: 9.1560316 deg | Alt: 173.186 m | Used SVs: 15
9297,526,0x020E,VEL NED,30,391246.700,Comp. Doppler | COG: 188.13 deg | SOG: 0.03 m/s | Horiz Vel: 0.01 m/s | Vert Vel: -0.03 m/s | EHVE: 0.11 m/s | EVVE: 0.11 m/s
9297,520,0x0208,DOPS,23,391246.700,HDOP: 0.8 | PDOP: 1.6
9297,524,0x020C,BASELINE NED,30,391246.700,RTK Fixed | N: 47.187 m | E: -198.652 m | D: 13.594 m | Baseline: 204.631 m
9297,528,0x0210,CORR AGE,14,391246.700,1.7 s
9297,65282,0xFF02,DGNSS STATUS,12,,RTK | Signals: 15 | Latency: 1.7 s | ""
9297,258,0x0102,GPS TIME,19,391246.800,Wk: 2293 | TOW ns: -68 | GNSS
9297,259,0x0103,UTC TIME,24,391246.800,2023-12-21 12:40:28.799 (GNSS) | UTC Offset: Decoded
9297,522,0x020A,POS LLA,42,391246.800,RTK Fixed | Lat: 45.5011055 deg | Lon: 9.1560316 deg | Alt: 173.178 m | Used SVs: 15
9297,526,0x020E,VEL NED,30,391246.800,Comp. Doppler | COG: 90.00 deg | SOG: 0.09 m/s | Horiz Vel: 0.01 m/s | Vert Vel: -0.09 m/s | EHVE: 0.11 m/s | EVVE: 0.11 m/s
9297,520,0x0208,DOPS,23,391246.800,HDOP: 0.8 | PDOP: 1.6
9297,524,0x020C,BASELINE NED,30,391246.800,RTK Fixed | N: 47.187 m | E: -198.651 m | D: 13.602 m | Baseline: 204.631 m
9297,528,0x0210,CORR AGE,14,391246.800,1.8 s
9297,65282,0xFF02,DGNSS STATUS,12,,RTK | Signals: 15 | Latency: 1.8 s | ""
9297,258,0x0102,GPS TIME,19,391246.900,Wk: 2293 | TOW ns: -69 | GNSS
9297,259,0x0103,UTC TIME,24,391246.900,2023-12-21 12:40:28.899 (GNSS) | UTC Offset: Decoded
9297,522,0x020A,POS LLA,42,391246.900,RTK Fixed | Lat: 45.5011055 deg | Lon: 9.1560316 deg | Alt: 173.175 m | Used SVs: 15
9297,526,0x020E,VEL NED,30,391246.900,Comp. Doppler | COG: 60.26 deg | SOG: 0.03 m/s | Horiz Vel: 0.01 m/s | Vert Vel: -0.03 m/s | EHVE: 0.11 m/s | EVVE: 0.11 m/s
9297,520,0x0208,DOPS,23,391246.900,HDOP: 0.8 | PDOP: 1.6
9297,524,0x020C,BASELINE NED,30,391246.900,RTK Fixed | N: 47.187 m | E: -198.650 m | D: 13.604 m | Baseline: 204.630 m
9297,528,0x0210,CORR AGE,14,391246.900,1.9 s
9297,65282,0xFF02,DGNSS STATUS,12,,RTK | Signals: 15 | Latency: 1.9 s | ""
9297,74,0x004A,OBS,257,391247.000,Msg 1 of 3 (14) [G12-L1CA:PCDAr:44.5] [G10-L1CA:PCDAr:42.8] [G13-L1CA:PCDAr:39.3] [G15-L1CA:PCDAr:44.8] [G17-L1CA:PCDAr:47.0] [G19-L1CA:PCDAr:45.5] [G22-L1CA:PCDAr:48.8] [G24-L1CA:PCDAr:52.5] [G23-L1CA:PCDAr:42.0] [G24-L2CM:PCDAr:50.0] [G15-L2CM:PCDAr:41.5] [G17-L2CM:PCDAr:44.8] [G12-L2CM:PCDAr:42.3] [G23-L2CM:PCDAr:42.5]
9297,74,0x004A,OBS,257,391247.000,Msg 2 of 3 (14) [G10-L2CM:PCDAr:46.8] [R11-L1OF:PCDAr:57.0] [R2-L1OF:PCDAr:52.8] [R1-L1OF:PCDAr:51.0] [R8-L1OF:PCDAr:44.0] [R2-L2OF:PCDAr:42.0] [R11-L2OF:PCDAr:51.5] [R1-L2OF:PCDAr:44.3] [R8-L2OF:PCDAr:41.3] [B24-B1:PCDAr:53.8] [B10-B1:PCDAr:45.3] [B26-B1:PCDAr:52.8] [B33-B1:PCDAr:52.8] [B14-B1:PCDAr:47.0]
9297,74,0x004A,OBS,121,391247.000,Msg 3 of 3 (6) [B10-B2:PCDAr:44.8] [B14-B2:PCDAr:50.8] [E4-E1B:PCDAr:51.5] [E21-E1B:PCDAr:51.3] [E4-E7I:PCDAr:51.3] [E21-E7I:PCDAr:50.8]
9297,117,0x0075,GLO BIASES,17,,L1C: 0.00 m | L1P: 0.00 m | L2C: 0.00 m | L2P: 0.00 m
9297,258,0x0102,GPS TIME,19,391247.000,Wk: 2293 | TOW ns: -69 | GNSS
9297,259,0x0103,UTC TIME,24,391247.000,2023-12-21 12:40:28.999 (GNSS) | UTC Offset: Decoded
9297,522,0x020A,POS LLA,42,391247.000,RTK Fixed | Lat: 45.5011055 deg | Lon: 9.1560316 deg | Alt: 173.181 m | Used SVs: 15
9297,526,0x020E,VEL NED,30,391247.000,Comp. Doppler | COG: 333.43 deg | SOG: 0.05 m/s | Horiz Vel: 0.02 m/s | Vert Vel: 0.05 m/s | EHVE: 0.11 m/s | EVVE: 0.11 m/s
9297,520,0x0208,DOPS,23,391247.000,HDOP: 0.8 | PDOP: 1.6
9297,524,0x020C,BASELINE NED,30,391247.000,RTK Fixed | N: 47.189 m | E: -198.651 m | D: 13.599 m | Baseline: 204.631 m
9297,528,0x0210,CORR AGE,14,391247.000,2.0 s
9297,65282,0xFF02,DGNSS STATUS,12,,RTK | Signals: 15 | Latency: 2.0 s | ""
9297,97,0x0061,MEAS STATE,245,,Total SVs: 19 | L1: 9 | L2: 6 | G1: 0 | G2: 0 | E1: 3 | E2: 3 | B1: 6 | B2: 2 | SBAS: 1
9297,258,0x0102,GPS TIME,19,391247.100,Wk: 2293 | TOW ns: -70 | GNSS
9297,259,0x0103,UTC TIME,24,391247.100,2023-12-21 12:40:29.099 (GNSS) | UTC Offset: Decoded
9297,522,0x020A,POS LLA,42,391247.100,RTK Fixed | Lat: 45.5011055 deg | Lon: 9.1560316 deg | Alt: 173.183 m | Used SVs: 15
9297,526,0x020E,VEL NED,30,391247.100,Comp. Doppler | COG: 322.25 deg | SOG: 0.04 m/s | Horiz Vel: 0.04 m/s | Vert Vel: 0.01 m/s | EHVE: 0.11 m/s | EVVE: 0.11 m/s
9297,520,0x0208,DOPS,23,391247.100,HDOP: 0.8 | PDOP: 1.6
9297,524,0x020C,BASELINE NED,30,391247.100,RTK Fixed | N: 47.192 m | E: -198.653 m | D: 13.597 m | Baseline: 204.634 m
9297,528,0x0210,CORR AGE,14,391247.100,2.1 s
9297,65282,0xFF02,DGNSS STATUS,12,,RTK | Signals: 15 | Latency: 2.1 s | ""
0,74,0x004A,OBS,257,391246.000,Msg 3 of 3 (14) [B14-B1:PCDAr:49.0] [B10-B1:PCDAr:43.0] [B29-B1:PCDAr:46.5] [B10-B2:PCDAr:46.0] [B7-B2:PCDAr:41.5] [B14-B2:PCDAr:53.3] [E4-E1B:PCDAr:50.5] [E27-E1B:PCDAr:41.5] [E19-E1B:PCDAr:45.8] [E21-E1B:PCDAr:51.5] [E4-E7I:PCDAr:53.0] [E21-E7I:PCDAr:53.5] [E27-E7I:PCDAr:42.0] [E19-E7I:PCDAr:47.8]
0,72,0x0048,BASE POS ECEF,32,,X: 4421114.209 m | Y: 712784.166 m | Z: 4526655.471 m (Lat: 45.5006809 deg | Lon: 9.1585732 deg | Alt: 186.776 m)
0,74,0x004A,OBS,257,391247.000,Msg 1 of 3 (14) [G10-L1CA:PCDAr:42.3] [G23-L1CA:PCDAr:46.5] [G15-L1CA:PCDAr:53.3] [G13-L1CA:PCDAr:49.8] [G14-L1CA:PCDAr:43.5] [G19-L1CA:PCDAr:51.5] [G24-L1CA:PCDAr:54.3] [G22-L1CA:PCDAr:48.5] [G17-L1CA:PCDAr:49.0] [G12-L1CA:PCDAr:51.5] [G10-L2CM:PCDAr:44.3] [G23-L2CM:PCDAr:44.5] [G24-L2CM:PCDAr:52.5] [G15-L2CM:PCDAr:48.5]
0,74,0x004A,OBS,257,391247.000,Msg 2 of 3 (14) [G14-L2CM:PCDAr:40.5] [G17-L2CM:PCDAr:45.8] [G12-L2CM:PCDAr:46.0] [R1-L1OF:PCDAr:51.8] [R8-L1OF:PCDAr:49.0] [R11-L1OF:PCDAr:56.5] [R10-L1OF:PCDAr:50.3] [R11-L2OF:PCDAr:51.5] [R1-L2OF:PCDAr:44.5] [B7-B1:PCDAr:42.5] [B35-B1:PCDAr:46.0] [B24-B1:PCDAr:53.5] [B33-B1:PCDAr:51.5] [B26-B1:PCDAr:54.3]
9297,258,0x0102,GPS TIME,19,391247.200,Wk: 2293 | TOW ns: -70 | GNSS
9297,259,0x0103,UTC TIME,24,391247.200,2023-12-21 12:40:29.199 (GNSS) | UTC Offset: Decoded
9297,522,0x020A,POS LLA,42,391247.200,RTK Fixed | Lat: 45.5011055 deg | Lon: 9.1560316 deg | Alt: 173.181 m | Used SVs: 15
9297,526,0x020E,VEL NED,30,391247.200,Comp. Doppler | COG: 111.80 deg | SOG: 0.03 m/s | Horiz Vel: 0.02 m/s | Vert Vel: -0.02 m/s | EHVE: 0.11 m/s | EVVE: 0.11 m/s
9297,520,0x0208,DOPS,23,391247.200,HDOP: 0.8 | PDOP: 1.6
9297,524,0x020C,BASELINE NED,30,391247.200,RTK Fixed | N: 47.192 m | E: -198.652 m | D: 13.598 m | Baseline: 204.633 m
9297,528,0x0210,CORR AGE,14,391247.200,2.2 s
9297,65282,0xFF02,DGNSS STATUS,12,,RTK | Signals: 15 | Latency: 2.2 s | ""
9297,258,0x0102,GPS TIME,19,391247.300,Wk: 2293 | TOW ns: -71 | GNSS
9297,259,0x0103,UTC TIME,24,391247.300,2023-12-21 12:40:29.299 (GNSS) | UTC Offset: Decoded
9297,522,0x020A,POS LLA,42,391247.300,RTK Fixed | Lat: 45.5011055 deg | Lon: 9.1560316 deg | Alt: 173.179 m | Used SVs: 15
9297,526,0x020E,VEL NED,30,391247.300,Comp. Doppler | COG: 210.96 deg | SOG: 0.02 m/s | Horiz Vel: 0.01 m/s | Vert Vel: -0.02 m/s | EHVE: 0.11 m/s | EVVE: 0.11 m/s
9297,520,0x0208,DOPS,23,391247.300,HDOP: 0.8 | PDOP: 1.6
9297,524,0x020C,BASELINE NED,30,391247.300,RTK Fixed | N: 47.191 m | E: -198.653 m | D: 13.600 m | Baseline: 204.634 m
9297,528,0x0210,CORR AGE,14,391247.300,2.3 s
9297,65282,0xFF02,DGNSS STATUS,12,,RTK | Signals: 15 | Latency: 2.3 s | ""
9297,258,0x0102,GPS TIME,19,391247.400,Wk: 2293 | TOW ns: -71 | GNSS
9297,259,0x0103,UTC TIME,24,391247.400,2023-12-21 12:40:29.399 (GNSS) | UTC Offset: Decoded
9297,522,0x020A,POS LLA,42,391247.400,RTK Fixed | Lat: 45.5011055 deg | Lon: 9.1560316 deg | Alt: 173.179 m | Used SVs: 15
9297,526,0x020E,VEL NED,30,391247.400,Comp. Doppler | COG: 341.57 deg | SOG: 0.03 m/s | Horiz Vel: 0.01 m/s | Vert Vel: 0.03 m/s | EHVE: 0.11 m/s | EVVE: 0.11 m/s
9297,520,0x0208,DOPS,23,391247.400,HDOP: 0.8 | PDOP: 1.6
9297,524,0x020C,BASELINE NED,30,391247.400,RTK Fixed | N: 47.192 m | E: -198.653 m | D: 13.601 m | Baseline: 204.634 m
9297,528,0x0210,CORR AGE,14,391247.400,1.4 s
9297,65282,0xFF02,DGNSS STATUS,12,,RTK | Signals: 15 | Latency: 1.4 s | ""
9297,151,0x0097,SV AZ EL,116,,(27) [G10 310 18] [G12 228 37] [G13 148 34] [G14 54 10] [G15 194 56] [G17 62 33] [G19 96 40] [G22 52 30] [G23 272 23] [G24 312 72] [G25 234 3] [R1 292 54] [R2 334 13] [R8 196 42] [R9 62 9] [R11 288 59] [R12 254 8] [R20 92 16] [B10 54 29] [B14 244 47] [B24 276 58] [B26 58 64] [B33 284 42] [B35 108 24] [E4 296 55] [E19 168 53] [E21 54 65]
9297,117,0x0075,GLO BIASES,17,,L1C: 0.00 m | L1P: 0.00 m | L2C: 0.00 m | L2P: 0.00 m
9297,65535,0xFFFF,HEARTBEAT,12,,ANT OK | NAP OK | IO OK | SYS OK
9297,258,0x0102,GPS TIME,19,391247.500,Wk: 2293 | TOW ns: -72 | GNSS
9297,259,0x0103,UTC TIME,24,391247.500,2023-12-21 12:40:29.499 (GNSS) | UTC Offset: Decoded
9297,522,0x020A,POS LLA,42,391247.500,RTK Fixed | Lat: 45.5011055 deg | Lon: 9.1560316 deg | Alt: 173.174 m | Used SVs: 15
9297,526,0x020E,VEL NED,30,391247.500,Comp. Doppler | COG: 174.29 deg | SOG: 0.06 m/s | Horiz Vel: 0.04 m/s | Vert Vel: -0.04 m/s | EHVE: 0.11 m/s | EVVE: 0.11 m/s
9297,520,0x0208,DOPS,23,391247.500,HDOP: 0.8 | PDOP: 1.6
9297,524,0x020C,BASELINE NED,30,391247.500,RTK Fixed | N: 47.188 m | E: -198.652 m | D: 13.605 m | Baseline: 204.632 m
9297,528,0x0210,CORR AGE,14,391247.500,1.5 s
9297,65282,0xFF02,DGNSS STATUS,12,,RTK | Signals: 15 | Latency: 1.5 s | ""
9297,97,0x0061,MEAS STATE,245,,Total SVs: 23 | L1: 9 | L2: 6 | G1: 5 | G2: 4 | E1: 3 | E2: 3 | B1: 6 | B2: 2 | SBAS: 1
9297,258,0x0102,GPS TIME,19,391247.600,Wk: 2293 | TOW ns: -73 | GNSS
9297,259,0x0103,UTC TIME,24,391247.600,2023-12-21 12:40:29.599 (GNSS) | UTC Offset: Decoded
9297,522,0x020A,POS LLA,42,391247.600,RTK Fixed | Lat: 45.5011055 deg | Lon: 9.1560316 deg | Alt: 173.177 m | Used SVs: 15
9297,526,0x020E,VEL NED,30,391247.600,Comp. Doppler | COG: 300.96 deg | SOG: 0.03 m/s | Horiz Vel: 0.01 m/s | Vert Vel: 0.03 m/s | EHVE: 0.11 m/s | EVVE: 0.11 m/s
9297,520,0x0208,DOPS,23,391247.600,HDOP: 0.8 | PDOP: 1.6
9297,524,0x020C,BASELINE NED,30,391247.600,RTK Fixed | N: 47.189 m | E: -198.653 m | D: 13.602 m | Baseline: 204.633 m
9297,528,0x0210,CORR AGE,14,391247.600,1.6 s
9297,65282,0xFF02,DGNSS STATUS,12,,RTK | Signals: 15 | Latency: 1.6 s | ""
9297,258,0x0102,GPS TIME,19,391247.700,Wk: 2293 | TOW ns: -68 | GNSS
9297,259,0x0103,UTC TIME,24,391247.700,2023-12-21 12:40:29.699 (GNSS) | UTC Offset: Decoded
9297,522,0x020A,POS LLA,42,391247.700,RTK Fixed | Lat: 45.5011055 deg | Lon: 9.1560316 deg | Alt: 173.178 m | Used SVs: 15
9297,526,0x020E,VEL NED,30,391247.700,Comp. Doppler | COG: 189.93 deg | SOG: 0.04 m/s | Horiz Vel: 0.04 m/s | Vert Vel: 0.00 m/s | EHVE: 0.11 m/s | EVVE: 0.11 m/s
9297,520,0x0208,DOPS,23,391247.700,HDOP: 0.8 | PDOP: 1.6
9297,524,0x020C,BASELINE NED,30,391247.700,RTK Fixed | N: 47.186 m | E: -198.654 m | D: 13.601 m | Baseline: 204.634 m
9297,528,0x0210,CORR AGE,14,391247.700,1.7 s
9297,65282,0xFF02,DGNSS STATUS,12,,RTK | Signals: 15 | Latency: 1.7 s | ""
9297,258,0x0102,GPS TIME,19,391247.800,Wk: 2293 | TOW ns: -69 | GNSS
9297,259,0x0103,UTC TIME,24,391247.800,2023-12-21 12:40:29.799 (GNSS) | UTC Offset: Decoded
9297,522,0x020A,POS LLA,42,391247.800,RTK Fixed | Lat: 45.5011054 deg | Lon: 9.1560316 deg | Alt: 173.174 m | Used SVs: 15
9297,526,0x020E,VEL NED,30,391247.800,Comp. Doppler | COG: 202.38 deg | SOG: 0.05 m/s | Horiz Vel: 0.02 m/s | Vert Vel: -0.05 m/s | EHVE: 0.10 m/s | EVVE: 0.10 m/s
9297,520,0x0208,DOPS,23,391247.800,HDOP: 0.8 | PDOP: 1.6
9297,524,0x020C,BASELINE NED,30,391247.800,RTK Fixed | N: 47.183 m | E: -198.654 m | D: 13.605 m | Baseline: 204.633 m
9297,528,0x0210,CORR AGE,14,391247.800,1.8 s
9297,65282,0xFF02,DGNSS STATUS,12,,RTK | Signals: 15 | Latency: 1.8 s | ""
9297,258,0x0102,GPS TIME,19,391247.900,Wk: 2293 | TOW ns: -69 | GNSS
9297,259,0x0103,UTC TIME,24,391247.900,2023-12-21 12:40:29.899 (GNSS) | UTC Offset: Decoded
9297,522,0x020A,POS LLA,42,391247.900,RTK Fixed | Lat: 45.5011054 deg | Lon: 9.1560316 deg | Alt: 173.177 m | Used SVs: 15
9297,526,0x020E,VEL NED,30,391247.900,Comp. Doppler | COG: 130.60 deg | SOG: 0.03 m/s | Horiz Vel: 0.02 m/s | Vert Vel: 0.02 m/s | EHVE: 0.10 m/s | EVVE: 0.10 m/s
9297,520,0x0208,DOPS,23,391247.900,HDOP: 0.8 | PDOP: 1.6
9297,524,0x020C,BASELINE NED,30,391247.900,RTK Fixed | N: 47.183 m | E: -198.653 m | D: 13.603 m | Baseline: 204.632 m
9297,528,0x0210,CORR AGE,14,391247.900,1.9 s
9297,65282,0xFF02,DGNSS STATUS,12,,RTK | Signals: 15 | Latency: 1.9 s | ""
9297,74,0x004A,OBS,257,391248.000,Msg 1 of 3 (14) [G12-L1CA:PCDAr:44.0] [G10-L1CA:PCDAr:42.8] [G13-L1CA:PCDAr:41.8] [G15-L1CA:PCDAr:46.3] [G17-L1CA:PCDAr:47.3] [G19-L1CA:PCDAr:45.8] [G22-L1CA:PCDAr:48.8] [G24-L1CA:PCDAr:52.5] [G23-L1CA:PCDAr:42.3] [G24-L2CM:PCDAr:50.0] [G15-L2CM:PCDAr:42.0] [G17-L2CM:PCDAr:44.5] [G12-L2CM:PCDAr:40.8] [G23-L2CM:PCDAr:42.8]
9297,74,0x004A,OBS,257,391248.000,Msg 2 of 3 (14) [G10-L2CM:PCDAr:46.8] [R11-L1OF:PCDAr:56.8] [R2-L1OF:PCDAr:52.8] [R1-L1OF:PCDAr:51.0] [R8-L1OF:PCDAr:40.5] [R20-L1OF:PCDar:32.5] [R2-L2OF:PCDAr:41.8] [R11-L2OF:PCDAr:51.0] [R1-L2OF:PCDAr:44.3] [R8-L2OF:PCDAr:39.0] [B24-B1:PCDAr:53.5] [B10-B1:PCDAr:45.5] [B26-B1:PCDAr:53.0] [B33-B1:PCDAr:52.8]
9297,74,0x004A,OBS,189,391248.000,Msg 3 of 3 (10) [B35-B1:PCDar:39.5] [B14-B1:PCDAr:48.0] [B10-B2:PCDAr:44.5] [B14-B2:PCDAr:51.0] [E4-E1B:PCDAr:51.5] [E19-E1B:PCDAr:41.3] [E21-E1B:PCDAr:51.5] [E4-E7I:PCDAr:51.3] [E19-E7I:PCDAr:39.5] [E21-E7I:PCDAr:50.5]
9297,117,0x0075,GLO BIASES,17,,L1C: 0.00 m | L1P: 0.00 m | L2C: 0.00 m | L2P: 0.00 m
9297,258,0x0102,GPS TIME,19,391248.000,Wk: 2293 | TOW ns: -70 | GNSS
9297,259,0x0103,UTC TIME,24,391248.000,2023-12-21 12:40:29.999 (GNSS) | UTC Offset: Decoded
9297,522,0x020A,POS LLA,42,391248.000,RTK Fixed | Lat: 45.5011055 deg | Lon: 9.1560316 deg | Alt: 173.179 m | Used SVs: 15
9297,526,0x020E,VEL NED,30,391248.000,Comp. Doppler | COG: 53.13 deg | SOG: 0.04 m/s | Horiz Vel: 0.03 m/s | Vert Vel: 0.03 m/s | EHVE: 0.10 m/s | EVVE: 0.10 m/s
9297,520,0x0208,DOPS,23,391248.000,HDOP: 0.8 | PDOP: 1.6
9297,524,0x020C,BASELINE NED,30,391248.000,RTK Fixed | N: 47.185 m | E: -198.652 m | D: 13.600 m | Baseline: 204.631 m
9297,528,0x0210,CORR AGE,14,391248.000,2.0 s
9297,65282,0xFF02,DGNSS STATUS,12,,RTK | Signals: 15 | Latency: 2.0 s | ""
9297,97,0x0061,MEAS STATE,245,,Total SVs: 19 | L1: 9 | L2: 6 | G1: 0 | G2: 0 | E1: 3 | E2: 3 | B1: 6 | B2: 2 | SBAS: 1
9297,258,0x0102,GPS TIME,19,391248.100,Wk: 2293 | TOW ns: -70 | GNSS
9297,259,0x0103,UTC TIME,24,391248.100,2023-12-21 12:40:30.099 (GNSS) | UTC Offset: Decoded
9297,522,0x020A,POS LLA,42,391248.100,RTK Fixed | Lat: 45.5011055 deg | Lon: 9.1560316 deg | Alt: 173.180 m | Used SVs: 15
9297,526,0x020E,VEL NED,30,391248.100,Comp. Doppler | COG: 58.39 deg | SOG: 0.02 m/s | Horiz Vel: 0.02 m/s | Vert Vel: 0.01 m/s | EHVE: 0.10 m/s | EVVE: 0.10 m/s
9297,520,0x0208,DOPS,23,391248.100,HDOP: 0.8 | PDOP: 1.6
9297,524,0x020C,BASELINE NED,30,391248.100,RTK Fixed | N: 47.186 m | E: -198.651 m | D: 13.600 m | Baseline: 204.631 m
9297,528,0x0210,CORR AGE,14,391248.100,2.1 s
9297,65282,0xFF02,DGNSS STATUS,12,,RTK | Signals: 15 | Latency: 2.1 s | ""
9297,258,0x0102,GPS TIME,19,391248.200,Wk: 2293 | TOW ns: -71 | GNSS
9297,259,0x0103,UTC TIME,24,391248.200,2023-12-21 12:40:30.199 (GNSS) | UTC Offset: Decoded
9297,522,0x020A,POS LLA,42,391248.200,RTK Fixed | Lat: 45.5011055 deg | Lon: 9.1560316 deg | Alt: 173.184 m | Used SVs: 15
9297,526,0x020E,VEL NED,30,391248.200,Comp. Doppler | COG: 344.05 deg | SOG: 0.05 m/s | Horiz Vel: 0.03 m/s | Vert Vel: 0.04 m/s | EHVE: 0.10 m/s | EVVE: 0.10 m/s
9297,520,0x0208,DOPS,23,391248.200,HDOP: 0.8 | PDOP: 1.6
9297,524,0x020C,BASELINE NED,30,391248.200,RTK Fixed | N: 47.189 m | E: -198.652 m | D: 13.595 m | Baseline: 204.632 m
9297,528,0x0210,CORR AGE,14,391248.200,2.2 s
9297,65282,0xFF02,DGNSS STATUS,12,,RTK | Signals: 15 | Latency: 2.2 s | ""
9297,258,0x0102,GPS TIME,19,391248.300,Wk: 2293 | TOW ns: -71 | GNSS
9297,259,0x0103,UTC TIME,24,391248.300,2023-12-21 12:40:30.299 (GNSS) | UTC Offset: Decoded
9297,522,0x020A,POS LLA,42,391248.300,RTK Fixed | Lat: 45.5011055 deg | Lon: 9.1560316 deg | Alt: 173.184 m | Used SVs: 15
9297,526,0x020E,VEL NED,30,391248.300,Comp. Doppler | COG: 243.43 deg | SOG: 0.01 m/s | Horiz Vel: 0.00 m/s | Vert Vel: -0.01 m/s | EHVE: 0.10 m/s | EVVE: 0.10 m/s
9297,520,0x0208,DOPS,23,391248.300,HDOP: 0.8 | PDOP: 1.6
9297,524,0x020C,BASELINE NED,30,391248.300,RTK Fixed | N: 47.189 m | E: -198.652 m | D: 13.595 m | Baseline: 204.632 m
9297,528,0x0210,CORR AGE,14,391248.300,2.3 s
9297,65282,0xFF02,DGNSS STATUS,12,,RTK | Signals: 15 | Latency: 2.3 s | ""
9297,258,0x0102,GPS TIME,19,391248.400,Wk: 2293 | TOW ns: -72 | GNSS
9297,259,0x0103,UTC TIME,24,391248.400,2023-12-21 12:40:30.399 (GNSS) | UTC Offset: Decoded
9297,522,0x020A,POS LLA,42,391248.400,RTK Fixed | Lat: 45.5011055 deg | Lon: 9.1560316 deg | Alt: 173.184 m | Used SVs: 15
9297,526,0x020E,VEL NED,30,391248.400,Comp. Doppler | COG: 90.00 deg | SOG: 0.00 m/s | Horiz Vel: 0.00 m/s | Vert Vel: 0.00 m/s | EHVE: 0.10 m/s | EVVE: 0.10 m/s
9297,520,0x0208,DOPS,23,391248.400,HDOP: 0.8 | PDOP: 1.6
9297,524,0x020C,BASELINE NED,30,391248.400,RTK Fixed | N: 47.189 m | E: -198.652 m | D: 13.595 m | Baseline: 204.632 m
9297,528,0x0210,CORR AGE,14,391248.400,2.4 s
9297,65282,0xFF02,DGNSS STATUS,12,,RTK | Signals: 15 | Latency: 2.4 s | ""
9297,151,0x0097,SV AZ EL,116,,(27) [G10 310 18] [G12 228 37] [G13 148 34] [G14 54 10] [G15 194 56] [G17 62 33] [G19 96 40] [G22 52 30] [G23 272 23] [G24 312 72] [G25 234 3] [R1 292 54] [R2 334 13] [R8 196 42] [R9 62 9] [R11 288 59] [R12 254 8] [R20 92 16] [B10 54 29] [B14 244 47] [B24 276 58] [B26 58 64] [B33 284 42] [B35 108 24] [E4 296 55] [E19 168 53] [E21 54 65]
9297,117,0x0075,GLO BIASES,17,,L1C: 0.00 m | L1P: 0.00 m | L2C: 0.00 m | L2P: 0.00 m
9297,65535,0xFFFF,HEARTBEAT,12,,ANT OK | NAP OK | IO OK | SYS OK
9297,23,0x0017,THREAD STATE,34,,main | 0.0 % | 65532 B
9297,23,0x0017,THREAD STATE,34,,idle | 1.2 % | 124 B
9297,23,0x0017,THREAD STATE,34,,rpmsg | 0.2 % | 3548 B
9297,23,0x0017,THREAD STATE,34,,rpmsg_imu | 0.0 % | 3644 B
9297,23,0x0017,THREAD STATE,34,,SBP | 0.0 % | 65532 B
9297,23,0x0017,THREAD STATE,34,,NAP | 0.0 % | 32812 B
9297,23,0x0017,THREAD STATE,34,,manage PV | 0.0 % | 1004 B
9297,23,0x0017,THREAD STATE,34,,IMU | 0.0 % | 2044 B
9297,23,0x0017,THREAD STATE,34,,IMU aux | 0.0 % | 2164 B
9297,23,0x0017,THREAD STATE,34,,ndb | 0.0 % | 3176 B
9297,23,0x0017,THREAD STATE,34,,NAP Tracking | 26.0 % | 30476 B
9297,23,0x0017,THREAD STATE,34,,decode | 0.6 % | 1588 B
9297,23,0x0017,THREAD STATE,34,,manage acq | 35.1 % | 30452 B
9297,23,0x0017,THREAD STATE,34,,system monitor | 0.1 % | 1548 B
9297,23,0x0017,THREAD STATE,34,,Watchdog | 0.0 % | 1108 B
9297,23,0x0017,THREAD STATE,34,,starling | 31.6 % | 65532 B
9297,23,0x0017,THREAD STATE,34,,time matched obs | 4.5 % | 65532 B
9297,23,0x0017,THREAD STATE,34,,me_calc_pvt | 0.7 % | 18804 B
9297,23,0x0017,THREAD STATE,34,,PPS | 0.0 % | 1840 B
9297,23,0x0017,THREAD STATE,34,,spectrum analyzer | 0.0 % | 4044 B
9297,258,0x0102,GPS TIME,19,391248.500,Wk: 2293 | TOW ns: -73 | GNSS
9297,259,0x0103,UTC TIME,24,391248.500,2023-12-21 12:40:30.499 (GNSS) | UTC Offset: Decoded
9297,522,0x020A,POS LLA,42,391248.500,RTK Fixed | Lat: 45.5011055 deg | Lon: 9.1560316 deg | Alt: 173.188 m | Used SVs: 15
9297,526,0x020E,VEL NED,30,391248.500,Comp. Doppler | COG: 0.00 deg | SOG: 0.04 m/s | Horiz Vel: 0.01 m/s | Vert Vel: 0.04 m/s | EHVE: 0.10 m/s | EVVE: 0.10 m/s
9297,520,0x0208,DOPS,23,391248.500,HDOP: 0.8 | PDOP: 1.6
9297,524,0x020C,BASELINE NED,30,391248.500,RTK Fixed | N: 47.191 m | E: -198.652 m | D: 13.591 m | Baseline: 204.632 m
9297,528,0x0210,CORR AGE,14,391248.500,2.5 s
9297,65282,0xFF02,DGNSS STATUS,12,,RTK | Signals: 15 | Latency: 2.5 s | ""
0,74,0x004A,OBS,257,391247.000,Msg 3 of 3 (14) [B14-B1:PCDAr:48.8] [B10-B1:PCDAr:42.8] [B29-B1:PCDAr:46.3] [B10-B2:PCDAr:46.0] [B7-B2:PCDAr:41.5] [B14-B2:PCDAr:53.3] [E4-E1B:PCDAr:50.5] [E27-E1B:PCDAr:42.0] [E19-E1B:PCDAr:45.8] [E21-E1B:PCDAr:51.5] [E4-E7I:PCDAr:53.0] [E21-E7I:PCDAr:53.5] [E27-E7I:PCDAr:42.0] [E19-E7I:PCDAr:47.5]
0,72,0x0048,BASE POS ECEF,32,,X: 4421114.209 m | Y: 712784.166 m | Z: 4526655.471 m (Lat: 45.5006809 deg | Lon: 9.1585732 deg | Alt: 186.776 m)
0,74,0x004A,OBS,257,391248.000,Msg 1 of 3 (14) [G10-L1CA:PCDAr:42.5] [G23-L1CA:PCDAr:46.5] [G15-L1CA:PCDAr:53.3] [G13-L1CA:PCDAr:49.8] [G14-L1CA:PCDAr:43.5] [G19-L1CA:PCDAr:51.5] [G24-L1CA:PCDAr:54.3] [G22-L1CA:PCDAr:48.8] [G17-L1CA:PCDAr:48.8] [G12-L1CA:PCDAr:51.5] [G10-L2CM:PCDAr:44.5] [G23-L2CM:PCDAr:44.5] [G24-L2CM:PCDAr:52.3] [G15-L2CM:PCDAr:48.3]
0,74,0x004A,OBS,257,391248.000,Msg 2 of 3 (14) [G14-L2CM:PCDAr:40.3] [G17-L2CM:PCDAr:45.8] [G12-L2CM:PCDAr:46.0] [R1-L1OF:PCDAr:51.8] [R8-L1OF:PCDAr:48.8] [R11-L1OF:PCDAr:56.5] [R10-L1OF:PCDAr:50.3] [R11-L2OF:PCDAr:51.5] [R1-L2OF:PCDAr:44.5] [B7-B1:PCDAr:42.8] [B35-B1:PCDAr:45.8] [B24-B1:PCDAr:53.5] [B33-B1:PCDAr:51.5] [B26-B1:PCDAr:54.3]
9297,97,0x0061,MEAS STATE,245,,Total SVs: 23 | L1: 9 | L2: 6 | G1: 5 | G2: 4 | E1: 3 | E2: 3 | B1: 6 | B2: 2 | SBAS: 1
9297,258,0x0102,GPS TIME,19,391248.600,Wk: 2293 | TOW ns: -73 | GNSS
9297,259,0x0103,UTC TIME,24,391248.600,2023-12-21 12:40:30.599 (GNSS) | UTC Offset: Decoded
9297,522,0x020A,POS LLA,42,391248.600,RTK Fixed | Lat: 45.5011055 deg | Lon: 9.1560316 deg | Alt: 173.188 m | Used SVs: 15
9297,526,0x020E,VEL NED,30,391248.600,Comp. Doppler | COG: 114.44 deg | SOG: 0.01 m/s | Horiz Vel: 0.01 m/s | Vert Vel: -0.00 m/s | EHVE: 0.10 m/s | EVVE: 0.10 m/s
9297,520,0x0208,DOPS,23,391248.600,HDOP: 0.8 | PDOP: 1.6
9297,524,0x020C,BASELINE NED,30,391248.600,RTK Fixed | N: 47.190 m | E: -198.651 m | D: 13.592 m | Baseline: 204.631 m
9297,528,0x0210,CORR AGE,14,391248.600,2.6 s
9297,65282,0xFF02,DGNSS STATUS,12,,RTK | Signals: 15 | Latency: 2.6 s | ""
9297,258,0x0102,GPS TIME,19,391248.700,Wk: 2293 | TOW ns: -74 | GNSS
9297,259,0x0103,UTC TIME,24,391248.700,2023-12-21 12:40:30.699 (GNSS) | UTC Offset: Decoded
9297,522,0x020A,POS LLA,42,391248.700,RTK Fixed | Lat: 45.5011055 deg | Lon: 9.1560316 deg | Alt: 173.186 m | Used SVs: 15
9297,526,0x020E,VEL NED,30,391248.700,Comp. Doppler | COG: 232.43 deg | SOG: 0.03 m/s | Horiz Vel: 0.02 m/s | Vert Vel: -0.02 m/s | EHVE: 0.10 m/s | EVVE: 0.10 m/s
9297,520,0x0208,DOPS,23,391248.700,HDOP: 0.8 | PDOP: 1.6
9297,524,0x020C,BASELINE NED,30,391248.700,RTK Fixed | N: 47.190 m | E: -198.652 m | D: 13.593 m | Baseline: 204.632 m
9297,528,0x0210,CORR AGE,14,391248.700,2.7 s
9297,65282,0xFF02,DGNSS STATUS,12,,RTK | Signals: 15 | Latency: 2.7 s | ""
9297,258,0x0102,GPS TIME,19,391248.800,Wk: 2293 | TOW ns: -69 | GNSS
9297,259,0x0103,UTC TIME,24,391248.800,2023-12-21 12:40:30.799 (GNSS) | UTC Offset: Decoded
9297,522,0x020A,POS LLA,42,391248.800,RTK Fixed | Lat: 45.5011055 deg | Lon: 9.1560316 deg | Alt: 173.183 m | Used SVs: 15
9297,526,0x020E,VEL NED,30,391248.800,Comp. Doppler | COG: 141.34 deg | SOG: 0.02 m/s | Horiz Vel: 0.02 m/s | Vert Vel: 0.00 m/s | EHVE: 0.10 m/s | EVVE: 0.10 m/s
9297,520,0x0208,DOPS,23,391248.800,HDOP: 0.8 | PDOP: 1.6
9297,524,0x020C,BASELINE NED,30,391248.800,RTK Fixed | N: 47.188 m | E: -198.649 m | D: 13.596 m | Baseline: 204.629 m
9297,528,0x0210,CORR AGE,14,391248.800,1.8 s
9297,65282,0xFF02,DGNSS STATUS,12,,RTK | Signals: 15 | Latency: 1.8 s | ""
9297,258,0x0102,GPS TIME,19,391248.900,Wk: 2293 | TOW ns: -70 | GNSS
9297,259,0x0103,UTC TIME,24,391248.900,2023-12-21 12:40:30.899 (GNSS) | UTC Offset: Decoded
9297,522,0x020A,POS LLA,42,391248.900,RTK Fixed | Lat: 45.5011055 deg | Lon: 9.1560316 deg | Alt: 173.186 m | Used SVs: 15
9297,526,0x020E,VEL NED,30,391248.900,Comp. Doppler | COG: 18.43 deg | SOG: 0.02 m/s | Horiz Vel: 0.00 m/s | Vert Vel: 0.02 m/s | EHVE: 0.10 m/s | EVVE: 0.10 m/s
9297,520,0x0208,DOPS,23,391248.900,HDOP: 0.8 | PDOP: 1.6
9297,524,0x020C,BASELINE NED,30,391248.900,RTK Fixed | N: 47.188 m | E: -198.649 m | D: 13.594 m | Baseline: 204.629 m
9297,528,0x0210,CORR AGE,14,391248.900,1.9 s
9297,65282,0xFF02,DGNSS STATUS,12,,RTK | Signals: 15 | Latency: 1.9 s | ""
9297,74,0x004A,OBS,257,391249.000,Msg 1 of 3 (14) [G12-L1CA:PCDAr:41.8] [G10-L1CA:PCDAr:42.5] [G13-L1CA:PCDAr:41.5] [G15-L1CA:PCDAr:47.8] [G17-L1CA:PCDAr:47.3] [G19-L1CA:PCDAr:46.0] [G22-L1CA:PCDAr:48.5] [G24-L1CA:PCDAr:52.5] [G23-L1CA:PCDAr:42.3] [G24-L2CM:PCDAr:50.0] [G15-L2CM:PCDAr:43.5] [G17-L2CM:PCDAr:44.8] [G12-L2CM:PCDAr:39.3] [G23-L2CM:PCDAr:42.8]
9297,74,0x004A,OBS,257,391249.000,Msg 2 of 3 (14) [G10-L2CM:PCDAr:46.8] [R11-L1OF:PCDAr:56.5] [R2-L1OF:PCDAr:52.5] [R1-L1OF:PCDAr:51.0] [R8-L1OF:PCDAr:44.0] [R2-L2OF:PCDAr:42.0] [R11-L2OF:PCDAr:51.3] [R1-L2OF:PCDAr:44.0] [R8-L2OF:PCDAr:42.3] [B24-B1:PCDAr:53.8] [B10-B1:PCDAr:45.5] [B26-B1:PCDAr:52.8] [B33-B1:PCDAr:52.5] [B35-B1:PCDar:39.0]
9297,74,0x004A,OBS,172,391249.000,Msg 3 of 3 (9) [B14-B1:PCDAr:47.0] [B10-B2:PCDAr:44.5] [B14-B2:PCDAr:50.3] [E4-E1B:PCDAr:51.5] [E19-E1B:PCDAr:41.5] [E21-E1B:PCDAr:51.0] [E4-E7I:PCDAr:51.3] [E19-E7I:PCDAr:40.0] [E21-E7I:PCDAr:50.8]
9297,117,0x0075,GLO BIASES,17,,L1C: 0.00 m | L1P: 0.00 m | L2C: 0.00 m | L2P: 0.00 m
9297,258,0x0102,GPS TIME,19,391249.000,Wk: 2293 | TOW ns: -70 | GNSS
9297,259,0x0103,UTC TIME,24,391249.000,2023-12-21 12:40:30.999 (GNSS) | UTC Offset: Decoded
9297,522,0x020A,POS LLA,42,391249.000,RTK Fixed | Lat: 45.5011055 deg | Lon: 9.1560316 deg | Alt: 173.184 m | Used SVs: 15
9297,526,0x020E,VEL NED,30,391249.000,Comp. Doppler | COG: 296.57 deg | SOG: 0.02 m/s | Horiz Vel: 0.01 m/s | Vert Vel: -0.02 m/s | EHVE: 0.10 m/s | EVVE: 0.10 m/s
9297,520,0x0208,DOPS,23,391249.000,HDOP: 0.8 | PDOP: 1.6
9297,524,0x020C,BASELINE NED,30,391249.000,RTK Fixed | N: 47.189 m | E: -198.649 m | D: 13.596 m | Baseline: 204.629 m
9297,528,0x0210,CORR AGE,14,391249.000,2.0 s
9297,65282,0xFF02,DGNSS STATUS,12,,RTK | Signals: 15 | Latency: 2.0 s | ""
9297,97,0x0061,MEAS STATE,245,,Total SVs: 19 | L1: 9 | L2: 6 | G1: 0 | G2: 0 | E1: 3 | E2: 3 | B1: 6 | B2: 2 | SBAS: 1
9297,258,0x0102,GPS TIME,19,391249.100,Wk: 2293 | TOW ns: -71 | GNSS
9297,259,0x0103,UTC TIME,24,391249.100,2023-12-21 12:40:31.099 (GNSS) | UTC Offset: Decoded
9297,522,0x020A,POS LLA,42,391249.100,RTK Fixed | Lat: 45.5011054 deg | Lon: 9.1560316 deg | Alt: 173.180 m | Used SVs: 15
9297,526,0x020E,VEL NED,30,391249.100,Comp. Doppler | COG: 185.08 deg | SOG: 0.06 m/s | Horiz Vel: 0.05 m/s | Vert Vel: -0.04 m/s | EHVE: 0.10 m/s | EVVE: 0.10 m/s
9297,520,0x0208,DOPS,23,391249.100,HDOP: 0.8 | PDOP: 1.6
9297,524,0x020C,BASELINE NED,30,391249.100,RTK Fixed | N: 47.184 m | E: -198.650 m | D: 13.599 m | Baseline: 204.629 m
9297,528,0x0210,CORR AGE,14,391249.100,2.1 s
9297,65282,0xFF02,DGNSS STATUS,12,,RTK | Signals: 15 | Latency: 2.1 s | ""
0,74,0x004A,OBS,257,391248.000,Msg 3 of 3 (14) [B14-B1:PCDAr:48.8] [B10-B1:PCDAr:42.8] [B29-B1:PCDAr:46.3] [B10-B2:PCDAr:46.0] [B7-B2:PCDAr:41.5] [B14-B2:PCDAr:53.3] [E4-E1B:PCDAr:50.5] [E27-E1B:PCDAr:42.0] [E19-E1B:PCDAr:45.8] [E21-E1B:PCDAr:51.8] [E4-E7I:PCDAr:53.3] [E21-E7I:PCDAr:53.8] [E27-E7I:PCDAr:42.3] [E19-E7I:PCDAr:47.8]
0,72,0x0048,BASE POS ECEF,32,,X: 4421114.209 m | Y: 712784.166 m | Z: 4526655.471 m (Lat: 45.5006809 deg | Lon: 9.1585732 deg | Alt: 186.776 m)
0,74,0x004A,OBS,257,391249.000,Msg 1 of 3 (14) [G10-L1CA:PCDAr:42.8] [G23-L1CA:PCDAr:46.5] [G15-L1CA:PCDAr:53.3] [G13-L1CA:PCDAr:49.8] [G14-L1CA:PCDAr:44.0] [G19-L1CA:PCDAr:51.5] [G24-L1CA:PCDAr:54.5] [G22-L1CA:PCDAr:48.8] [G17-L1CA:PCDAr:49.0] [G12-L1CA:PCDAr:51.8] [G10-L2CM:PCDAr:44.5] [G23-L2CM:PCDAr:44.5] [G24-L2CM:PCDAr:52.5] [G15-L2CM:PCDAr:48.3]
9297,258,0x0102,GPS TIME,19,391249.200,Wk: 2293 | TOW ns: -71 | GNSS
9297,259,0x0103,UTC TIME,24,391249.200,2023-12-21 12:40:31.199 (GNSS) | UTC Offset: Decoded
9297,522,0x020A,POS LLA,42,391249.200,RTK Fixed | Lat: 45.5011054 deg | Lon: 9.1560316 deg | Alt: 173.178 m | Used SVs: 15
9297,526,0x020E,VEL NED,30,391249.200,Comp. Doppler | COG: 317.49 deg | SOG: 0.04 m/s | Horiz Vel: 0.02 m/s | Vert Vel: -0.03 m/s | EHVE: 0.10 m/s | EVVE: 0.10 m/s
9297,520,0x0208,DOPS,23,391249.200,HDOP: 0.8 | PDOP: 1.6
9297,524,0x020C,BASELINE NED,30,391249.200,RTK Fixed | N: 47.185 m | E: -198.651 m | D: 13.601 m | Baseline: 204.630 m
9297,528,0x0210,CORR AGE,14,391249.200,2.2 s
9297,65282,0xFF02,DGNSS STATUS,12,,RTK | Signals: 15 | Latency: 2.2 s | ""
0,74,0x004A,OBS,257,391249.000,Msg 2 of 3 (14) [G14-L2CM:PCDAr:40.8] [G17-L2CM:PCDAr:45.8] [G12-L2CM:PCDAr:46.0] [R1-L1OF:PCDAr:51.8] [R8-L1OF:PCDAr:48.8] [R11-L1OF:PCDAr:56.5] [R10-L1OF:PCDAr:50.3] [R11-L2OF:PCDAr:51.8] [R1-L2OF:PCDAr:44.8] [B7-B1:PCDAr:42.5] [B35-B1:PCDAr:46.3] [B24-B1:PCDAr:53.8] [B33-B1:PCDAr:51.8] [B26-B1:PCDAr:54.3]
9297,138,0x008A,EPH GPS,147,,19 | 2293 396000 | 2.0 14400 | 1 0
9297,138,0x008A,EPH GPS,147,,12 | 2293 396000 | 2.0 14400 | 1 0
9297,138,0x008A,EPH GPS,147,,10 | 2293 395984 | 2.0 14400 | 1 0
9297,138,0x008A,EPH GPS,147,,17 | 2293 396000 | 2.0 14400 | 1 0
9297,258,0x0102,GPS TIME,19,391249.300,Wk: 2293 | TOW ns: -72 | GNSS
9297,259,0x0103,UTC TIME,24,391249.300,2023-12-21 12:40:31.299 (GNSS) | UTC Offset: Decoded
9297,522,0x020A,POS LLA,42,391249.300,RTK Fixed | Lat: 45.5011054 deg | Lon: 9.1560316 deg | Alt: 173.179 m | Used SVs: 15
9297,526,0x020E,VEL NED,30,391249.300,Comp. Doppler | COG: 225.00 deg | SOG: 0.01 m/s | Horiz Vel: 0.01 m/s | Vert Vel: -0.00 m/s | EHVE: 0.10 m/s | EVVE: 0.10 m/s
9297,520,0x0208,DOPS,23,391249.300,HDOP: 0.8 | PDOP: 1.6
9297,524,0x020C,BASELINE NED,30,391249.300,RTK Fixed | N: 47.184 m | E: -198.651 m | D: 13.601 m | Baseline: 204.630 m
9297,528,0x0210,CORR AGE,14,391249.300,2.3 s
9297,65282,0xFF02,DGNSS STATUS,12,,RTK | Signals: 15 | Latency: 2.3 s | ""
9297,258,0x0102,GPS TIME,19,391249.400,Wk: 2293 | TOW ns: -73 | GNSS
9297,259,0x0103,UTC TIME,24,391249.400,2023-12-21 12:40:31.399 (GNSS) | UTC Offset: Decoded
9297,522,0x020A,POS LLA,42,391249.400,RTK Fixed | Lat: 45.5011054 deg | Lon: 9.1560316 deg | Alt: 173.178 m | Used SVs: 15
9297,526,0x020E,VEL NED,30,391249.400,Comp. Doppler | COG: 171.03 deg | SOG: 0.02 m/s | Horiz Vel: 0.02 m/s | Vert Vel: -0.00 m/s | EHVE: 0.10 m/s | EVVE: 0.10 m/s
9297,520,0x0208,DOPS,23,391249.400,HDOP: 0.8 | PDOP: 1.6
9297,524,0x020C,BASELINE NED,30,391249.400,RTK Fixed | N: 47.185 m | E: -198.652 m | D: 13.601 m | Baseline: 204.631 m
9297,528,0x0210,CORR AGE,14,391249.400,1.4 s
9297,65282,0xFF02,DGNSS STATUS,12,,RTK | Signals: 15 | Latency: 1.4 s | ""
9297,151,0x0097,SV AZ EL,116,,(27) [G10 310 18] [G12 228 37] [G13 148 34] [G14 54 10] [G15 194 56] [G17 62 33] [G19 96 40] [G22 52 30] [G23 272 23] [G24 312 72] [G25 234 3] [R1 292 54] [R2 334 13] [R8 196 42] [R9 62 9] [R11 288 59] [R12 254 8] [R20 92 16] [B10 54 29] [B14 244 47] [B24 276 58] [B26 58 64] [B33 284 42] [B35 108 24] [E4 296 55] [E19 168 53] [E21 54 65]
9297,117,0x0075,GLO BIASES,17,,L1C: 0.00 m | L1P: 0.00 m | L2C: 0.00 m | L2P: 0.00 m
9297,65535,0xFFFF,HEARTBEAT,12,,ANT OK | NAP OK | IO OK | SYS OK
9297,181,0x00B5,DEVICE MONITOR,18,,Vin: 5.91 V | Tcpu: 36.4 C | Trf: 33.9 C
9297,258,0x0102,GPS TIME,19,391249.500,Wk: 2293 | TOW ns: -73 | GNSS
9297,259,0x0103,UTC TIME,24,391249.500,2023-12-21 12:40:31.499 (GNSS) | UTC Offset: Decoded
9297,522,0x020A,POS LLA,42,391249.500,RTK Fixed | Lat: 45.5011054 deg | Lon: 9.1560316 deg | Alt: 173.179 m | Used SVs: 15
9297,526,0x020E,VEL NED,30,391249.500,Comp. Doppler | COG: 180.00 deg | SOG: 0.01 m/s | Horiz Vel: 0.00 m/s | Vert Vel: 0.01 m/s | EHVE: 0.10 m/s | EVVE: 0.10 m/s
9297,520,0x0208,DOPS,23,391249.500,HDOP: 0.8 | PDOP: 1.6
9297,524,0x020C,BASELINE NED,30,391249.500,RTK Fixed | N: 47.185 m | E: -198.652 m | D: 13.600 m | Baseline: 204.631 m
9297,528,0x0210,CORR AGE,14,391249.500,1.5 s
9297,65282,0xFF02,DGNSS STATUS,12,,RTK | Signals: 15 | Latency: 1.5 s | ""
9297,97,0x0061,MEAS STATE,245,,Total SVs: 23 | L1: 9 | L2: 6 | G1: 5 | G2: 4 | E1: 3 | E2: 3 | B1: 6 | B2: 2 | SBAS: 1
9297,258,0x0102,GPS TIME,19,391249.600,Wk: 2293 | TOW ns: -74 | GNSS
9297,259,0x0103,UTC TIME,24,391249.600,2023-12-21 12:40:31.599 (GNSS) | UTC Offset: Decoded
9297,522,0x020A,POS LLA,42,391249.600,RTK Fixed | Lat: 45.5011054 deg | Lon: 9.1560316 deg | Alt: 173.181 m | Used SVs: 15
9297,526,0x020E,VEL NED,30,391249.600,Comp. Doppler | COG: 255.96 deg | SOG: 0.01 m/s | Horiz Vel: 0.00 m/s | Vert Vel: 0.01 m/s | EHVE: 0.10 m/s | EVVE: 0.10 m/s
9297,520,0x0208,DOPS,23,391249.600,HDOP: 0.8 | PDOP: 1.6
9297,524,0x020C,BASELINE NED,30,391249.600,RTK Fixed | N: 47.184 m | E: -198.652 m | D: 13.599 m | Baseline: 204.631 m
9297,528,0x0210,CORR AGE,14,391249.600,1.6 s
9297,65282,0xFF02,DGNSS STATUS,12,,RTK | Signals: 15 | Latency: 1.6 s | ""
9297,258,0x0102,GPS TIME,19,391249.700,Wk: 2293 | TOW ns: -75 | GNSS
9297,259,0x0103,UTC TIME,24,391249.700,2023-12-21 12:40:31.699 (GNSS) | UTC Offset: Decoded
9297,522,0x020A,POS LLA,42,391249.700,RTK Fixed | Lat: 45.5011054 deg | Lon: 9.1560316 deg | Alt: 173.178 m | Used SVs: 15
9297,526,0x020E,VEL NED,30,391249.700,Comp. Doppler | COG: 169.70 deg | SOG: 0.02 m/s | Horiz Vel: 0.01 m/s | Vert Vel: -0.02 m/s | EHVE: 0.10 m/s | EVVE: 0.10 m/s
9297,520,0x0208,DOPS,23,391249.700,HDOP: 0.8 | PDOP: 1.6
9297,524,0x020C,BASELINE NED,30,391249.700,RTK Fixed | N: 47.183 m | E: -198.651 m | D: 13.601 m | Baseline: 204.630 m
9297,528,0x0210,CORR AGE,14,391249.700,1.7 s
9297,65282,0xFF02,DGNSS STATUS,12,,RTK | Signals: 15 | Latency: 1.7 s | ""
9297,258,0x0102,GPS TIME,19,391249.800,Wk: 2293 | TOW ns: -75 | GNSS
9297,259,0x0103,UTC TIME,24,391249.800,2023-12-21 12:40:31.799 (GNSS) | UTC Offset: Decoded
9297,522,0x020A,POS LLA,42,391249.800,RTK Fixed | Lat: 45.5011054 deg | Lon: 9.1560316 deg | Alt: 173.178 m | Used SVs: 15
9297,526,0x020E,VEL NED,30,391249.800,Comp. Doppler | COG: 345.96 deg | SOG: 0.01 m/s | Horiz Vel: 0.01 m/s | Vert Vel: -0.00 m/s | EHVE: 0.10 m/s | EVVE: 0.10 m/s
9297,520,0x0208,DOPS,23,391249.800,HDOP: 0.8 | PDOP: 1.6
9297,524,0x020C,BASELINE NED,30,391249.800,RTK Fixed | N: 47.184 m | E: -198.652 m | D: 13.602 m | Baseline: 204.631 m
9297,528,0x0210,CORR AGE,14,391249.800,1.8 s
9297,65282,0xFF02,DGNSS STATUS,12,,RTK | Signals: 15 | Latency: 1.8 s | ""
9297,258,0x0102,GPS TIME,19,391249.900,Wk: 2293 | TOW ns: -70 | GNSS
9297,259,0x0103,UTC TIME,24,391249.900,2023-12-21 12:40:31.899 (GNSS) | UTC Offset: Decoded
9297,522,0x020A,POS LLA,42,391249.900,RTK Fixed | Lat: 45.5011054 deg | Lon: 9.1560316 deg | Alt: 173.180 m | Used SVs: 15
9297,526,0x020E,VEL NED,30,391249.900,Comp. Doppler | COG: 126.03 deg | SOG: 0.02 m/s | Horiz Vel: 0.01 m/s | Vert Vel: 0.01 m/s | EHVE: 0.10 m/s | EVVE: 0.10 m/s
9297,520,0x0208,DOPS,23,391249.900,HDOP: 0.8 | PDOP: 1.6
9297,524,0x020C,BASELINE NED,30,391249.900,RTK Fixed | N: 47.183 m | E: -198.651 m | D: 13.600 m | Baseline: 204.630 m
9297,528,0x0210,CORR AGE,14,391249.900,1.9 s
9297,65282,0xFF02,DGNSS STATUS,12,,RTK | Signals: 15 | Latency: 1.9 s | ""
9297,1025,0x0401,LOG,155,,INFO: "GPS L2CM 24 Updating UTC parameters: tow=503808, a0=-2.5e-09, a1=-5.3e-15, a2=0, t_lse=(2442,18.0), ls=18, lsf=18. Current offset: 18 s + -1.93 ns"
9297,74,0x004A,OBS,257,391250.000,Msg 1 of 3 (14) [G12-L1CA:PCDAr:44.8] [G10-L1CA:PCDAr:43.0] [G13-L1CA:PCDAr:42.0] [G15-L1CA:PCDAr:47.8] [G17-L1CA:PCDAr:47.3] [G19-L1CA:PCDAr:45.8] [G22-L1CA:PCDAr:48.5] [G24-L1CA:PCDAr:52.8] [G23-L1CA:PCDAr:41.5] [G24-L2CM:PCDAr:50.0] [G15-L2CM:PCDAr:43.5] [G17-L2CM:PCDAr:44.5] [G12-L2CM:PCDAr:41.5] [G23-L2CM:PCDAr:44.3]
9297,74,0x004A,OBS,257,391250.000,Msg 2 of 3 (14) [G10-L2CM:PCDAr:46.8] [R11-L1OF:PCDAr:56.8] [R2-L1OF:PCDAr:52.5] [R1-L1OF:PCDAr:51.3] [R8-L1OF:PCDAr:44.3] [R20-L1OF:PCDar:32.5] [R2-L2OF:PCDAr:41.8] [R11-L2OF:PCDAr:51.3] [R1-L2OF:PCDAr:44.0] [R8-L2OF:PCDAr:42.8] [B24-B1:PCDAr:53.8] [B10-B1:PCDAr:45.5] [B26-B1:PCDAr:53.0] [B33-B1:PCDAr:52.8]
9297,74,0x004A,OBS,189,391250.000,Msg 3 of 3 (10) [B35-B1:PCDar:40.0] [B14-B1:PCDAr:46.8] [B10-B2:PCDAr:44.8] [B14-B2:PCDAr:49.8] [E4-E1B:PCDAr:51.3] [E19-E1B:PCDAr:41.5] [E21-E1B:PCDAr:51.3] [E4-E7I:PCDAr:51.3] [E19-E7I:PCDAr:39.8] [E21-E7I:PCDAr:50.8]
9297,117,0x0075,GLO BIASES,17,,L1C: 0.00 m | L1P: 0.00 m | L2C: 0.00 m | L2P: 0.00 m
9297,258,0x0102,GPS TIME,19,391250.000,Wk: 2293 | TOW ns: -71 | GNSS
9297,259,0x0103,UTC TIME,24,391250.000,2023-12-21 12:40:31.999 (GNSS) | UTC Offset: Decoded
9297,522,0x020A,POS LLA,42,391250.000,RTK Fixed | Lat: 45.5011054 deg | Lon: 9.1560316 deg | Alt: 173.180 m | Used SVs: 15
9297,526,0x020E,VEL NED,30,391250.000,Comp. Doppler | COG: 333.43 deg | SOG: 0.01 m/s | Horiz Vel: 0.01 m/s | Vert Vel: 0.00 m/s | EHVE: 0.10 m/s | EVVE: 0.10 m/s
9297,520,0x0208,DOPS,23,391250.000,HDOP: 0.8 | PDOP: 1.6
9297,524,0x020C,BASELINE NED,30,391250.000,RTK Fixed | N: 47.183 m | E: -198.651 m | D: 13.600 m | Baseline: 204.630 m
9297,528,0x0210,CORR AGE,14,391250.000,2.0 s
9297,65282,0xFF02,DGNSS STATUS,12,,RTK | Signals: 15 | Latency: 2.0 s | ""
0,74,0x004A,OBS,257,391249.000,Msg 3 of 3 (14) [B14-B1:PCDAr:49.0] [B10-B1:PCDAr:43.0] [B29-B1:PCDAr:46.3] [B10-B2:PCDAr:45.8] [B7-B2:PCDAr:41.3] [B14-B2:PCDAr:53.0] [E4-E1B:PCDAr:50.8] [E27-E1B:PCDAr:42.0] [E19-E1B:PCDAr:45.8] [E21-E1B:PCDAr:51.5] [E4-E7I:PCDAr:53.0] [E21-E7I:PCDAr:53.5] [E27-E7I:PCDAr:42.0] [E19-E7I:PCDAr:47.8]
9297,97,0x0061,MEAS STATE,245,,Total SVs: 19 | L1: 9 | L2: 6 | G1: 0 | G2: 0 | E1: 3 | E2: 3 | B1: 6 | B2: 2 | SBAS: 1
9297,258,0x0102,GPS TIME,19,391250.100,Wk: 2293 | TOW ns: -71 | GNSS
9297,259,0x0103,UTC TIME,24,391250.100,2023-12-21 12:40:32.099 (GNSS) | UTC Offset: Decoded
9297,522,0x020A,POS LLA,42,391250.100,RTK Fixed | Lat: 45.5011054 deg | Lon: 9.1560316 deg | Alt: 173.180 m | Used SVs: 15
9297,526,0x020E,VEL NED,30,391250.100,Comp. Doppler | COG: 206.57 deg | SOG: 0.01 m/s | Horiz Vel: 0.01 m/s | Vert Vel: -0.01 m/s | EHVE: 0.10 m/s | EVVE: 0.10 m/s
9297,520,0x0208,DOPS,23,391250.100,HDOP: 0.8 | PDOP: 1.6
9297,524,0x020C,BASELINE NED,30,391250.100,RTK Fixed | N: 47.182 m | E: -198.652 m | D: 13.600 m | Baseline: 204.631 m
9297,528,0x0210,CORR AGE,14,391250.100,2.1 s
9297,65282,0xFF02,DGNSS STATUS,12,,RTK | Signals: 15 | Latency: 2.1 s | ""
0,72,0x0048,BASE POS ECEF,32,,X: 4421114.209 m | Y: 712784.166 m | Z: 4526655.471 m (Lat: 45.5006809 deg | Lon: 9.1585732 deg | Alt: 186.776 m)
0,74,0x004A,OBS,257,391250.000,Msg 1 of 3 (14) [G10-L1CA:PCDAr:42.8] [G23-L1CA:PCDAr:46.5] [G15-L1CA:PCDAr:53.3] [G13-L1CA:PCDAr:49.8] [G14-L1CA:PCDAr:43.8] [G19-L1CA:PCDAr:51.5] [G24-L1CA:PCDAr:54.3] [G22-L1CA:PCDAr:48.8] [G17-L1CA:PCDAr:49.0] [G12-L1CA:PCDAr:51.8] [G10-L2CM:PCDAr:44.5] [G23-L2CM:PCDAr:44.5] [G24-L2CM:PCDAr:52.5] [G15-L2CM:PCDAr:48.5]
0,74,0x004A,OBS,257,391250.000,Msg 2 of 3 (14) [G14-L2CM:PCDAr:40.3] [G17-L2CM:PCDAr:46.0] [G12-L2CM:PCDAr:46.3] [R1-L1OF:PCDAr:51.8] [R8-L1OF:PCDAr:49.0] [R11-L1OF:PCDAr:56.5] [R10-L1OF:PCDAr:50.3] [R11-L2OF:PCDAr:51.8] [R1-L2OF:PCDAr:44.5] [B7-B1:PCDAr:42.5] [B35-B1:PCDAr:46.0] [B24-B1:PCDAr:53.8] [B33-B1:PCDAr:51.8] [B26-B1:PCDAr:54.3]
9297,258,0x0102,GPS TIME,19,391250.200,Wk: 2293 | TOW ns: -72 | GNSS
9297,259,0x0103,UTC TIME,24,391250.200,2023-12-21 12:40:32.199 (GNSS) | UTC Offset: Decoded
9297,522,0x020A,POS LLA,42,391250.200,RTK Fixed | Lat: 45.5011054 deg | Lon: 9.1560316 deg | Alt: 173.181 m | Used SVs: 15
9297,526,0x020E,VEL NED,30,391250.200,Comp. Doppler | COG: 117.76 deg | SOG: 0.02 m/s | Horiz Vel: 0.02 m/s | Vert Vel: 0.00 m/s | EHVE: 0.10 m/s | EVVE: 0.10 m/s
9297,520,0x0208,DOPS,23,391250.200,HDOP: 0.8 | PDOP: 1.6
9297,524,0x020C,BASELINE NED,30,391250.200,RTK Fixed | N: 47.181 m | E: -198.650 m | D: 13.599 m | Baseline: 204.628 m
9297,528,0x0210,CORR AGE,14,391250.200,2.2 s
9297,65282,0xFF02,DGNSS STATUS,12,,RTK | Signals: 15 | Latency: 2.2 s | ""
9297,258,0x0102,GPS TIME,19,391250.300,Wk: 2293 | TOW ns: -73 | GNSS
9297,259,0x0103,UTC TIME,24,391250.300,2023-12-21 12:40:32.299 (GNSS) | UTC Offset: Decoded
9297,522,0x020A,POS LLA,42,391250.300,RTK Fixed | Lat: 45.5011054 deg | Lon: 9.1560316 deg | Alt: 173.175 m | Used SVs: 15
9297,526,0x020E,VEL NED,30,391250.300,Comp. Doppler | COG: 357.27 deg | SOG: 0.02 m/s | Horiz Vel: 0.02 m/s | Vert Vel: -0.01 m/s | EHVE: 0.10 m/s | EVVE: 0.10 m/s
9297,520,0x0208,DOPS,23,391250.300,HDOP: 0.8 | PDOP: 1.6
9297,524,0x020C,BASELINE NED,30,391250.300,RTK Fixed | N: 47.183 m | E: -198.650 m | D: 13.605 m | Baseline: 204.629 m
9297,528,0x0210,CORR AGE,14,391250.300,1.3 s
9297,65282,0xFF02,DGNSS STATUS,12,,RTK | Signals: 15 | Latency: 1.3 s | ""
9297,258,0x0102,GPS TIME,19,391250.400,Wk: 2293 | TOW ns: -73 | GNSS
9297,259,0x0103,UTC TIME,24,391250.400,2023-12-21 12:40:32.399 (GNSS) | UTC Offset: Decoded
9297,522,0x020A,POS LLA,42,391250.400,RTK Fixed | Lat: 45.5011054 deg | Lon: 9.1560316 deg | Alt: 173.174 m | Used SVs: 15
9297,526,0x020E,VEL NED,30,391250.400,Comp. Doppler | COG: 299.05 deg | SOG: 0.02 m/s | Horiz Vel: 0.01 m/s | Vert Vel: -0.01 m/s | EHVE: 0.10 m/s | EVVE: 0.10 m/s
9297,520,0x0208,DOPS,23,391250.400,HDOP: 0.8 | PDOP: 1.6
9297,524,0x020C,BASELINE NED,30,391250.400,RTK Fixed | N: 47.184 m | E: -198.651 m | D: 13.606 m | Baseline: 204.631 m
9297,528,0x0210,CORR AGE,14,391250.400,1.4 s
9297,65282,0xFF02,DGNSS STATUS,12,,RTK | Signals: 15 | Latency: 1.4 s | ""
9297,1025,0x0401,LOG,155,,INFO: "GPS L2CM 12 Updating UTC parameters: tow=503808, a0=-2.4e-09, a1=-4.9e-15, a2=0, t_lse=(2442,18.0), ls=18, lsf=18. Current offset: 18 s + -1.89 ns"
9297,151,0x0097,SV AZ EL,116,,(27) [G10 310 18] [G12 228 37] [G13 148 34] [G14 54 10] [G15 194 56] [G17 62 33] [G19 96 40] [G22 52 30] [G23 272 23] [G24 312 72] [G25 234 3] [R1 292 54] [R2 334 13] [R8 196 42] [R9 62 9] [R11 288 59] [R12 254 8] [R20 92 16] [B10 54 29] [B14 244 47] [B24 276 58] [B26 58 64] [B33 284 42] [B35 108 24] [E4 296 55] [E19 168 53] [E21 54 65]
9297,117,0x0075,GLO BIASES,17,,L1C: 0.00 m | L1P: 0.00 m | L2C: 0.00 m | L2P: 0.00 m
9297,65535,0xFFFF,HEARTBEAT,12,,ANT OK | NAP OK | IO OK | SYS OK
9297,23,0x0017,THREAD STATE,34,,main | 0.0 % | 65532 B
9297,23,0x0017,THREAD STATE,34,,idle | 0.7 % | 124 B
9297,23,0x0017,THREAD STATE,34,,rpmsg | 0.2 % | 3540 B
9297,23,0x0017,THREAD STATE,34,,rpmsg_imu | 0.0 % | 3644 B
9297,23,0x0017,THREAD STATE,34,,SBP | 0.1 % | 65532 B
9297,23,0x0017,THREAD STATE,34,,NAP | 0.0 % | 32812 B
9297,23,0x0017,THREAD STATE,34,,manage PV | 0.0 % | 1004 B
9297,23,0x0017,THREAD STATE,34,,IMU | 0.0 % | 2044 B
9297,23,0x0017,THREAD STATE,34,,IMU aux | 0.0 % | 2164 B
9297,23,0x0017,THREAD STATE,34,,ndb | 0.0 % | 3176 B
9297,23,0x0017,THREAD STATE,34,,NAP Tracking | 24.6 % | 30476 B
9297,23,0x0017,THREAD STATE,34,,decode | 0.9 % | 1588 B
9297,23,0x0017,THREAD STATE,34,,manage acq | 26.3 % | 30452 B
9297,23,0x0017,THREAD STATE,34,,system monitor | 0.1 % | 1548 B
9297,23,0x0017,THREAD STATE,34,,Watchdog | 0.0 % | 1108 B
9297,23,0x0017,THREAD STATE,34,,starling | 32.3 % | 65532 B
9297,23,0x0017,THREAD STATE,34,,time matched obs | 13.9 % | 65532 B
9297,23,0x0017,THREAD STATE,34,,me_calc_pvt | 0.8 % | 18804 B
9297,23,0x0017,THREAD STATE,34,,PPS | 0.0 % | 1840 B
9297,23,0x0017,THREAD STATE,34,,spectrum analyzer | 0.0 % | 4044 B
9297,258,0x0102,GPS TIME,19,391250.500,Wk: 2293 | TOW ns: -74 | GNSS
9297,259,0x0103,UTC TIME,24,391250.500,2023-12-21 12:40:32.499 (GNSS) | UTC Offset: Decoded
9297,522,0x020A,POS LLA,42,391250.500,RTK Fixed | Lat: 45.5011054 deg | Lon: 9.1560316 deg | Alt: 173.174 m | Used SVs: 15
9297,526,0x020E,VEL NED,30,391250.500,Comp. Doppler | COG: 180.00 deg | SOG: 0.02 m/s | Horiz Vel: 0.02 m/s | Vert Vel: -0.00 m/s | EHVE: 0.10 m/s | EVVE: 0.10 m/s
9297,520,0x0208,DOPS,23,391250.500,HDOP: 0.8 | PDOP: 1.6
9297,524,0x020C,BASELINE NED,30,391250.500,RTK Fixed | N: 47.182 m | E: -198.651 m | D: 13.606 m | Baseline: 204.630 m
9297,528,0x0210,CORR AGE,14,391250.500,1.5 s
9297,65282,0xFF02,DGNSS STATUS,12,,RTK | Signals: 15 | Latency: 1.5 s | ""
9297,97,0x0061,MEAS STATE,245,,Total SVs: 23 | L1: 9 | L2: 6 | G1: 5 | G2: 4 | E1: 3 | E2: 3 | B1: 6 | B2: 2 | SBAS: 1
9297,258,0x0102,GPS TIME,19,391250.600,Wk: 2293 | TOW ns: -75 | GNSS
9297,259,0x0103,UTC TIME,24,391250.600,2023-12-21 12:40:32.599 (GNSS) | UTC Offset: Decoded
9297,522,0x020A,POS LLA,42,391250.600,RTK Fixed | Lat: 45.5011054 deg | Lon: 9.1560316 deg | Alt: 173.173 m | Used SVs: 15
9297,526,0x020E,VEL NED,30,391250.600,Comp. Doppler | COG: 74.74 deg | SOG: 0.01 m/s | Horiz Vel: 0.01 m/s | Vert Vel: -0.01 m/s | EHVE: 0.10 m/s | EVVE: 0.10 m/s
9297,520,0x0208,DOPS,23,391250.600,HDOP: 0.8 | PDOP: 1.6
9297,524,0x020C,BASELINE NED,30,391250.600,RTK Fixed | N: 47.183 m | E: -198.650 m | D: 13.606 m | Baseline: 204.629 m
9297,528,0x0210,CORR AGE,14,391250.600,1.6 s
9297,65282,0xFF02,DGNSS STATUS,12,,RTK | Signals: 15 | Latency: 1.6 s | ""
9297,258,0x0102,GPS TIME,19,391250.700,Wk: 2293 | TOW ns: -75 | GNSS
9297,259,0x0103,UTC TIME,24,391250.700,2023-12-21 12:40:32.699 (GNSS) | UTC Offset: Decoded
9297,522,0x020A,POS LLA,42,391250.700,RTK Fixed | Lat: 45.5011054 deg | Lon: 9.1560316 deg | Alt: 173.173 m | Used SVs: 15
9297,526,0x020E,VEL NED,30,391250.700,Comp. Doppler | COG: 349.70 deg | SOG: 0.02 m/s | Horiz Vel: 0.01 m/s | Vert Vel: -0.01 m/s | EHVE: 0.10 m/s | EVVE: 0.10 m/s
9297,520,0x0208,DOPS,23,391250.700,HDOP: 0.8 | PDOP: 1.6
9297,524,0x020C,BASELINE NED,30,391250.700,RTK Fixed | N: 47.184 m | E: -198.650 m | D: 13.607 m | Baseline: 204.630 m
9297,528,0x0210,CORR AGE,14,391250.700,1.7 s
9297,65282,0xFF02,DGNSS STATUS,12,,RTK | Signals: 15 | Latency: 1.7 s | ""
9297,258,0x0102,GPS TIME,19,391250.800,Wk: 2293 | TOW ns: -76 | GNSS
9297,259,0x0103,UTC TIME,24,391250.800,2023-12-21 12:40:32.799 (GNSS) | UTC Offset: Decoded
9297,522,0x020A,POS LLA,42,391250.800,RTK Fixed | Lat: 45.5011054 deg | Lon: 9.1560316 deg | Alt: 173.172 m | Used SVs: 15
9297,526,0x020E,VEL NED,30,391250.800,Comp. Doppler | COG: 165.47 deg | SOG: 0.03 m/s | Horiz Vel: 0.03 m/s | Vert Vel: -0.01 m/s | EHVE: 0.10 m/s | EVVE: 0.10 m/s
9297,520,0x0208,DOPS,23,391250.800,HDOP: 0.8 | PDOP: 1.6
9297,524,0x020C,BASELINE NED,30,391250.800,RTK Fixed | N: 47.181 m | E: -198.650 m | D: 13.608 m | Baseline: 204.629 m
9297,528,0x0210,CORR AGE,14,391250.800,1.8 s
9297,65282,0xFF02,DGNSS STATUS,12,,RTK | Signals: 15 | Latency: 1.8 s | ""
9297,258,0x0102,GPS TIME,19,391250.900,Wk: 2293 | TOW ns: -77 | GNSS
9297,259,0x0103,UTC TIME,24,391250.900,2023-12-21 12:40:32.899 (GNSS) | UTC Offset: Decoded
9297,522,0x020A,POS LLA,42,391250.900,RTK Fixed | Lat: 45.5011054 deg | Lon: 9.1560316 deg | Alt: 173.172 m | Used SVs: 15
9297,526,0x020E,VEL NED,30,391250.900,Comp. Doppler | COG: 334.54 deg | SOG: 0.02 m/s | Horiz Vel: 0.02 m/s | Vert Vel: 0.00 m/s | EHVE: 0.10 m/s | EVVE: 0.10 m/s
9297,520,0x0208,DOPS,23,391250.900,HDOP: 0.8 | PDOP: 1.6
9297,524,0x020C,BASELINE NED,30,391250.900,RTK Fixed | N: 47.183 m | E: -198.651 m | D: 13.607 m | Baseline: 204.630 m
9297,528,0x0210,CORR AGE,14,391250.900,1.9 s
9297,65282,0xFF02,DGNSS STATUS,12,,RTK | Signals: 15 | Latency: 1.9 s | ""
9297,74,0x004A,OBS,257,391251.000,Msg 1 of 3 (14) [G12-L1CA:PCDAr:45.8] [G10-L1CA:PCDAr:43.3] [G13-L1CA:PCDAr:42.0] [G15-L1CA:PCDAr:47.8] [G17-L1CA:PCDAr:47.3] [G19-L1CA:PCDAr:45.8] [G22-L1CA:PCDAr:48.5] [G24-L1CA:PCDAr:52.8] [G23-L1CA:PCDAr:43.3] [G24-L2CM:PCDAr:50.0] [G15-L2CM:PCDAr:43.0] [G17-L2CM:PCDAr:44.3] [G12-L2CM:PCDAr:42.3] [G23-L2CM:PCDAr:45.0]
9297,74,0x004A,OBS,257,391251.000,Msg 2 of 3 (14) [G10-L2CM:PCDAr:47.0] [R11-L1OF:PCDAr:56.8] [R2-L1OF:PCDAr:52.5] [R1-L1OF:PCDAr:51.0] [R8-L1OF:PCDAr:44.5] [R20-L1OF:PCDar:31.3] [R2-L2OF:PCDAr:41.3] [R11-L2OF:PCDAr:51.5] [R1-L2OF:PCDAr:44.0] [R8-L2OF:PCDAr:42.3] [B24-B1:PCDAr:53.8] [B10-B1:PCDAr:45.5] [B26-B1:PCDAr:53.0] [B33-B1:PCDAr:52.5]
9297,74,0x004A,OBS,189,391251.000,Msg 3 of 3 (10) [B35-B1:PCDar:39.8] [B14-B1:PCDAr:46.8] [B10-B2:PCDAr:44.8] [B14-B2:PCDAr:50.0] [E4-E1B:PCDAr:51.3] [E19-E1B:PCDAr:41.5] [E21-E1B:PCDAr:51.3] [E4-E7I:PCDAr:51.5] [E19-E7I:PCDAr:40.0] [E21-E7I:PCDAr:51.0]
9297,117,0x0075,GLO BIASES,17,,L1C: 0.00 m | L1P: 0.00 m | L2C: 0.00 m | L2P: 0.00 m
9297,258,0x0102,GPS TIME,19,391251.000,Wk: 2293 | TOW ns: -71 | GNSS
9297,259,0x0103,UTC TIME,24,391251.000,2023-12-21 12:40:32.999 (GNSS) | UTC Offset: Decoded
9297,522,0x020A,POS LLA,42,391251.000,RTK Fixed | Lat: 45.5011054 deg | Lon: 9.1560316 deg | Alt: 173.173 m | Used SVs: 15
9297,526,0x020E,VEL NED,30,391251.000,Comp. Doppler | COG: 101.31 deg | SOG: 0.02 m/s | Horiz Vel: 0.02 m/s | Vert Vel: 0.00 m/s | EHVE: 0.10 m/s | EVVE: 0.10 m/s
9297,520,0x0208,DOPS,23,391251.000,HDOP: 0.8 | PDOP: 1.6
9297,524,0x020C,BASELINE NED,30,391251.000,RTK Fixed | N: 47.183 m | E: -198.649 m | D: 13.607 m | Baseline: 204.628 m
9297,528,0x0210,CORR AGE,14,391251.000,2.0 s
9297,65282,0xFF02,DGNSS STATUS,12,,RTK | Signals: 15 | Latency: 2.0 s | ""
9297,97,0x0061,MEAS STATE,245,,Total SVs: 19 | L1: 9 | L2: 6 | G1: 0 | G2: 0 | E1: 3 | E2: 3 | B1: 6 | B2: 2 | SBAS: 1
9297,258,0x0102,GPS TIME,19,391251.100,Wk: 2293 | TOW ns: -72 | GNSS
9297,259,0x0103,UTC TIME,24,391251.100,2023-12-21 12:40:33.099 (GNSS) | UTC Offset: Decoded
9297,522,0x020A,POS LLA,42,391251.100,RTK Fixed | Lat: 45.5011054 deg | Lon: 9.1560316 deg | Alt: 173.175 m | Used SVs: 15
9297,526,0x020E,VEL NED,30,391251.100,Comp. Doppler | COG: 284.04 deg | SOG: 0.02 m/s | Horiz Vel: 0.00 m/s | Vert Vel: 0.02 m/s | EHVE: 0.10 m/s | EVVE: 0.10 m/s
9297,520,0x0208,DOPS,23,391251.100,HDOP: 0.8 | PDOP: 1.6
9297,524,0x020C,BASELINE NED,30,391251.100,RTK Fixed | N: 47.183 m | E: -198.650 m | D: 13.605 m | Baseline: 204.629 m
9297,528,0x0210,CORR AGE,14,391251.100,2.1 s
9297,65282,0xFF02,DGNSS STATUS,12,,RTK | Signals: 15 | Latency: 2.1 s | ""
9297,258,0x0102,GPS TIME,19,391251.200,Wk: 2293 | TOW ns: -72 | GNSS
9297,259,0x0103,UTC TIME,24,391251.200,2023-12-21 12:40:33.199 (GNSS) | UTC Offset: Decoded
9297,522,0x020A,POS LLA,42,391251.200,RTK Fixed | Lat: 45.5011054 deg | Lon: 9.1560316 deg | Alt: 173.175 m | Used SVs: 15
9297,526,0x020E,VEL NED,30,391251.200,Comp. Doppler | COG: 320.19 deg | SOG: 0.01 m/s | Horiz Vel: 0.01 m/s | Vert Vel: 0.00 m/s | EHVE: 0.10 m/s | EVVE: 0.10 m/s
9297,520,0x0208,DOPS,23,391251.200,HDOP: 0.8 | PDOP: 1.6
9297,524,0x020C,BASELINE NED,30,391251.200,RTK Fixed | N: 47.184 m | E: -198.651 m | D: 13.605 m | Baseline: 204.631 m
9297,528,0x0210,CORR AGE,14,391251.200,2.2 s
9297,65282,0xFF02,DGNSS STATUS,12,,RTK | Signals: 15 | Latency: 2.2 s | ""
9297,258,0x0102,GPS TIME,19,391251.300,Wk: 2293 | TOW ns: -73 | GNSS
9297,259,0x0103,UTC TIME,24,391251.300,2023-12-21 12:40:33.299 (GNSS) | UTC Offset: Decoded
9297,522,0x020A,POS LLA,42,391251.300,RTK Fixed | Lat: 45.5011054 deg | Lon: 9.1560316 deg | Alt: 173.173 m | Used SVs: 15
9297,526,0x020E,VEL NED,30,391251.300,Comp. Doppler | COG: 104.04 deg | SOG: 0.02 m/s | Horiz Vel: 0.01 m/s | Vert Vel: -0.02 m/s | EHVE: 0.09 m/s | EVVE: 0.09 m/s
9297,520,0x0208,DOPS,23,391251.300,HDOP: 0.8 | PDOP: 1.6
9297,524,0x020C,BASELINE NED,30,391251.300,RTK Fixed | N: 47.184 m | E: -198.650 m | D: 13.607 m | Baseline: 204.630 m
9297,528,0x0210,CORR AGE,14,391251.300,2.3 s
9297,65282,0xFF02,DGNSS STATUS,12,,RTK | Signals: 15 | Latency: 2.3 s | ""
0,74,0x004A,OBS,257,391250.000,Msg 3 of 3 (14) [B14-B1:PCDAr:49.0] [B10-B1:PCDAr:43.0] [B29-B1:PCDAr:46.3] [B10-B2:PCDAr:45.8] [B7-B2:PCDAr:41.3] [B14-B2:PCDAr:52.8] [E4-E1B:PCDAr:51.0] [E27-E1B:PCDAr:42.3] [E19-E1B:PCDAr:46.0] [E21-E1B:PCDAr:52.0] [E4-E7I:PCDAr:53.0] [E21-E7I:PCDAr:53.5] [E27-E7I:PCDAr:42.0] [E19-E7I:PCDAr:47.5]
0,72,0x0048,BASE POS ECEF,32,,X: 4421114.209 m | Y: 712784.166 m | Z: 4526655.471 m (Lat: 45.5006809 deg | Lon: 9.1585732 deg | Alt: 186.776 m)
9297,258,0x0102,GPS TIME,19,391251.400,Wk: 2293 | TOW ns: -74 | GNSS
9297,259,0x0103,UTC TIME,24,391251.400,2023-12-21 12:40:33.399 (GNSS) | UTC Offset: Decoded
9297,522,0x020A,POS LLA,42,391251.400,RTK Fixed | Lat: 45.5011054 deg | Lon: 9.1560316 deg | Alt: 173.172 m | Used SVs: 15
9297,526,0x020E,VEL NED,30,391251.400,Comp. Doppler | COG: 194.04 deg | SOG: 0.01 m/s | Horiz Vel: 0.00 m/s | Vert Vel: -0.01 m/s | EHVE: 0.09 m/s | EVVE: 0.09 m/s
9297,520,0x0208,DOPS,23,391251.400,HDOP: 0.8 | PDOP: 1.6
9297,524,0x020C,BASELINE NED,30,391251.400,RTK Fixed | N: 47.183 m | E: -198.651 m | D: 13.608 m | Baseline: 204.630 m
9297,528,0x0210,CORR AGE,14,391251.400,2.4 s
9297,65282,0xFF02,DGNSS STATUS,12,,RTK | Signals: 15 | Latency: 2.4 s | ""
0,74,0x004A,OBS,257,391251.000,Msg 1 of 3 (14) [G10-L1CA:PCDAr:43.3] [G23-L1CA:PCDAr:47.0] [G15-L1CA:PCDAr:53.5] [G13-L1CA:PCDAr:50.3] [G14-L1CA:PCDAr:44.3] [G19-L1CA:PCDAr:52.0] [G24-L1CA:PCDAr:54.8] [G22-L1CA:PCDAr:49.0] [G17-L1CA:PCDAr:49.3] [G12-L1CA:PCDAr:52.0] [G10-L2CM:PCDAr:44.8] [G23-L2CM:PCDAr:44.3] [G24-L2CM:PCDAr:52.5] [G15-L2CM:PCDAr:48.5]
0,74,0x004A,OBS,257,391251.000,Msg 2 of 3 (14) [G14-L2CM:PCDAr:40.5] [G17-L2CM:PCDAr:45.8] [G12-L2CM:PCDAr:46.3] [R1-L1OF:PCDAr:51.8] [R8-L1OF:PCDAr:49.0] [R11-L1OF:PCDAr:56.5] [R10-L1OF:PCDAr:50.3] [R11-L2OF:PCDAr:51.8] [R1-L2OF:PCDAr:44.8] [B7-B1:PCDAr:42.5] [B35-B1:PCDAr:46.0] [B24-B1:PCDAr:53.5] [B33-B1:PCDAr:51.5] [B26-B1:PCDAr:54.3]
9297,151,0x0097,SV AZ EL,116,,(27) [G10 310 18] [G12 228 37] [G13 148 34] [G14 54 10] [G15 194 56] [G17 62 33] [G19 96 40] [G22 52 30] [G23 272 23] [G24 312 72] [G25 234 3] [R1 292 54] [R2 334 13] [R8 196 42] [R9 62 9] [R11 288 59] [R12 254 8] [R20 92 16] [B10 54 29] [B14 244 47] [B24 276 58] [B26 58 64] [B33 284 42] [B35 108 24] [E4 296 55] [E19 168 53] [E21 54 65]
9297,117,0x0075,GLO BIASES,17,,L1C: 0.00 m | L1P: 0.00 m | L2C: 0.00 m | L2P: 0.00 m
9297,65535,0xFFFF,HEARTBEAT,12,,ANT OK | NAP OK | IO OK | SYS OK
9297,258,0x0102,GPS TIME,19,391251.500,Wk: 2293 | TOW ns: -74 | GNSS
9297,259,0x0103,UTC TIME,24,391251.500,2023-12-21 12:40:33.499 (GNSS) | UTC Offset: Decoded
9297,522,0x020A,POS LLA,42,391251.500,RTK Fixed | Lat: 45.5011054 deg | Lon: 9.1560316 deg | Alt: 173.173 m | Used SVs: 15
9297,526,0x020E,VEL NED,30,391251.500,Comp. Doppler | COG: 350.54 deg | SOG: 0.02 m/s | Horiz Vel: 0.02 m/s | Vert Vel: 0.01 m/s | EHVE: 0.09 m/s | EVVE: 0.09 m/s
9297,520,0x0208,DOPS,23,391251.500,HDOP: 0.8 | PDOP: 1.6
9297,524,0x020C,BASELINE NED,30,391251.500,RTK Fixed | N: 47.185 m | E: -198.651 m | D: 13.606 m | Baseline: 204.631 m
9297,528,0x0210,CORR AGE,14,391251.500,2.5 s
9297,65282,0xFF02,DGNSS STATUS,12,,RTK | Signals: 15 | Latency: 2.5 s | ""
9297,97,0x0061,MEAS STATE,245,,Total SVs: 23 | L1: 9 | L2: 6 | G1: 5 | G2: 4 | E1: 3 | E2: 3 | B1: 6 | B2: 2 | SBAS: 1
9297,258,0x0102,GPS TIME,19,391251.600,Wk: 2293 | TOW ns: -75 | GNSS
9297,259,0x0103,UTC TIME,24,391251.600,2023-12-21 12:40:33.599 (GNSS) | UTC Offset: Decoded
9297,522,0x020A,POS LLA,42,391251.600,RTK Fixed | Lat: 45.5011054 deg | Lon: 9.1560316 deg | Alt: 173.173 m | Used SVs: 15
9297,526,0x020E,VEL NED,30,391251.600,Comp. Doppler | COG: 116.57 deg | SOG: 0.01 m/s | Horiz Vel: 0.01 m/s | Vert Vel: -0.01 m/s | EHVE: 0.09 m/s | EVVE: 0.09 m/s
9297,520,0x0208,DOPS,23,391251.600,HDOP: 0.8 | PDOP: 1.6
9297,524,0x020C,BASELINE NED,30,391251.600,RTK Fixed | N: 47.184 m | E: -198.650 m | D: 13.607 m | Baseline: 204.630 m
9297,528,0x0210,CORR AGE,14,391251.600,2.6 s
9297,65282,0xFF02,DGNSS STATUS,12,,RTK | Signals: 15 | Latency: 2.6 s | ""
9297,258,0x0102,GPS TIME,19,391251.700,Wk: 2293 | TOW ns: -75 | GNSS
9297,259,0x0103,UTC TIME,24,391251.700,2023-12-21 12:40:33.699 (GNSS) | UTC Offset: Decoded
9297,522,0x020A,POS LLA,42,391251.700,RTK Fixed | Lat: 45.5011054 deg | Lon: 9.1560316 deg | Alt: 173.169 m | Used SVs: 15
9297,526,0x020E,VEL NED,30,391251.700,Comp. Doppler | COG: 104.04 deg | SOG: 0.02 m/s | Horiz Vel: 0.01 m/s | Vert Vel: -0.02 m/s | EHVE: 0.09 m/s | EVVE: 0.09 m/s
9297,520,0x0208,DOPS,23,391251.700,HDOP: 0.8 | PDOP: 1.6
9297,524,0x020C,BASELINE NED,30,391251.700,RTK Fixed | N: 47.184 m | E: -198.649 m | D: 13.611 m | Baseline: 204.629 m
9297,528,0x0210,CORR AGE,14,391251.700,1.7 s
9297,65282,0xFF02,DGNSS STATUS,12,,RTK | Signals: 15 | Latency: 1.7 s | ""
9297,258,0x0102,GPS TIME,19,391251.800,Wk: 2293 | TOW ns: -76 | GNSS
9297,259,0x0103,UTC TIME,24,391251.800,2023-12-21 12:40:33.799 (GNSS) | UTC Offset: Decoded
9297,522,0x020A,POS LLA,42,391251.800,RTK Fixed | Lat: 45.5011054 deg | Lon: 9.1560316 deg | Alt: 173.170 m | Used SVs: 15
9297,526,0x020E,VEL NED,30,391251.800,Comp. Doppler | COG: 192.09 deg | SOG: 0.02 m/s | Horiz Vel: 0.01 m/s | Vert Vel: 0.01 m/s | EHVE: 0.09 m/s | EVVE: 0.09 m/s
9297,520,0x0208,DOPS,23,391251.800,HDOP: 0.8 | PDOP: 1.6
9297,524,0x020C,BASELINE NED,30,391251.800,RTK Fixed | N: 47.182 m | E: -198.649 m | D: 13.610 m | Baseline: 204.628 m
9297,528,0x0210,CORR AGE,14,391251.800,1.8 s
9297,65282,0xFF02,DGNSS STATUS,12,,RTK | Signals: 15 | Latency: 1.8 s | ""
9297,258,0x0102,GPS TIME,19,391251.900,Wk: 2293 | TOW ns: -77 | GNSS
9297,259,0x0103,UTC TIME,24,391251.900,2023-12-21 12:40:33.899 (GNSS) | UTC Offset: Decoded
9297,522,0x020A,POS LLA,42,391251.900,RTK Fixed | Lat: 45.5011054 deg | Lon: 9.1560316 deg | Alt: 173.169 m | Used SVs: 15
9297,526,0x020E,VEL NED,30,391251.900,Comp. Doppler | COG: 0.00 deg | SOG: 0.01 m/s | Horiz Vel: 0.01 m/s | Vert Vel: -0.01 m/s | EHVE: 0.09 m/s | EVVE: 0.09 m/s
9297,520,0x0208,DOPS,23,391251.900,HDOP: 0.8 | PDOP: 1.6
9297,524,0x020C,BASELINE NED,30,391251.900,RTK Fixed | N: 47.184 m | E: -198.649 m | D: 13.611 m | Baseline: 204.629 m
9297,528,0x0210,CORR AGE,14,391251.900,1.9 s
9297,65282,0xFF02,DGNSS STATUS,12,,RTK | Signals: 15 | Latency: 1.9 s | ""
9297,74,0x004A,OBS,257,391252.000,Msg 1 of 3 (14) [G12-L1CA:PCDAr:45.3] [G10-L1CA:PCDAr:44.3] [G13-L1CA:PCDAr:43.0] [G15-L1CA:PCDAr:48.8] [G17-L1CA:PCDAr:48.0] [G19-L1CA:PCDAr:46.5] [G22-L1CA:PCDAr:49.5] [G24-L1CA:PCDAr:53.3] [G23-L1CA:PCDAr:45.8] [G24-L2CM:PCDAr:49.8] [G15-L2CM:PCDAr:43.5] [G17-L2CM:PCDAr:44.3] [G12-L2CM:PCDAr:43.0] [G23-L2CM:PCDAr:43.8]
9297,74,0x004A,OBS,257,391252.000,Msg 2 of 3 (14) [G10-L2CM:PCDAr:47.0] [R11-L1OF:PCDAr:56.5] [R2-L1OF:PCDAr:52.0] [R1-L1OF:PCDAr:51.3] [R8-L1OF:PCDAr:44.5] [R20-L1OF:PCDAr:31.5] [R2-L2OF:PCDAr:42.0] [R11-L2OF:PCDAr:51.8] [R1-L2OF:PCDAr:44.3] [R8-L2OF:PCDAr:43.0] [B24-B1:PCDAr:53.5] [B10-B1:PCDAr:45.3] [B26-B1:PCDAr:52.8] [B33-B1:PCDAr:52.3]
9297,74,0x004A,OBS,189,391252.000,Msg 3 of 3 (10) [B35-B1:PCDAr:39.8] [B14-B1:PCDAr:47.5] [B10-B2:PCDAr:44.8] [B14-B2:PCDAr:50.8] [E4-E1B:PCDAr:51.5] [E19-E1B:PCDAr:41.8] [E21-E1B:PCDAr:51.5] [E4-E7I:PCDAr:51.3] [E19-E7I:PCDAr:39.8] [E21-E7I:PCDAr:50.8]
9297,117,0x0075,GLO BIASES,17,,L1C: 0.00 m | L1P: 0.00 m | L2C: 0.00 m | L2P: 0.00 m
9297,258,0x0102,GPS TIME,19,391252.000,Wk: 2293 | TOW ns: -78 | GNSS
9297,259,0x0103,UTC TIME,24,391252.000,2023-12-21 12:40:33.999 (GNSS) | UTC Offset: Decoded
9297,522,0x020A,POS LLA,42,391252.000,RTK Fixed | Lat: 45.5011054 deg | Lon: 9.1560316 deg | Alt: 173.169 m | Used SVs: 15
9297,526,0x020E,VEL NED,30,391252.000,Comp. Doppler | COG: 0.00 deg | SOG: 0.01 m/s | Horiz Vel: 0.00 m/s | Vert Vel: 0.01 m/s | EHVE: 0.09 m/s | EVVE: 0.09 m/s
9297,520,0x0208,DOPS,23,391252.000,HDOP: 0.8 | PDOP: 1.6
9297,524,0x020C,BASELINE NED,30,391252.000,RTK Fixed | N: 47.184 m | E: -198.649 m | D: 13.610 m | Baseline: 204.629 m
9297,528,0x0210,CORR AGE,14,391252.000,2.0 s
9297,65282,0xFF02,DGNSS STATUS,12,,RTK | Signals: 15 | Latency: 2.0 s | ""
9297,97,0x0061,MEAS STATE,245,,Total SVs: 19 | L1: 9 | L2: 6 | G1: 0 | G2: 0 | E1: 3 | E2: 3 | B1: 6 | B2: 2 | SBAS: 1
9297,258,0x0102,GPS TIME,19,391252.100,Wk: 2293 | TOW ns: -71 | GNSS
9297,259,0x0103,UTC TIME,24,391252.100,2023-12-21 12:40:34.099 (GNSS) | UTC Offset: Decoded
9297,522,0x020A,POS LLA,42,391252.100,RTK Fixed | Lat: 45.5011054 deg | Lon: 9.1560316 deg | Alt: 173.169 m | Used SVs: 15
9297,526,0x020E,VEL NED,30,391252.100,Comp. Doppler | COG: 154.44 deg | SOG: 0.03 m/s | Horiz Vel: 0.03 m/s | Vert Vel: 0.00 m/s | EHVE: 0.09 m/s | EVVE: 0.09 m/s
9297,520,0x0208,DOPS,23,391252.100,HDOP: 0.8 | PDOP: 1.6
9297,524,0x020C,BASELINE NED,30,391252.100,RTK Fixed | N: 47.182 m | E: -198.648 m | D: 13.610 m | Baseline: 204.627 m
9297,528,0x0210,CORR AGE,14,391252.100,2.1 s
9297,65282,0xFF02,DGNSS STATUS,12,,RTK | Signals: 15 | Latency: 2.1 s | ""
9297,258,0x0102,GPS TIME,19,391252.200,Wk: 2293 | TOW ns: -72 | GNSS
9297,259,0x0103,UTC TIME,24,391252.200,2023-12-21 12:40:34.199 (GNSS) | UTC Offset: Decoded
9297,522,0x020A,POS LLA,42,391252.200,RTK Fixed | Lat: 45.5011054 deg | Lon: 9.1560316 deg | Alt: 173.171 m | Used SVs: 15
9297,526,0x020E,VEL NED,30,391252.200,Comp. Doppler | COG: 165.96 deg | SOG: 0.02 m/s | Horiz Vel: 0.00 m/s | Vert Vel: 0.02 m/s | EHVE: 0.09 m/s | EVVE: 0.09 m/s
9297,520,0x0208,DOPS,23,391252.200,HDOP: 0.8 | PDOP: 1.6
9297,524,0x020C,BASELINE NED,30,391252.200,RTK Fixed | N: 47.182 m | E: -198.648 m | D: 13.609 m | Baseline: 204.627 m
9297,528,0x0210,CORR AGE,14,391252.200,2.2 s
9297,65282,0xFF02,DGNSS STATUS,12,,RTK | Signals: 15 | Latency: 2.2 s | ""
0,74,0x004A,OBS,257,391251.000,Msg 3 of 3 (14) [B14-B1:PCDAr:49.0] [B10-B1:PCDAr:42.8] [B29-B1:PCDAr:46.3] [B10-B2:PCDAr:45.8] [B7-B2:PCDAr:41.0] [B14-B2:PCDAr:52.8] [E4-E1B:PCDAr:51.0] [E27-E1B:PCDAr:42.5] [E19-E1B:PCDAr:46.0] [E21-E1B:PCDAr:52.0] [E4-E7I:PCDAr:53.0] [E21-E7I:PCDAr:53.5] [E27-E7I:PCDAr:42.0] [E19-E7I:PCDAr:47.5]
0,72,0x0048,BASE POS ECEF,32,,X: 4421114.209 m | Y: 712784.166 m | Z: 4526655.471 m (Lat: 45.5006809 deg | Lon: 9.1585732 deg | Alt: 186.776 m)
0,74,0x004A,OBS,257,391252.000,Msg 1 of 3 (14) [G10-L1CA:PCDAr:43.3] [G23-L1CA:PCDAr:47.0] [G15-L1CA:PCDAr:53.5] [G13-L1CA:PCDAr:50.3] [G14-L1CA:PCDAr:44.5] [G19-L1CA:PCDAr:52.0] [G24-L1CA:PCDAr:54.5] [G22-L1CA:PCDAr:49.3] [G17-L1CA:PCDAr:49.3] [G12-L1CA:PCDAr:52.3] [G10-L2CM:PCDAr:44.5] [G23-L2CM:PCDAr:44.5] [G24-L2CM:PCDAr:52.3] [G15-L2CM:PCDAr:48.5]
0,74,0x004A,OBS,257,391252.000,Msg 2 of 3 (14) [G14-L2CM:PCDAr:40.3] [G17-L2CM:PCDAr:45.8] [G12-L2CM:PCDAr:46.0] [R1-L1OF:PCDAr:51.8] [R8-L1OF:PCDAr:49.0] [R11-L1OF:PCDAr:56.5] [R10-L1OF:PCDAr:50.5] [R11-L2OF:PCDAr:51.8] [R1-L2OF:PCDAr:44.8] [B7-B1:PCDAr:42.5] [B35-B1:PCDAr:46.0] [B24-B1:PCDAr:53.5] [B33-B1:PCDAr:51.5] [B26-B1:PCDAr:54.3]
9297,30583,0x7777,SBAS RAW,42,,
9297,258,0x0102,GPS TIME,19,391252.300,Wk: 2293 | TOW ns: -73 | GNSS
9297,259,0x0103,UTC TIME,24,391252.300,2023-12-21 12:40:34.299 (GNSS) | UTC Offset: Decoded
9297,522,0x020A,POS LLA,42,391252.300,RTK Fixed | Lat: 45.5011054 deg | Lon: 9.1560316 deg | Alt: 173.169 m | Used SVs: 15
9297,526,0x020E,VEL NED,30,391252.300,Comp. Doppler | COG: 18.43 deg | SOG: 0.01 m/s | Horiz Vel: 0.00 m/s | Vert Vel: -0.00 m/s | EHVE: 0.09 m/s | EVVE: 0.09 m/s
9297,520,0x0208,DOPS,23,391252.300,HDOP: 0.8 | PDOP: 1.6
9297,524,0x020C,BASELINE NED,30,391252.300,RTK Fixed | N: 47.182 m | E: -198.648 m | D: 13.610 m | Baseline: 204.627 m
9297,528,0x0210,CORR AGE,14,391252.300,2.3 s
9297,65282,0xFF02,DGNSS STATUS,12,,RTK | Signals: 15 | Latency: 2.3 s | ""
9297,258,0x0102,GPS TIME,19,391252.400,Wk: 2293 | TOW ns: -73 | GNSS
9297,259,0x0103,UTC TIME,24,391252.400,2023-12-21 12:40:34.399 (GNSS) | UTC Offset: Decoded
9297,522,0x020A,POS LLA,42,391252.400,RTK Fixed | Lat: 45.5011054 deg | Lon: 9.1560316 deg | Alt: 173.170 m | Used SVs: 15
9297,526,0x020E,VEL NED,30,391252.400,Comp. Doppler | COG: 155.22 deg | SOG: 0.02 m/s | Horiz Vel: 0.01 m/s | Vert Vel: 0.01 m/s | EHVE: 0.09 m/s | EVVE: 0.09 m/s
9297,520,0x0208,DOPS,23,391252.400,HDOP: 0.8 | PDOP: 1.6
9297,524,0x020C,BASELINE NED,30,391252.400,RTK Fixed | N: 47.180 m | E: -198.648 m | D: 13.610 m | Baseline: 204.627 m
9297,528,0x0210,CORR AGE,14,391252.400,2.4 s
9297,65282,0xFF02,DGNSS STATUS,12,,RTK | Signals: 15 | Latency: 2.4 s | ""
9297,151,0x0097,SV AZ EL,116,,(27) [G10 310 18] [G12 228 37] [G13 148 34] [G14 54 10] [G15 194 56] [G17 62 33] [G19 96 40] [G22 52 30] [G23 272 23] [G24 312 72] [G25 234 3] [R1 292 54] [R2 334 13] [R8 196 42] [R9 62 9] [R11 288 59] [R12 254 8] [R20 92 16] [B10 54 29] [B14 244 47] [B24 276 58] [B26 58 64] [B33 284 42] [B35 108 24] [E4 296 55] [E19 168 53] [E21 54 65]
9297,117,0x0075,GLO BIASES,17,,L1C: 0.00 m | L1P: 0.00 m | L2C: 0.00 m | L2P: 0.00 m
9297,65535,0xFFFF,HEARTBEAT,12,,ANT OK | NAP OK | IO OK | SYS OK
9297,23,0x0017,THREAD STATE,34,,main | 0.0 % | 65532 B
9297,23,0x0017,THREAD STATE,34,,idle | 1.5 % | 124 B
9297,23,0x0017,THREAD STATE,34,,rpmsg | 0.2 % | 3580 B
9297,23,0x0017,THREAD STATE,34,,rpmsg_imu | 0.0 % | 3644 B
9297,23,0x0017,THREAD STATE,34,,SBP | 0.0 % | 65532 B
9297,23,0x0017,THREAD STATE,34,,NAP | 0.0 % | 32812 B
9297,23,0x0017,THREAD STATE,34,,manage PV | 0.0 % | 1004 B
9297,23,0x0017,THREAD STATE,34,,IMU | 0.0 % | 2044 B
9297,23,0x0017,THREAD STATE,34,,IMU aux | 0.0 % | 2164 B
9297,23,0x0017,THREAD STATE,34,,ndb | 0.0 % | 3176 B
9297,23,0x0017,THREAD STATE,34,,NAP Tracking | 27.1 % | 30476 B
9297,23,0x0017,THREAD STATE,34,,decode | 0.6 % | 1588 B
9297,23,0x0017,THREAD STATE,34,,manage acq | 28.1 % | 30452 B
9297,23,0x0017,THREAD STATE,34,,system monitor | 0.1 % | 1548 B
9297,23,0x0017,THREAD STATE,34,,Watchdog | 0.0 % | 1108 B
9297,23,0x0017,THREAD STATE,34,,starling | 32.6 % | 65532 B
9297,23,0x0017,THREAD STATE,34,,time matched obs | 8.9 % | 65532 B
9297,23,0x0017,THREAD STATE,34,,me_calc_pvt | 0.8 % | 18804 B
9297,23,0x0017,THREAD STATE,34,,PPS | 0.0 % | 1840 B
9297,23,0x0017,THREAD STATE,34,,spectrum analyzer | 0.0 % | 4044 B
9297,181,0x00B5,DEVICE MONITOR,18,,Vin: 5.91 V | Tcpu: 36.2 C | Trf: 33.9 C
9297,258,0x0102,GPS TIME,19,391252.500,Wk: 2293 | TOW ns: -74 | GNSS
9297,259,0x0103,UTC TIME,24,391252.500,2023-12-21 12:40:34.499 (GNSS) | UTC Offset: Decoded
9297,522,0x020A,POS LLA,42,391252.500,RTK Fixed | Lat: 45.5011054 deg | Lon: 9.1560316 deg | Alt: 173.171 m | Used SVs: 15
9297,526,0x020E,VEL NED,30,391252.500,Comp. Doppler | COG: 270.00 deg | SOG: 0.00 m/s | Horiz Vel: 0.00 m/s | Vert Vel: 0.00 m/s | EHVE: 0.09 m/s | EVVE: 0.09 m/s
9297,520,0x0208,DOPS,23,391252.500,HDOP: 0.8 | PDOP: 1.6
9297,524,0x020C,BASELINE NED,30,391252.500,RTK Fixed | N: 47.184 m | E: -198.650 m | D: 13.609 m | Baseline: 204.630 m
9297,528,0x0210,CORR AGE,14,391252.500,1.5 s
9297,65282,0xFF02,DGNSS STATUS,12,,RTK | Signals: 15 | Latency: 1.5 s | ""
9297,97,0x0061,MEAS STATE,245,,Total SVs: 23 | L1: 9 | L2: 6 | G1: 5 | G2: 4 | E1: 3 | E2: 3 | B1: 6 | B2: 2 | SBAS: 1
9297,258,0x0102,GPS TIME,19,391252.600,Wk: 2293 | TOW ns: -75 | GNSS
9297,259,0x0103,UTC TIME,24,391252.600,2023-12-21 12:40:34.599 (GNSS) | UTC Offset: Decoded
9297,522,0x020A,POS LLA,42,391252.600,RTK Fixed | Lat: 45.5011054 deg | Lon: 9.1560316 deg | Alt: 173.170 m | Used SVs: 15
9297,526,0x020E,VEL NED,30,391252.600,Comp. Doppler | COG: 45.00 deg | SOG: 0.01 m/s | Horiz Vel: 0.00 m/s | Vert Vel: -0.01 m/s | EHVE: 0.09 m/s | EVVE: 0.09 m/s
9297,520,0x0208,DOPS,23,391252.600,HDOP: 0.8 | PDOP: 1.6
9297,524,0x020C,BASELINE NED,30,391252.600,RTK Fixed | N: 47.184 m | E: -198.649 m | D: 13.610 m | Baseline: 204.629 m
9297,528,0x0210,CORR AGE,14,391252.600,1.6 s
9297,65282,0xFF02,DGNSS STATUS,12,,RTK | Signals: 15 | Latency: 1.6 s | ""
9297,258,0x0102,GPS TIME,19,391252.700,Wk: 2293 | TOW ns: -75 | GNSS
9297,259,0x0103,UTC TIME,24,391252.700,2023-12-21 12:40:34.699 (GNSS) | UTC Offset: Decoded
9297,522,0x020A,POS LLA,42,391252.700,RTK Fixed | Lat: 45.5011054 deg | Lon: 9.1560316 deg | Alt: 173.170 m | Used SVs: 15
9297,526,0x020E,VEL NED,30,391252.700,Comp. Doppler | COG: 161.57 deg | SOG: 0.01 m/s | Horiz Vel: 0.01 m/s | Vert Vel: 0.00 m/s | EHVE: 0.09 m/s | EVVE: 0.09 m/s
9297,520,0x0208,DOPS,23,391252.700,HDOP: 0.8 | PDOP: 1.6
9297,524,0x020C,BASELINE NED,30,391252.700,RTK Fixed | N: 47.183 m | E: -198.650 m | D: 13.610 m | Baseline: 204.630 m
9297,528,0x0210,CORR AGE,14,391252.700,1.7 s
9297,65282,0xFF02,DGNSS STATUS,12,,RTK | Signals: 15 | Latency: 1.7 s | ""
9297,258,0x0102,GPS TIME,19,391252.800,Wk: 2293 | TOW ns: -76 | GNSS
9297,259,0x0103,UTC TIME,24,391252.800,2023-12-21 12:40:34.799 (GNSS) | UTC Offset: Decoded
9297,522,0x020A,POS LLA,42,391252.800,RTK Fixed | Lat: 45.5011054 deg | Lon: 9.1560316 deg | Alt: 173.171 m | Used SVs: 15
9297,526,0x020E,VEL NED,30,391252.800,Comp. Doppler | COG: 138.37 deg | SOG: 0.02 m/s | Horiz Vel: 0.01 m/s | Vert Vel: 0.01 m/s | EHVE: 0.09 m/s | EVVE: 0.09 m/s
9297,520,0x0208,DOPS,23,391252.800,HDOP: 0.8 | PDOP: 1.6
9297,524,0x020C,BASELINE NED,30,391252.800,RTK Fixed | N: 47.182 m | E: -198.649 m | D: 13.609 m | Baseline: 204.628 m
9297,528,0x0210,CORR AGE,14,391252.800,1.8 s
9297,65282,0xFF02,DGNSS STATUS,12,,RTK | Signals: 15 | Latency: 1.8 s | ""
9297,258,0x0102,GPS TIME,19,391252.900,Wk: 2293 | TOW ns: -77 | GNSS
9297,259,0x0103,UTC TIME,24,391252.900,2023-12-21 12:40:34.899 (GNSS) | UTC Offset: Decoded
9297,522,0x020A,POS LLA,42,391252.900,RTK Fixed | Lat: 45.5011054 deg | Lon: 9.1560316 deg | Alt: 173.170 m | Used SVs: 15
9297,526,0x020E,VEL NED,30,391252.900,Comp. Doppler | COG: 338.20 deg | SOG: 0.01 m/s | Horiz Vel: 0.01 m/s | Vert Vel: -0.00 m/s | EHVE: 0.09 m/s | EVVE: 0.09 m/s
9297,520,0x0208,DOPS,23,391252.900,HDOP: 0.8 | PDOP: 1.6
9297,524,0x020C,BASELINE NED,30,391252.900,RTK Fixed | N: 47.183 m | E: -198.650 m | D: 13.609 m | Baseline: 204.630 m
9297,528,0x0210,CORR AGE,14,391252.900,1.9 s
9297,65282,0xFF02,DGNSS STATUS,12,,RTK | Signals: 15 | Latency: 1.9 s | ""
9297,74,0x004A,OBS,257,391253.000,Msg 1 of 3 (14) [G12-L1CA:PCDAr:44.5] [G10-L1CA:PCDAr:44.0] [G13-L1CA:PCDAr:42.5] [G15-L1CA:PCDAr:48.3] [G17-L1CA:PCDAr:47.5] [G19-L1CA:PCDAr:46.3] [G22-L1CA:PCDAr:49.0] [G24-L1CA:PCDAr:52.8] [G23-L1CA:PCDAr:45.3] [G24-L2CM:PCDAr:49.8] [G15-L2CM:PCDAr:43.5] [G17-L2CM:PCDAr:44.3] [G12-L2CM:PCDAr:42.8] [G23-L2CM:PCDAr:43.5]
9297,74,0x004A,OBS,257,391253.000,Msg 2 of 3 (14) [G10-L2CM:PCDAr:46.8] [R11-L1OF:PCDAr:56.8] [R2-L1OF:PCDAr:52.5] [R1-L1OF:PCDAr:51.5] [R8-L1OF:PCDAr:45.0] [R20-L1OF:PCDAr:32.3] [R2-L2OF:PCDAr:41.8] [R11-L2OF:PCDAr:51.5] [R1-L2OF:PCDAr:44.3] [R8-L2OF:PCDAr:42.3] [B24-B1:PCDAr:53.5] [B10-B1:PCDAr:45.0] [B26-B1:PCDAr:52.8] [B33-B1:PCDAr:52.0]
9297,74,0x004A,OBS,189,391253.000,Msg 3 of 3 (10) [B35-B1:PCDAr:39.0] [B14-B1:PCDAr:47.5] [B10-B2:PCDAr:44.3] [B14-B2:PCDAr:50.8] [E4-E1B:PCDAr:51.5] [E19-E1B:PCDAr:41.8] [E21-E1B:PCDAr:51.3] [E4-E7I:PCDAr:51.3] [E19-E7I:PCDAr:40.0] [E21-E7I:PCDAr:51.0]
9297,117,0x0075,GLO BIASES,17,,L1C: 0.00 m | L1P: 0.00 m | L2C: 0.00 m | L2P: 0.00 m
9297,258,0x0102,GPS TIME,19,391253.000,Wk: 2293 | TOW ns: -77 | GNSS
9297,259,0x0103,UTC TIME,24,391253.000,2023-12-21 12:40:34.999 (GNSS) | UTC Offset: Decoded
9297,522,0x020A,POS LLA,42,391253.000,RTK Fixed | Lat: 45.5011054 deg | Lon: 9.1560316 deg | Alt: 173.170 m | Used SVs: 15
9297,526,0x020E,VEL NED,30,391253.000,Comp. Doppler | COG: 183.58 deg | SOG: 0.02 m/s | Horiz Vel: 0.02 m/s | Vert Vel: -0.00 m/s | EHVE: 0.09 m/s | EVVE: 0.09 m/s
9297,520,0x0208,DOPS,23,391253.000,HDOP: 0.8 | PDOP: 1.6
9297,524,0x020C,BASELINE NED,30,391253.000,RTK Fixed | N: 47.182 m | E: -198.650 m | D: 13.610 m | Baseline: 204.629 m
9297,528,0x0210,CORR AGE,14,391253.000,2.0 s
9297,65282,0xFF02,DGNSS STATUS,12,,RTK | Signals: 15 | Latency: 2.0 s | ""
0,74,0x004A,OBS,257,391252.000,Msg 3 of 3 (14) [B14-B1:PCDAr:49.0] [B10-B1:PCDAr:42.8] [B29-B1:PCDAr:46.3] [B10-B2:PCDAr:45.8] [B7-B2:PCDAr:41.3] [B14-B2:PCDAr:52.8] [E4-E1B:PCDAr:51.0] [E27-E1B:PCDAr:42.3] [E19-E1B:PCDAr:45.8] [E21-E1B:PCDAr:52.0] [E4-E7I:PCDAr:53.0] [E21-E7I:PCDAr:53.5] [E27-E7I:PCDAr:42.0] [E19-E7I:PCDAr:47.8]
0,72,0x0048,BASE POS ECEF,32,,X: 4421114.209 m | Y: 712784.166 m | Z: 4526655.471 m (Lat: 45.5006809 deg | Lon: 9.1585732 deg | Alt: 186.776 m)
9297,97,0x0061,MEAS STATE,245,,Total SVs: 19 | L1: 9 | L2: 6 | G1: 0 | G2: 0 | E1: 3 | E2: 3 | B1: 6 | B2: 2 | SBAS: 1
9297,258,0x0102,GPS TIME,19,391253.100,Wk: 2293 | TOW ns: -78 | GNSS
9297,259,0x0103,UTC TIME,24,391253.100,2023-12-21 12:40:35.099 (GNSS) | UTC Offset: Decoded
9297,522,0x020A,POS LLA,42,391253.100,RTK Fixed | Lat: 45.5011054 deg | Lon: 9.1560316 deg | Alt: 173.168 m | Used SVs: 15
9297,526,0x020E,VEL NED,30,391253.100,Comp. Doppler | COG: 77.47 deg | SOG: 0.02 m/s | Horiz Vel: 0.01 m/s | Vert Vel: -0.01 m/s | EHVE: 0.09 m/s | EVVE: 0.09 m/s
9297,520,0x0208,DOPS,23,391253.100,HDOP: 0.8 | PDOP: 1.6
9297,524,0x020C,BASELINE NED,30,391253.100,RTK Fixed | N: 47.182 m | E: -198.649 m | D: 13.612 m | Baseline: 204.629 m
9297,528,0x0210,CORR AGE,14,391253.100,2.1 s
9297,65282,0xFF02,DGNSS STATUS,12,,RTK | Signals: 15 | Latency: 2.1 s | ""
0,74,0x004A,OBS,257,391253.000,Msg 1 of 3 (14) [G10-L1CA:PCDAr:43.0] [G23-L1CA:PCDAr:46.5] [G15-L1CA:PCDAr:53.3] [G13-L1CA:PCDAr:50.0] [G14-L1CA:PCDAr:44.0] [G19-L1CA:PCDAr:51.8] [G24-L1CA:PCDAr:54.3] [G22-L1CA:PCDAr:48.8] [G17-L1CA:PCDAr:49.0] [G12-L1CA:PCDAr:52.0] [G10-L2CM:PCDAr:44.8] [G23-L2CM:PCDAr:44.3] [G24-L2CM:PCDAr:52.3] [G15-L2CM:PCDAr:48.5]
0,74,0x004A,OBS,257,391253.000,Msg 2 of 3 (14) [G14-L2CM:PCDAr:40.5] [G17-L2CM:PCDAr:45.8] [G12-L2CM:PCDAr:46.3] [R1-L1OF:PCDAr:51.8] [R8-L1OF:PCDAr:49.0] [R11-L1OF:PCDAr:56.5] [R10-L1OF:PCDAr:50.5] [R11-L2OF:PCDAr:51.8] [R1-L2OF:PCDAr:44.8] [B7-B1:PCDAr:42.3] [B35-B1:PCDAr:45.8] [B24-B1:PCDAr:53.3] [B33-B1:PCDAr:51.3] [B26-B1:PCDAr:54.0]
9297,258,0x0102,GPS TIME,19,391253.200,Wk: 2293 | TOW ns: -72 | GNSS
9297,259,0x0103,UTC TIME,24,391253.200,2023-12-21 12:40:35.199 (GNSS) | UTC Offset: Decoded
9297,522,0x020A,POS LLA,42,391253.200,RTK Fixed | Lat: 45.5011054 deg | Lon: 9.1560316 deg | Alt: 173.169 m | Used SVs: 15
9297,526,0x020E,VEL NED,30,391253.200,Comp. Doppler | COG: 201.80 deg | SOG: 0.01 m/s | Horiz Vel: 0.01 m/s | Vert Vel: 0.01 m/s | EHVE: 0.09 m/s | EVVE: 0.09 m/s
9297,520,0x0208,DOPS,23,391253.200,HDOP: 0.8 | PDOP: 1.6
9297,524,0x020C,BASELINE NED,30,391253.200,RTK Fixed | N: 47.182 m | E: -198.649 m | D: 13.610 m | Baseline: 204.628 m
9297,528,0x0210,CORR AGE,14,391253.200,2.2 s
9297,65282,0xFF02,DGNSS STATUS,12,,RTK | Signals: 15 | Latency: 2.2 s | ""
9297,258,0x0102,GPS TIME,19,391253.300,Wk: 2293 | TOW ns: -72 | GNSS
9297,259,0x0103,UTC TIME,24,391253.300,2023-12-21 12:40:35.299 (GNSS) | UTC Offset: Decoded
9297,522,0x020A,POS LLA,42,391253.300,RTK Fixed | Lat: 45.5011054 deg | Lon: 9.1560316 deg | Alt: 173.170 m | Used SVs: 15
9297,526,0x020E,VEL NED,30,391253.300,Comp. Doppler | COG: 341.57 deg | SOG: 0.01 m/s | Horiz Vel: 0.01 m/s | Vert Vel: 0.01 m/s | EHVE: 0.09 m/s | EVVE: 0.09 m/s
9297,520,0x0208,DOPS,23,391253.300,HDOP: 0.8 | PDOP: 1.6
9297,524,0x020C,BASELINE NED,30,391253.300,RTK Fixed | N: 47.184 m | E: -198.649 m | D: 13.609 m | Baseline: 204.629 m
9297,528,0x0210,CORR AGE,14,391253.300,1.3 s
9297,65282,0xFF02,DGNSS STATUS,12,,RTK | Signals: 15 | Latency: 1.3 s | ""
9297,30583,0x7777,SBAS RAW,42,,
9297,258,0x0102,GPS TIME,19,391253.400,Wk: 2293 | TOW ns: -73 | GNSS
9297,259,0x0103,UTC TIME,24,391253.400,2023-12-21 12:40:35.399 (GNSS) | UTC Offset: Decoded
9297,522,0x020A,POS LLA,42,391253.400,RTK Fixed | Lat: 45.5011054 deg | Lon: 9.1560316 deg | Alt: 173.171 m | Used SVs: 15
9297,526,0x020E,VEL NED,30,391253.400,Comp. Doppler | COG: 177.27 deg | SOG: 0.02 m/s | Horiz Vel: 0.02 m/s | Vert Vel: 0.00 m/s | EHVE: 0.09 m/s | EVVE: 0.09 m/s
9297,520,0x0208,DOPS,23,391253.400,HDOP: 0.8 | PDOP: 1.6
9297,524,0x020C,BASELINE NED,30,391253.400,RTK Fixed | N: 47.181 m | E: -198.649 m | D: 13.609 m | Baseline: 204.628 m
9297,528,0x0210,CORR AGE,14,391253.400,1.4 s
9297,65282,0xFF02,DGNSS STATUS,12,,RTK | Signals: 15 | Latency: 1.4 s | ""
9297,151,0x0097,SV AZ EL,116,,(27) [G10 310 18] [G12 228 37] [G13 148 34] [G14 54 10] [G15 194 56] [G17 62 33] [G19 96 40] [G22 52 30] [G23 272 23] [G24 312 72] [G25 234 3] [R1 292 54] [R2 334 13] [R8 196 42] [R9 62 9] [R11 288 59] [R12 254 8] [R20 92 16] [B10 54 29] [B14 244 47] [B24 276 58] [B26 58 64] [B33 284 42] [B35 108 24] [E4 296 55] [E19 168 53] [E21 54 65]
9297,117,0x0075,GLO BIASES,17,,L1C: 0.00 m | L1P: 0.00 m | L2C: 0.00 m | L2P: 0.00 m
9297,65535,0xFFFF,HEARTBEAT,12,,ANT OK | NAP OK | IO OK | SYS OK
9297,258,0x0102,GPS TIME,19,391253.500,Wk: 2293 | TOW ns: -74 | GNSS
9297,259,0x0103,UTC TIME,24,391253.500,2023-12-21 12:40:35.499 (GNSS) | UTC Offset: Decoded
9297,522,0x020A,POS LLA,42,391253.500,RTK Fixed | Lat: 45.5011054 deg | Lon: 9.1560316 deg | Alt: 173.169 m | Used SVs: 15
9297,526,0x020E,VEL NED,30,391253.500,Comp. Doppler | COG: 327.99 deg | SOG: 0.02 m/s | Horiz Vel: 0.01 m/s | Vert Vel: -0.02 m/s | EHVE: 0.09 m/s | EVVE: 0.09 m/s
9297,520,0x0208,DOPS,23,391253.500,HDOP: 0.8 | PDOP: 1.6
9297,524,0x020C,BASELINE NED,30,391253.500,RTK Fixed | N: 47.183 m | E: -198.650 m | D: 13.610 m | Baseline: 204.630 m
9297,528,0x0210,CORR AGE,14,391253.500,1.5 s
9297,65282,0xFF02,DGNSS STATUS,12,,RTK | Signals: 15 | Latency: 1.5 s | ""
9297,97,0x0061,MEAS STATE,245,,Total SVs: 23 | L1: 9 | L2: 6 | G1: 5 | G2: 4 | E1: 3 | E2: 3 | B1: 6 | B2: 2 | SBAS: 1
9297,258,0x0102,GPS TIME,19,391253.600,Wk: 2293 | TOW ns: -74 | GNSS
9297,259,0x0103,UTC TIME,24,391253.600,2023-12-21 12:40:35.599 (GNSS) | UTC Offset: Decoded
9297,522,0x020A,POS LLA,42,391253.600,RTK Fixed | Lat: 45.5011054 deg | Lon: 9.1560316 deg | Alt: 173.172 m | Used SVs: 15
9297,526,0x020E,VEL NED,30,391253.600,Comp. Doppler | COG: 38.66 deg | SOG: 0.03 m/s | Horiz Vel: 0.01 m/s | Vert Vel: 0.03 m/s | EHVE: 0.09 m/s | EVVE: 0.09 m/s
9297,520,0x0208,DOPS,23,391253.600,HDOP: 0.8 | PDOP: 1.6
9297,524,0x020C,BASELINE NED,30,391253.600,RTK Fixed | N: 47.183 m | E: -198.650 m | D: 13.608 m | Baseline: 204.630 m
9297,528,0x0210,CORR AGE,14,391253.600,1.6 s
9297,65282,0xFF02,DGNSS STATUS,12,,RTK | Signals: 15 | Latency: 1.6 s | ""
9297,258,0x0102,GPS TIME,19,391253.700,Wk: 2293 | TOW ns: -75 | GNSS
9297,259,0x0103,UTC TIME,24,391253.700,2023-12-21 12:40:35.699 (GNSS) | UTC Offset: Decoded
9297,522,0x020A,POS LLA,42,391253.700,RTK Fixed | Lat: 45.5011054 deg | Lon: 9.1560316 deg | Alt: 173.172 m | Used SVs: 15
9297,526,0x020E,VEL NED,30,391253.700,Comp. Doppler | COG: 167.91 deg | SOG: 0.01 m/s | Horiz Vel: 0.01 m/s | Vert Vel: 0.00 m/s | EHVE: 0.09 m/s | EVVE: 0.09 m/s
9297,520,0x0208,DOPS,23,391253.700,HDOP: 0.8 | PDOP: 1.6
9297,524,0x020C,BASELINE NED,30,391253.700,RTK Fixed | N: 47.182 m | E: -198.650 m | D: 13.607 m | Baseline: 204.629 m
9297,528,0x0210,CORR AGE,14,391253.700,1.7 s
9297,65282,0xFF02,DGNSS STATUS,12,,RTK | Signals: 15 | Latency: 1.7 s | ""
9297,258,0x0102,GPS TIME,19,391253.800,Wk: 2293 | TOW ns: -76 | GNSS
9297,259,0x0103,UTC TIME,24,391253.800,2023-12-21 12:40:35.799 (GNSS) | UTC Offset: Decoded
9297,522,0x020A,POS LLA,42,391253.800,RTK Fixed | Lat: 45.5011054 deg | Lon: 9.1560316 deg | Alt: 173.170 m | Used SVs: 15
9297,526,0x020E,VEL NED,30,391253.800,Comp. Doppler | COG: 83.66 deg | SOG: 0.03 m/s | Horiz Vel: 0.01 m/s | Vert Vel: -0.03 m/s | EHVE: 0.09 m/s | EVVE: 0.09 m/s
9297,520,0x0208,DOPS,23,391253.800,HDOP: 0.8 | PDOP: 1.6
9297,524,0x020C,BASELINE NED,30,391253.800,RTK Fixed | N: 47.182 m | E: -198.649 m | D: 13.610 m | Baseline: 204.628 m
9297,528,0x0210,CORR AGE,14,391253.800,1.8 s
9297,65282,0xFF02,DGNSS STATUS,12,,RTK | Signals: 15 | Latency: 1.8 s | ""
9297,258,0x0102,GPS TIME,19,391253.900,Wk: 2293 | TOW ns: -76 | GNSS
9297,259,0x0103,UTC TIME,24,391253.900,2023-12-21 12:40:35.899 (GNSS) | UTC Offset: Decoded
9297,522,0x020A,POS LLA,42,391253.900,RTK Fixed | Lat: 45.5011054 deg | Lon: 9.1560316 deg | Alt: 173.174 m | Used SVs: 15
9297,526,0x020E,VEL NED,30,391253.900,Comp. Doppler | COG: 315.00 deg | SOG: 0.04 m/s | Horiz Vel: 0.01 m/s | Vert Vel: 0.03 m/s | EHVE: 0.09 m/s | EVVE: 0.09 m/s
9297,520,0x0208,DOPS,23,391253.900,HDOP: 0.8 | PDOP: 1.6
9297,524,0x020C,BASELINE NED,30,391253.900,RTK Fixed | N: 47.183 m | E: -198.650 m | D: 13.606 m | Baseline: 204.629 m
9297,528,0x0210,CORR AGE,14,391253.900,1.9 s
9297,65282,0xFF02,DGNSS STATUS,12,,RTK | Signals: 15 | Latency: 1.9 s | ""
9297,74,0x004A,OBS,257,391254.000,Msg 1 of 3 (14) [G12-L1CA:PCDAr:44.5] [G10-L1CA:PCDAr:44.0] [G13-L1CA:PCDAr:42.5] [G15-L1CA:PCDAr:48.3] [G17-L1CA:PCDAr:47.8] [G19-L1CA:PCDAr:46.3] [G22-L1CA:PCDAr:49.0] [G24-L1CA:PCDAr:52.8] [G23-L1CA:PCDAr:45.3] [G24-L2CM:PCDAr:49.8] [G15-L2CM:PCDAr:43.3] [G17-L2CM:PCDAr:44.3] [G12-L2CM:PCDAr:42.8] [G23-L2CM:PCDAr:43.8]
9297,74,0x004A,OBS,257,391254.000,Msg 2 of 3 (14) [G10-L2CM:PCDAr:47.0] [R11-L1OF:PCDAr:56.8] [R2-L1OF:PCDAr:52.5] [R1-L1OF:PCDAr:51.5] [R8-L1OF:PCDAr:45.0] [R20-L1OF:PCDAr:31.8] [R2-L2OF:PCDAr:41.5] [R11-L2OF:PCDAr:51.3] [R1-L2OF:PCDAr:44.0] [R8-L2OF:PCDAr:42.0] [B24-B1:PCDAr:53.5] [B10-B1:PCDAr:45.0] [B26-B1:PCDAr:52.5] [B33-B1:PCDAr:51.8]
9297,74,0x004A,OBS,189,391254.000,Msg 3 of 3 (10) [B35-B1:PCDAr:39.3] [B14-B1:PCDAr:47.5] [B10-B2:PCDAr:44.5] [B14-B2:PCDAr:50.8] [E4-E1B:PCDAr:51.8] [E19-E1B:PCDAr:41.8] [E21-E1B:PCDAr:51.3] [E4-E7I:PCDAr:51.3] [E19-E7I:PCDAr:40.0] [E21-E7I:PCDAr:51.0]
9297,117,0x0075,GLO BIASES,17,,L1C: 0.00 m | L1P: 0.00 m | L2C: 0.00 m | L2P: 0.00 m
9297,258,0x0102,GPS TIME,19,391254.000,Wk: 2293 | TOW ns: -77 | GNSS
9297,259,0x0103,UTC TIME,24,391254.000,2023-12-21 12:40:35.999 (GNSS) | UTC Offset: Decoded
9297,522,0x020A,POS LLA,42,391254.000,RTK Fixed | Lat: 45.5011054 deg | Lon: 9.1560316 deg | Alt: 173.174 m | Used SVs: 15
9297,526,0x020E,VEL NED,30,391254.000,Comp. Doppler | COG: 144.46 deg | SOG: 0.02 m/s | Horiz Vel: 0.02 m/s | Vert Vel: -0.00 m/s | EHVE: 0.09 m/s | EVVE: 0.09 m/s
9297,520,0x0208,DOPS,23,391254.000,HDOP: 0.8 | PDOP: 1.6
9297,524,0x020C,BASELINE NED,30,391254.000,RTK Fixed | N: 47.182 m | E: -198.650 m | D: 13.606 m | Baseline: 204.629 m
9297,528,0x0210,CORR AGE,14,391254.000,2.0 s
9297,65282,0xFF02,DGNSS STATUS,12,,RTK | Signals: 15 | Latency: 2.0 s | ""
9297,97,0x0061,MEAS STATE,245,,Total SVs: 19 | L1: 9 | L2: 6 | G1: 0 | G2: 0 | E1: 3 | E2: 3 | B1: 6 | B2: 2 | SBAS: 1
9297,258,0x0102,GPS TIME,19,391254.100,Wk: 2293 | TOW ns: -78 | GNSS
9297,259,0x0103,UTC TIME,24,391254.100,2023-12-21 12:40:36.099 (GNSS) | UTC Offset: Decoded
9297,522,0x020A,POS LLA,42,391254.100,RTK Fixed | Lat: 45.5011054 deg | Lon: 9.1560316 deg | Alt: 173.177 m | Used SVs: 15
9297,526,0x020E,VEL NED,30,391254.100,Comp. Doppler | COG: 71.57 deg | SOG: 0.03 m/s | Horiz Vel: 0.01 m/s | Vert Vel: 0.03 m/s | EHVE: 0.09 m/s | EVVE: 0.09 m/s
9297,520,0x0208,DOPS,23,391254.100,HDOP: 0.8 | PDOP: 1.6
9297,524,0x020C,BASELINE NED,30,391254.100,RTK Fixed | N: 47.182 m | E: -198.649 m | D: 13.603 m | Baseline: 204.628 m
9297,528,0x0210,CORR AGE,14,391254.100,2.1 s
9297,65282,0xFF02,DGNSS STATUS,12,,RTK | Signals: 15 | Latency: 2.1 s | ""
9297,258,0x0102,GPS TIME,19,391254.200,Wk: 2293 | TOW ns: -78 | GNSS
9297,259,0x0103,UTC TIME,24,391254.200,2023-12-21 12:40:36.199 (GNSS) | UTC Offset: Decoded
9297,522,0x020A,POS LLA,42,391254.200,RTK Fixed | Lat: 45.5011054 deg | Lon: 9.1560316 deg | Alt: 173.173 m | Used SVs: 15
9297,526,0x020E,VEL NED,30,391254.200,Comp. Doppler | COG: 299.74 deg | SOG: 0.03 m/s | Horiz Vel: 0.01 m/s | Vert Vel: -0.03 m/s | EHVE: 0.09 m/s | EVVE: 0.09 m/s
9297,520,0x0208,DOPS,23,391254.200,HDOP: 0.8 | PDOP: 1.6
9297,524,0x020C,BASELINE NED,30,391254.200,RTK Fixed | N: 47.182 m | E: -198.649 m | D: 13.606 m | Baseline: 204.628 m
9297,528,0x0210,CORR AGE,14,391254.200,2.2 s
9297,65282,0xFF02,DGNSS STATUS,12,,RTK | Signals: 15 | Latency: 2.2 s | ""
0,74,0x004A,OBS,257,391253.000,Msg 3 of 3 (14) [B14-B1:PCDAr:48.5] [B10-B1:PCDAr:42.5] [B29-B1:PCDAr:46.0] [B10-B2:PCDAr:45.8] [B7-B2:PCDAr:41.3] [B14-B2:PCDAr:52.8] [E4-E1B:PCDAr:51.0] [E27-E1B:PCDAr:42.5] [E19-E1B:PCDAr:45.8] [E21-E1B:PCDAr:52.0] [E4-E7I:PCDAr:53.0] [E21-E7I:PCDAr:53.8] [E27-E7I:PCDAr:42.0] [E19-E7I:PCDAr:47.8]
0,72,0x0048,BASE POS ECEF,32,,X: 4421114.209 m | Y: 712784.166 m | Z: 4526655.471 m (Lat: 45.5006809 deg | Lon: 9.1585732 deg | Alt: 186.776 m)
0,74,0x004A,OBS,257,391254.000,Msg 1 of 3 (14) [G10-L1CA:PCDAr:43.0] [G23-L1CA:PCDAr:46.5] [G15-L1CA:PCDAr:53.3] [G13-L1CA:PCDAr:50.0] [G14-L1CA:PCDAr:44.0] [G19-L1CA:PCDAr:51.8] [G24-L1CA:PCDAr:54.3] [G22-L1CA:PCDAr:48.8] [G17-L1CA:PCDAr:49.0] [G12-L1CA:PCDAr:52.0] [G10-L2CM:PCDAr:44.8] [G23-L2CM:PCDAr:44.5] [G24-L2CM:PCDAr:52.5] [G15-L2CM:PCDAr:48.5]
9297,258,0x0102,GPS TIME,19,391254.300,Wk: 2293 | TOW ns: -73 | GNSS
9297,259,0x0103,UTC TIME,24,391254.300,2023-12-21 12:40:36.299 (GNSS) | UTC Offset: Decoded
9297,522,0x020A,POS LLA,42,391254.300,RTK Fixed | Lat: 45.5011054 deg | Lon: 9.1560316 deg | Alt: 173.175 m | Used SVs: 15
9297,526,0x020E,VEL NED,30,391254.300,Comp. Doppler | COG: 201.80 deg | SOG: 0.02 m/s | Horiz Vel: 0.01 m/s | Vert Vel: 0.02 m/s | EHVE: 0.09 m/s | EVVE: 0.09 m/s
9297,520,0x0208,DOPS,23,391254.300,HDOP: 0.8 | PDOP: 1.6
9297,524,0x020C,BASELINE NED,30,391254.300,RTK Fixed | N: 47.182 m | E: -198.650 m | D: 13.604 m | Baseline: 204.629 m
9297,528,0x0210,CORR AGE,14,391254.300,2.3 s
9297,65282,0xFF02,DGNSS STATUS,12,,RTK | Signals: 15 | Latency: 2.3 s | ""
0,74,0x004A,OBS,257,391254.000,Msg 2 of 3 (14) [G14-L2CM:PCDAr:40.5] [G17-L2CM:PCDAr:46.0] [G12-L2CM:PCDAr:46.3] [R1-L1OF:PCDAr:51.8] [R8-L1OF:PCDAr:49.0] [R11-L1OF:PCDAr:56.5] [R10-L1OF:PCDAr:50.5] [R11-L2OF:PCDAr:51.8] [R1-L2OF:PCDAr:44.5] [B7-B1:PCDAr:42.3] [B35-B1:PCDAr:45.8] [B24-B1:PCDAr:53.5] [B33-B1:PCDAr:51.3] [B26-B1:PCDAr:54.3]
9297,30583,0x7777,SBAS RAW,42,,
9297,258,0x0102,GPS TIME,19,391254.400,Wk: 2293 | TOW ns: -73 | GNSS
9297,259,0x0103,UTC TIME,24,391254.400,2023-12-21 12:40:36.399 (GNSS) | UTC Offset: Decoded
9297,522,0x020A,POS LLA,42,391254.400,RTK Fixed | Lat: 45.5011054 deg | Lon: 9.1560316 deg | Alt: 173.176 m | Used SVs: 15
9297,526,0x020E,VEL NED,30,391254.400,Comp. Doppler | COG: 128.66 deg | SOG: 0.01 m/s | Horiz Vel: 0.01 m/s | Vert Vel: 0.01 m/s | EHVE: 0.09 m/s | EVVE: 0.09 m/s
9297,520,0x0208,DOPS,23,391254.400,HDOP: 0.8 | PDOP: 1.6
9297,524,0x020C,BASELINE NED,30,391254.400,RTK Fixed | N: 47.182 m | E: -198.650 m | D: 13.604 m | Baseline: 204.629 m
9297,528,0x0210,CORR AGE,14,391254.400,2.4 s
9297,65282,0xFF02,DGNSS STATUS,12,,RTK | Signals: 15 | Latency: 2.4 s | ""
9297,151,0x0097,SV AZ EL,116,,(27) [G10 310 18] [G12 228 37] [G13 148 34] [G14 54 10] [G15 194 56] [G17 62 33] [G19 96 40] [G22 52 30] [G23 272 23] [G24 312 72] [G25 234 3] [R1 292 54] [R2 334 13] [R8 196 42] [R9 62 9] [R11 288 59] [R12 254 8] [R20 92 16] [B10 54 29] [B14 244 47] [B24 276 58] [B26 58 64] [B33 284 42] [B35 108 24] [E4 296 55] [E19 168 53] [E21 54 65]
9297,117,0x0075,GLO BIASES,17,,L1C: 0.00 m | L1P: 0.00 m | L2C: 0.00 m | L2P: 0.00 m
9297,65535,0xFFFF,HEARTBEAT,12,,ANT OK | NAP OK | IO OK | SYS OK
9297,23,0x0017,THREAD STATE,34,,main | 0.0 % | 65532 B
9297,23,0x0017,THREAD STATE,34,,idle | 1.6 % | 124 B
9297,23,0x0017,THREAD STATE,34,,rpmsg | 0.2 % | 3556 B
9297,23,0x0017,THREAD STATE,34,,rpmsg_imu | 0.0 % | 3644 B
9297,23,0x0017,THREAD STATE,34,,SBP | 0.0 % | 65532 B
9297,23,0x0017,THREAD STATE,34,,NAP | 0.0 % | 32812 B
9297,23,0x0017,THREAD STATE,34,,manage PV | 0.0 % | 1060 B
9297,23,0x0017,THREAD STATE,34,,IMU | 0.0 % | 2044 B
9297,23,0x0017,THREAD STATE,34,,IMU aux | 0.0 % | 2164 B
9297,23,0x0017,THREAD STATE,34,,ndb | 0.0 % | 3176 B
9297,23,0x0017,THREAD STATE,34,,NAP Tracking | 25.9 % | 30476 B
9297,23,0x0017,THREAD STATE,34,,decode | 0.6 % | 1588 B
9297,23,0x0017,THREAD STATE,34,,manage acq | 29.4 % | 30452 B
9297,23,0x0017,THREAD STATE,34,,system monitor | 0.1 % | 1548 B
9297,23,0x0017,THREAD STATE,34,,Watchdog | 0.0 % | 1108 B
9297,23,0x0017,THREAD STATE,34,,starling | 32.5 % | 65532 B
9297,23,0x0017,THREAD STATE,34,,time matched obs | 8.9 % | 65532 B
9297,23,0x0017,THREAD STATE,34,,me_calc_pvt | 0.8 % | 18804 B
9297,23,0x0017,THREAD STATE,34,,PPS | 0.0 % | 1840 B
9297,23,0x0017,THREAD STATE,34,,spectrum analyzer | 0.0 % | 4044 B
9297,258,0x0102,GPS TIME,19,391254.500,Wk: 2293 | TOW ns: -74 | GNSS
9297,259,0x0103,UTC TIME,24,391254.500,2023-12-21 12:40:36.499 (GNSS) | UTC Offset: Decoded
9297,522,0x020A,POS LLA,42,391254.500,RTK Fixed | Lat: 45.5011054 deg | Lon: 9.1560316 deg | Alt: 173.172 m | Used SVs: 15
9297,526,0x020E,VEL NED,30,391254.500,Comp. Doppler | COG: 12.53 deg | SOG: 0.01 m/s | Horiz Vel: 0.01 m/s | Vert Vel: -0.01 m/s | EHVE: 0.09 m/s | EVVE: 0.09 m/s
9297,520,0x0208,DOPS,23,391254.500,HDOP: 0.8 | PDOP: 1.6
9297,524,0x020C,BASELINE NED,30,391254.500,RTK Fixed | N: 47.185 m | E: -198.652 m | D: 13.608 m | Baseline: 204.632 m
9297,528,0x0210,CORR AGE,14,391254.500,1.5 s
9297,65282,0xFF02,DGNSS STATUS,12,,RTK | Signals: 15 | Latency: 1.5 s | ""
9297,97,0x0061,MEAS STATE,245,,Total SVs: 23 | L1: 9 | L2: 6 | G1: 5 | G2: 4 | E1: 3 | E2: 3 | B1: 6 | B2: 2 | SBAS: 1
9297,258,0x0102,GPS TIME,19,391254.600,Wk: 2293 | TOW ns: -75 | GNSS
9297,259,0x0103,UTC TIME,24,391254.600,2023-12-21 12:40:36.599 (GNSS) | UTC Offset: Decoded
9297,522,0x020A,POS LLA,42,391254.600,RTK Fixed | Lat: 45.5011054 deg | Lon: 9.1560316 deg | Alt: 173.171 m | Used SVs: 15
9297,526,0x020E,VEL NED,30,391254.600,Comp. Doppler | COG: 220.60 deg | SOG: 0.01 m/s | Horiz Vel: 0.01 m/s | Vert Vel: -0.01 m/s | EHVE: 0.09 m/s | EVVE: 0.09 m/s
9297,520,0x0208,DOPS,23,391254.600,HDOP: 0.8 | PDOP: 1.6
9297,524,0x020C,BASELINE NED,30,391254.600,RTK Fixed | N: 47.184 m | E: -198.652 m | D: 13.609 m | Baseline: 204.632 m
9297,528,0x0210,CORR AGE,14,391254.600,1.6 s
9297,65282,0xFF02,DGNSS STATUS,12,,RTK | Signals: 15 | Latency: 1.6 s | ""
9297,258,0x0102,GPS TIME,19,391254.700,Wk: 2293 | TOW ns: -75 | GNSS
9297,259,0x0103,UTC TIME,24,391254.700,2023-12-21 12:40:36.699 (GNSS) | UTC Offset: Decoded
9297,522,0x020A,POS LLA,42,391254.700,RTK Fixed | Lat: 45.5011054 deg | Lon: 9.1560316 deg | Alt: 173.175 m | Used SVs: 15
9297,526,0x020E,VEL NED,30,391254.700,Comp. Doppler | COG: 133.03 deg | SOG: 0.05 m/s | Horiz Vel: 0.02 m/s | Vert Vel: 0.05 m/s | EHVE: 0.09 m/s | EVVE: 0.09 m/s
9297,520,0x0208,DOPS,23,391254.700,HDOP: 0.8 | PDOP: 1.6
9297,524,0x020C,BASELINE NED,30,391254.700,RTK Fixed | N: 47.183 m | E: -198.651 m | D: 13.605 m | Baseline: 204.630 m
9297,528,0x0210,CORR AGE,14,391254.700,1.7 s
9297,65282,0xFF02,DGNSS STATUS,12,,RTK | Signals: 15 | Latency: 1.7 s | ""
9297,258,0x0102,GPS TIME,19,391254.800,Wk: 2293 | TOW ns: -76 | GNSS
9297,259,0x0103,UTC TIME,24,391254.800,2023-12-21 12:40:36.799 (GNSS) | UTC Offset: Decoded
9297,522,0x020A,POS LLA,42,391254.800,RTK Fixed | Lat: 45.5011054 deg | Lon: 9.1560316 deg | Alt: 173.172 m | Used SVs: 15
9297,526,0x020E,VEL NED,30,391254.800,Comp. Doppler | COG: 225.00 deg | SOG: 0.03 m/s | Horiz Vel: 0.00 m/s | Vert Vel: -0.03 m/s | EHVE: 0.09 m/s | EVVE: 0.09 m/s
9297,520,0x0208,DOPS,23,391254.800,HDOP: 0.8 | PDOP: 1.6
9297,524,0x020C,BASELINE NED,30,391254.800,RTK Fixed | N: 47.182 m | E: -198.651 m | D: 13.607 m | Baseline: 204.630 m
9297,528,0x0210,CORR AGE,14,391254.800,1.8 s
9297,65282,0xFF02,DGNSS STATUS,12,,RTK | Signals: 15 | Latency: 1.8 s | ""
9297,258,0x0102,GPS TIME,19,391254.900,Wk: 2293 | TOW ns: -76 | GNSS
9297,259,0x0103,UTC TIME,24,391254.900,2023-12-21 12:40:36.899 (GNSS) | UTC Offset: Decoded
9297,522,0x020A,POS LLA,42,391254.900,RTK Fixed | Lat: 45.5011054 deg | Lon: 9.1560316 deg | Alt: 173.172 m | Used SVs: 15
9297,526,0x020E,VEL NED,30,391254.900,Comp. Doppler | COG: 18.43 deg | SOG: 0.01 m/s | Horiz Vel: 0.01 m/s | Vert Vel: -0.01 m/s | EHVE: 0.09 m/s | EVVE: 0.09 m/s
9297,520,0x0208,DOPS,23,391254.900,HDOP: 0.8 | PDOP: 1.6
9297,524,0x020C,BASELINE NED,30,391254.900,RTK Fixed | N: 47.183 m | E: -198.651 m | D: 13.607 m | Baseline: 204.630 m
9297,528,0x0210,CORR AGE,14,391254.900,1.9 s
9297,65282,0xFF02,DGNSS STATUS,12,,RTK | Signals: 15 | Latency: 1.9 s | ""
9297,74,0x004A,OBS,257,391255.000,Msg 1 of 3 (14) [G12-L1CA:PCDAr:44.3] [G10-L1CA:PCDAr:43.8] [G13-L1CA:PCDAr:42.5] [G15-L1CA:PCDAr:48.3] [G17-L1CA:PCDAr:47.5] [G19-L1CA:PCDAr:46.0] [G22-L1CA:PCDAr:48.8] [G24-L1CA:PCDAr:52.8] [G23-L1CA:PCDAr:45.3] [G24-L2CM:PCDAr:49.8] [G15-L2CM:PCDAr:43.3] [G17-L2CM:PCDAr:44.3] [G12-L2CM:PCDAr:42.8] [G23-L2CM:PCDAr:43.5]
9297,74,0x004A,OBS,257,391255.000,Msg 2 of 3 (14) [G10-L2CM:PCDAr:47.0] [R11-L1OF:PCDAr:56.8] [R2-L1OF:PCDAr:52.5] [R1-L1OF:PCDAr:51.5] [R8-L1OF:PCDAr:45.0] [R20-L1OF:PCDAr:32.3] [R2-L2OF:PCDAr:41.5] [R11-L2OF:PCDAr:51.3] [R1-L2OF:PCDAr:44.0] [R8-L2OF:PCDAr:41.8] [B24-B1:PCDAr:53.8] [B10-B1:PCDAr:45.3] [B26-B1:PCDAr:52.8] [B33-B1:PCDAr:52.0]
9297,74,0x004A,OBS,189,391255.000,Msg 3 of 3 (10) [B35-B1:PCDAr:39.8] [B14-B1:PCDAr:47.8] [B10-B2:PCDAr:44.8] [B14-B2:PCDAr:51.0] [E4-E1B:PCDAr:52.0] [E19-E1B:PCDAr:41.8] [E21-E1B:PCDAr:51.5] [E4-E7I:PCDAr:51.3] [E19-E7I:PCDAr:40.3] [E21-E7I:PCDAr:51.0]
9297,117,0x0075,GLO BIASES,17,,L1C: 0.00 m | L1P: 0.00 m | L2C: 0.00 m | L2P: 0.00 m
9297,258,0x0102,GPS TIME,19,391255.000,Wk: 2293 | TOW ns: -77 | GNSS
9297,259,0x0103,UTC TIME,24,391255.000,2023-12-21 12:40:36.999 (GNSS) | UTC Offset: Decoded
9297,522,0x020A,POS LLA,42,391255.000,RTK Fixed | Lat: 45.5011054 deg | Lon: 9.1560316 deg | Alt: 173.172 m | Used SVs: 15
9297,526,0x020E,VEL NED,30,391255.000,Comp. Doppler | COG: 38.66 deg | SOG: 0.01 m/s | Horiz Vel: 0.01 m/s | Vert Vel: -0.01 m/s | EHVE: 0.09 m/s | EVVE: 0.09 m/s
9297,520,0x0208,DOPS,23,391255.000,HDOP: 0.8 | PDOP: 1.6
9297,524,0x020C,BASELINE NED,30,391255.000,RTK Fixed | N: 47.183 m | E: -198.650 m | D: 13.608 m | Baseline: 204.630 m
9297,528,0x0210,CORR AGE,14,391255.000,2.0 s
9297,65282,0xFF02,DGNSS STATUS,12,,RTK | Signals: 15 | Latency: 2.0 s | ""
9297,97,0x0061,MEAS STATE,245,,Total SVs: 19 | L1: 9 | L2: 6 | G1: 0 | G2: 0 | E1: 3 | E2: 3 | B1: 6 | B2: 2 | SBAS: 1
9297,258,0x0102,GPS TIME,19,391255.100,Wk: 2293 | TOW ns: -77 | GNSS
9297,259,0x0103,UTC TIME,24,391255.100,2023-12-21 12:40:37.099 (GNSS) | UTC Offset: Decoded
9297,522,0x020A,POS LLA,42,391255.100,RTK Fixed | Lat: 45.5011054 deg | Lon: 9.1560316 deg | Alt: 173.169 m | Used SVs: 15
9297,526,0x020E,VEL NED,30,391255.100,Comp. Doppler | COG: 197.35 deg | SOG: 0.03 m/s | Horiz Vel: 0.02 m/s | Vert Vel: -0.03 m/s | EHVE: 0.09 m/s | EVVE: 0.09 m/s
9297,520,0x0208,DOPS,23,391255.100,HDOP: 0.8 | PDOP: 1.6
9297,524,0x020C,BASELINE NED,30,391255.100,RTK Fixed | N: 47.182 m | E: -198.651 m | D: 13.611 m | Baseline: 204.630 m
9297,528,0x0210,CORR AGE,14,391255.100,2.1 s
9297,65282,0xFF02,DGNSS STATUS,12,,RTK | Signals: 15 | Latency: 2.1 s | ""
9297,258,0x0102,GPS TIME,19,391255.200,Wk: 2293 | TOW ns: -78 | GNSS
9297,259,0x0103,UTC TIME,24,391255.200,2023-12-21 12:40:37.199 (GNSS) | UTC Offset: Decoded
9297,522,0x020A,POS LLA,42,391255.200,RTK Fixed | Lat: 45.5011054 deg | Lon: 9.1560316 deg | Alt: 173.170 m | Used SVs: 15
9297,526,0x020E,VEL NED,30,391255.200,Comp. Doppler | COG: 90.00 deg | SOG: 0.01 m/s | Horiz Vel: 0.00 m/s | Vert Vel: 0.01 m/s | EHVE: 0.09 m/s | EVVE: 0.09 m/s
9297,520,0x0208,DOPS,23,391255.200,HDOP: 0.8 | PDOP: 1.6
9297,524,0x020C,BASELINE NED,30,391255.200,RTK Fixed | N: 47.182 m | E: -198.651 m | D: 13.610 m | Baseline: 204.630 m
9297,528,0x0210,CORR AGE,14,391255.200,2.2 s
9297,65282,0xFF02,DGNSS STATUS,12,,RTK | Signals: 15 | Latency: 2.2 s | ""
0,74,0x004A,OBS,257,391254.000,Msg 3 of 3 (14) [B14-B1:PCDAr:48.8] [B10-B1:PCDAr:42.8] [B29-B1:PCDAr:46.3] [B10-B2:PCDAr:46.0] [B7-B2:PCDAr:41.3] [B14-B2:PCDAr:52.8] [E4-E1B:PCDAr:50.5] [E27-E1B:PCDAr:42.0] [E19-E1B:PCDAr:45.5] [E21-E1B:PCDAr:51.5] [E4-E7I:PCDAr:53.3] [E21-E7I:PCDAr:53.5] [E27-E7I:PCDAr:42.0] [E19-E7I:PCDAr:47.8]
0,72,0x0048,BASE POS ECEF,32,,X: 4421114.209 m | Y: 712784.166 m | Z: 4526655.471 m (Lat: 45.5006809 deg | Lon: 9.1585732 deg | Alt: 186.776 m)
9297,258,0x0102,GPS TIME,19,391255.300,Wk: 2293 | TOW ns: -79 | GNSS
9297,259,0x0103,UTC TIME,24,391255.300,2023-12-21 12:40:37.299 (GNSS) | UTC Offset: Decoded
9297,522,0x020A,POS LLA,42,391255.300,RTK Fixed | Lat: 45.5011054 deg | Lon: 9.1560316 deg | Alt: 173.169 m | Used SVs: 15
9297,526,0x020E,VEL NED,30,391255.300,Comp. Doppler | COG: 66.04 deg | SOG: 0.01 m/s | Horiz Vel: 0.01 m/s | Vert Vel: -0.01 m/s | EHVE: 0.09 m/s | EVVE: 0.09 m/s
9297,520,0x0208,DOPS,23,391255.300,HDOP: 0.8 | PDOP: 1.6
9297,524,0x020C,BASELINE NED,30,391255.300,RTK Fixed | N: 47.182 m | E: -198.650 m | D: 13.610 m | Baseline: 204.629 m
9297,528,0x0210,CORR AGE,14,391255.300,2.3 s
9297,65282,0xFF02,DGNSS STATUS,12,,RTK | Signals: 15 | Latency: 2.3 s | ""
0,74,0x004A,OBS,257,391255.000,Msg 1 of 3 (14) [G10-L1CA:PCDAr:41.8] [G23-L1CA:PCDAr:45.5] [G15-L1CA:PCDAr:52.3] [G13-L1CA:PCDAr:49.0] [G14-L1CA:PCDAr:43.3] [G19-L1CA:PCDAr:50.8] [G24-L1CA:PCDAr:53.3] [G22-L1CA:PCDAr:47.8] [G17-L1CA:PCDAr:48.0] [G12-L1CA:PCDAr:51.0] [G10-L2CM:PCDAr:45.0] [G23-L2CM:PCDAr:44.5] [G24-L2CM:PCDAr:52.5] [G15-L2CM:PCDAr:48.8]
0,74,0x004A,OBS,257,391255.000,Msg 2 of 3 (14) [G14-L2CM:PCDAr:40.5] [G17-L2CM:PCDAr:46.3] [G12-L2CM:PCDAr:46.5] [R1-L1OF:PCDAr:51.8] [R8-L1OF:PCDAr:49.0] [R11-L1OF:PCDAr:56.5] [R10-L1OF:PCDAr:50.5] [R11-L2OF:PCDAr:52.0] [R1-L2OF:PCDAr:45.0] [B7-B1:PCDAr:42.8] [B35-B1:PCDAr:46.5] [B24-B1:PCDAr:54.0] [B33-B1:PCDAr:51.8] [B26-B1:PCDAr:54.5]
9297,30583,0x7777,SBAS RAW,42,,
9297,258,0x0102,GPS TIME,19,391255.400,Wk: 2293 | TOW ns: -73 | GNSS
9297,259,0x0103,UTC TIME,24,391255.400,2023-12-21 12:40:37.399 (GNSS) | UTC Offset: Decoded
9297,522,0x020A,POS LLA,42,391255.400,RTK Fixed | Lat: 45.5011054 deg | Lon: 9.1560316 deg | Alt: 173.171 m | Used SVs: 15
9297,526,0x020E,VEL NED,30,391255.400,Comp. Doppler | COG: 191.31 deg | SOG: 0.02 m/s | Horiz Vel: 0.01 m/s | Vert Vel: 0.02 m/s | EHVE: 0.09 m/s | EVVE: 0.09 m/s
9297,520,0x0208,DOPS,23,391255.400,HDOP: 0.8 | PDOP: 1.6
9297,524,0x020C,BASELINE NED,30,391255.400,RTK Fixed | N: 47.181 m | E: -198.650 m | D: 13.609 m | Baseline: 204.629 m
9297,528,0x0210,CORR AGE,14,391255.400,2.4 s
9297,65282,0xFF02,DGNSS STATUS,12,,RTK | Signals: 15 | Latency: 2.4 s | ""
9297,151,0x0097,SV AZ EL,116,,(27) [G10 310 18] [G12 228 37] [G13 148 34] [G14 54 10] [G15 194 56] [G17 62 33] [G19 96 40] [G22 52 30] [G23 272 23] [G24 312 72] [G25 234 3] [R1 292 54] [R2 334 13] [R8 196 42] [R9 62 9] [R11 288 59] [R12 254 8] [R20 92 16] [B10 54 29] [B14 244 47] [B24 276 58] [B26 58 64] [B33 284 42] [B35 108 24] [E4 296 55] [E19 168 53] [E21 54 65]
9297,117,0x0075,GLO BIASES,17,,L1C: 0.00 m | L1P: 0.00 m | L2C: 0.00 m | L2P: 0.00 m
9297,65535,0xFFFF,HEARTBEAT,12,,ANT OK | NAP OK | IO OK | SYS OK
9297,181,0x00B5,DEVICE MONITOR,18,,Vin: 5.91 V | Tcpu: 36.5 C | Trf: 33.9 C
9297,258,0x0102,GPS TIME,19,391255.500,Wk: 2293 | TOW ns: -73 | GNSS
9297,259,0x0103,UTC TIME,24,391255.500,2023-12-21 12:40:37.499 (GNSS) | UTC Offset: Decoded
9297,522,0x020A,POS LLA,42,391255.500,RTK Fixed | Lat: 45.5011054 deg | Lon: 9.1560316 deg | Alt: 173.167 m | Used SVs: 15
9297,526,0x020E,VEL NED,30,391255.500,Comp. Doppler | COG: 53.13 deg | SOG: 0.03 m/s | Horiz Vel: 0.01 m/s | Vert Vel: -0.03 m/s | EHVE: 0.09 m/s | EVVE: 0.09 m/s
9297,520,0x0208,DOPS,23,391255.500,HDOP: 0.8 | PDOP: 1.6
9297,524,0x020C,BASELINE NED,30,391255.500,RTK Fixed | N: 47.185 m | E: -198.649 m | D: 13.613 m | Baseline: 204.629 m
9297,528,0x0210,CORR AGE,14,391255.500,1.5 s
9297,65282,0xFF02,DGNSS STATUS,12,,RTK | Signals: 15 | Latency: 1.5 s | ""
9297,97,0x0061,MEAS STATE,245,,Total SVs: 23 | L1: 9 | L2: 6 | G1: 5 | G2: 4 | E1: 3 | E2: 3 | B1: 6 | B2: 2 | SBAS: 1
9297,258,0x0102,GPS TIME,19,391255.600,Wk: 2293 | TOW ns: -74 | GNSS
9297,259,0x0103,UTC TIME,24,391255.600,2023-12-21 12:40:37.599 (GNSS) | UTC Offset: Decoded
9297,522,0x020A,POS LLA,42,391255.600,RTK Fixed | Lat: 45.5011054 deg | Lon: 9.1560316 deg | Alt: 173.169 m | Used SVs: 15
9297,526,0x020E,VEL NED,30,391255.600,Comp. Doppler | COG: 90.00 deg | SOG: 0.04 m/s | Horiz Vel: 0.01 m/s | Vert Vel: 0.03 m/s | EHVE: 0.09 m/s | EVVE: 0.09 m/s
9297,520,0x0208,DOPS,23,391255.600,HDOP: 0.8 | PDOP: 1.6
9297,524,0x020C,BASELINE NED,30,391255.600,RTK Fixed | N: 47.185 m | E: -198.648 m | D: 13.610 m | Baseline: 204.628 m
9297,528,0x0210,CORR AGE,14,391255.600,1.6 s
9297,65282,0xFF02,DGNSS STATUS,12,,RTK | Signals: 15 | Latency: 1.6 s | ""
9297,258,0x0102,GPS TIME,19,391255.700,Wk: 2293 | TOW ns: -75 | GNSS
9297,259,0x0103,UTC TIME,24,391255.700,2023-12-21 12:40:37.699 (GNSS) | UTC Offset: Decoded
9297,522,0x020A,POS LLA,42,391255.700,RTK Fixed | Lat: 45.5011055 deg | Lon: 9.1560316 deg | Alt: 173.169 m | Used SVs: 15
9297,526,0x020E,VEL NED,30,391255.700,Comp. Doppler | COG: 302.47 deg | SOG: 0.01 m/s | Horiz Vel: 0.01 m/s | Vert Vel: -0.01 m/s | EHVE: 0.09 m/s | EVVE: 0.09 m/s
9297,520,0x0208,DOPS,23,391255.700,HDOP: 0.8 | PDOP: 1.6
9297,524,0x020C,BASELINE NED,30,391255.700,RTK Fixed | N: 47.186 m | E: -198.649 m | D: 13.610 m | Baseline: 204.629 m
9297,528,0x0210,CORR AGE,14,391255.700,1.7 s
9297,65282,0xFF02,DGNSS STATUS,12,,RTK | Signals: 15 | Latency: 1.7 s | ""
9297,258,0x0102,GPS TIME,19,391255.800,Wk: 2293 | TOW ns: -75 | GNSS
9297,259,0x0103,UTC TIME,24,391255.800,2023-12-21 12:40:37.799 (GNSS) | UTC Offset: Decoded
9297,522,0x020A,POS LLA,42,391255.800,RTK Fixed | Lat: 45.5011054 deg | Lon: 9.1560316 deg | Alt: 173.170 m | Used SVs: 15
9297,526,0x020E,VEL NED,30,391255.800,Comp. Doppler | COG: 167.47 deg | SOG: 0.02 m/s | Horiz Vel: 0.01 m/s | Vert Vel: 0.01 m/s | EHVE: 0.09 m/s | EVVE: 0.09 m/s
9297,520,0x0208,DOPS,23,391255.800,HDOP: 0.8 | PDOP: 1.6
9297,524,0x020C,BASELINE NED,30,391255.800,RTK Fixed | N: 47.185 m | E: -198.649 m | D: 13.609 m | Baseline: 204.629 m
9297,528,0x0210,CORR AGE,14,391255.800,1.8 s
9297,65282,0xFF02,DGNSS STATUS,12,,RTK | Signals: 15 | Latency: 1.8 s | ""
9297,258,0x0102,GPS TIME,19,391255.900,Wk: 2293 | TOW ns: -76 | GNSS
9297,259,0x0103,UTC TIME,24,391255.900,2023-12-21 12:40:37.899 (GNSS) | UTC Offset: Decoded
9297,522,0x020A,POS LLA,42,391255.900,RTK Fixed | Lat: 45.5011054 deg | Lon: 9.1560316 deg | Alt: 173.169 m | Used SVs: 15
9297,526,0x020E,VEL NED,30,391255.900,Comp. Doppler | COG: 170.54 deg | SOG: 0.01 m/s | Horiz Vel: 0.01 m/s | Vert Vel: -0.01 m/s | EHVE: 0.09 m/s | EVVE: 0.09 m/s
9297,520,0x0208,DOPS,23,391255.900,HDOP: 0.8 | PDOP: 1.6
9297,524,0x020C,BASELINE NED,30,391255.900,RTK Fixed | N: 47.184 m | E: -198.649 m | D: 13.610 m | Baseline: 204.629 m
9297,528,0x0210,CORR AGE,14,391255.900,1.9 s
9297,65282,0xFF02,DGNSS STATUS,12,,RTK | Signals: 15 | Latency: 1.9 s | ""
9297,74,0x004A,OBS,257,391256.000,Msg 1 of 3 (14) [G12-L1CA:PCDAr:44.5] [G10-L1CA:PCDAr:44.3] [G13-L1CA:PCDAr:43.0] [G15-L1CA:PCDAr:48.5] [G17-L1CA:PCDAr:47.8] [G19-L1CA:PCDAr:46.3] [G22-L1CA:PCDAr:49.0] [G24-L1CA:PCDAr:53.0] [G23-L1CA:PCDAr:45.8] [G24-L2CM:PCDAr:49.5] [G15-L2CM:PCDAr:43.0] [G17-L2CM:PCDAr:44.3] [G12-L2CM:PCDAr:42.5] [G23-L2CM:PCDAr:43.5]
9297,74,0x004A,OBS,257,391256.000,Msg 2 of 3 (14) [G10-L2CM:PCDAr:47.0] [R11-L1OF:PCDAr:56.5] [R2-L1OF:PCDAr:52.3] [R1-L1OF:PCDAr:51.3] [R8-L1OF:PCDAr:44.8] [R20-L1OF:PCDAr:32.5] [R2-L2OF:PCDAr:41.8] [R11-L2OF:PCDAr:51.3] [R1-L2OF:PCDAr:44.0] [R8-L2OF:PCDAr:41.8] [B24-B1:PCDAr:53.5] [B10-B1:PCDAr:45.3] [B26-B1:PCDAr:52.5] [B33-B1:PCDAr:52.0]
9297,74,0x004A,OBS,189,391256.000,Msg 3 of 3 (10) [B35-B1:PCDAr:39.8] [B14-B1:PCDAr:47.5] [B10-B2:PCDAr:45.0] [B14-B2:PCDAr:51.3] [E4-E1B:PCDAr:51.8] [E19-E1B:PCDAr:41.5] [E21-E1B:PCDAr:51.3] [E4-E7I:PCDAr:51.3] [E19-E7I:PCDAr:40.3] [E21-E7I:PCDAr:51.0]
9297,117,0x0075,GLO BIASES,17,,L1C: 0.00 m | L1P: 0.00 m | L2C: 0.00 m | L2P: 0.00 m
9297,258,0x0102,GPS TIME,19,391256.000,Wk: 2293 | TOW ns: -76 | GNSS
9297,259,0x0103,UTC TIME,24,391256.000,2023-12-21 12:40:37.999 (GNSS) | UTC Offset: Decoded
9297,522,0x020A,POS LLA,42,391256.000,RTK Fixed | Lat: 45.5011054 deg | Lon: 9.1560316 deg | Alt: 173.171 m | Used SVs: 15
9297,526,0x020E,VEL NED,30,391256.000,Comp. Doppler | COG: 78.69 deg | SOG: 0.01 m/s | Horiz Vel: 0.01 m/s | Vert Vel: 0.01 m/s | EHVE: 0.09 m/s | EVVE: 0.09 m/s
9297,520,0x0208,DOPS,23,391256.000,HDOP: 0.8 | PDOP: 1.6
9297,524,0x020C,BASELINE NED,30,391256.000,RTK Fixed | N: 47.184 m | E: -198.649 m | D: 13.609 m | Baseline: 204.629 m
9297,528,0x0210,CORR AGE,14,391256.000,2.0 s
9297,65282,0xFF02,DGNSS STATUS,12,,RTK | Signals: 15 | Latency: 2.0 s | ""
0,74,0x004A,OBS,257,391255.000,Msg 3 of 3 (14) [B14-B1:PCDAr:49.3] [B10-B1:PCDAr:43.3] [B29-B1:PCDAr:46.8] [B10-B2:PCDAr:46.0] [B7-B2:PCDAr:41.5] [B14-B2:PCDAr:52.8] [E4-E1B:PCDAr:50.5] [E27-E1B:PCDAr:42.0] [E19-E1B:PCDAr:45.5] [E21-E1B:PCDAr:51.5] [E4-E7I:PCDAr:53.0] [E21-E7I:PCDAr:53.5] [E27-E7I:PCDAr:42.0] [E19-E7I:PCDAr:47.8]
0,72,0x0048,BASE POS ECEF,32,,X: 4421114.209 m | Y: 712784.166 m | Z: 4526655.471 m (Lat: 45.5006809 deg | Lon: 9.1585732 deg | Alt: 186.776 m)
9297,97,0x0061,MEAS STATE,245,,Total SVs: 19 | L1: 9 | L2: 6 | G1: 0 | G2: 0 | E1: 3 | E2: 3 | B1: 6 | B2: 2 | SBAS: 1
9297,258,0x0102,GPS TIME,19,391256.100,Wk: 2293 | TOW ns: -77 | GNSS
9297,259,0x0103,UTC TIME,24,391256.100,2023-12-21 12:40:38.099 (GNSS) | UTC Offset: Decoded
9297,522,0x020A,POS LLA,42,391256.100,RTK Fixed | Lat: 45.5011055 deg | Lon: 9.1560316 deg | Alt: 173.172 m | Used SVs: 15
9297,526,0x020E,VEL NED,30,391256.100,Comp. Doppler | COG: 344.05 deg | SOG: 0.02 m/s | Horiz Vel: 0.01 m/s | Vert Vel: 0.01 m/s | EHVE: 0.09 m/s | EVVE: 0.09 m/s
9297,520,0x0208,DOPS,23,391256.100,HDOP: 0.8 | PDOP: 1.6
9297,524,0x020C,BASELINE NED,30,391256.100,RTK Fixed | N: 47.186 m | E: -198.649 m | D: 13.608 m | Baseline: 204.629 m
9297,528,0x0210,CORR AGE,14,391256.100,2.1 s
9297,65282,0xFF02,DGNSS STATUS,12,,RTK | Signals: 15 | Latency: 2.1 s | ""
0,74,0x004A,OBS,257,391256.000,Msg 1 of 3 (14) [G10-L1CA:PCDAr:41.8] [G23-L1CA:PCDAr:45.3] [G15-L1CA:PCDAr:52.0] [G13-L1CA:PCDAr:48.8] [G14-L1CA:PCDAr:43.0] [G19-L1CA:PCDAr:50.5] [G24-L1CA:PCDAr:53.3] [G22-L1CA:PCDAr:47.5] [G17-L1CA:PCDAr:47.8] [G12-L1CA:PCDAr:50.8] [G10-L2CM:PCDAr:45.0] [G23-L2CM:PCDAr:44.5] [G24-L2CM:PCDAr:52.8] [G15-L2CM:PCDAr:48.8]
0,74,0x004A,OBS,257,391256.000,Msg 2 of 3 (14) [G14-L2CM:PCDAr:40.8] [G17-L2CM:PCDAr:46.3] [G12-L2CM:PCDAr:46.5] [R1-L1OF:PCDAr:51.8] [R8-L1OF:PCDAr:49.0] [R11-L1OF:PCDAr:56.5] [R10-L1OF:PCDAr:50.5] [R11-L2OF:PCDAr:51.8] [R1-L2OF:PCDAr:45.0] [B7-B1:PCDAr:43.0] [B35-B1:PCDAr:46.5] [B24-B1:PCDAr:54.0] [B33-B1:PCDAr:52.0] [B26-B1:PCDAr:54.8]
9297,258,0x0102,GPS TIME,19,391256.200,Wk: 2293 | TOW ns: -78 | GNSS
9297,259,0x0103,UTC TIME,24,391256.200,2023-12-21 12:40:38.199 (GNSS) | UTC Offset: Decoded
9297,522,0x020A,POS LLA,42,391256.200,RTK Fixed | Lat: 45.5011055 deg | Lon: 9.1560316 deg | Alt: 173.174 m | Used SVs: 15
9297,526,0x020E,VEL NED,30,391256.200,Comp. Doppler | COG: 141.34 deg | SOG: 0.02 m/s | Horiz Vel: 0.01 m/s | Vert Vel: 0.02 m/s | EHVE: 0.09 m/s | EVVE: 0.09 m/s
9297,520,0x0208,DOPS,23,391256.200,HDOP: 0.8 | PDOP: 1.6
9297,524,0x020C,BASELINE NED,30,391256.200,RTK Fixed | N: 47.185 m | E: -198.649 m | D: 13.606 m | Baseline: 204.629 m
9297,528,0x0210,CORR AGE,14,391256.200,2.2 s
9297,65282,0xFF02,DGNSS STATUS,12,,RTK | Signals: 15 | Latency: 2.2 s | ""
9297,258,0x0102,GPS TIME,19,391256.300,Wk: 2293 | TOW ns: -78 | GNSS
9297,259,0x0103,UTC TIME,24,391256.300,2023-12-21 12:40:38.299 (GNSS) | UTC Offset: Decoded
9297,522,0x020A,POS LLA,42,391256.300,RTK Fixed | Lat: 45.5011055 deg | Lon: 9.1560316 deg | Alt: 173.172 m | Used SVs: 15
9297,526,0x020E,VEL NED,30,391256.300,Comp. Doppler | COG: 336.80 deg | SOG: 0.03 m/s | Horiz Vel: 0.02 m/s | Vert Vel: -0.03 m/s | EHVE: 0.09 m/s | EVVE: 0.09 m/s
9297,520,0x0208,DOPS,23,391256.300,HDOP: 0.8 | PDOP: 1.6
9297,524,0x020C,BASELINE NED,30,391256.300,RTK Fixed | N: 47.187 m | E: -198.650 m | D: 13.608 m | Baseline: 204.630 m
9297,528,0x0210,CORR AGE,14,391256.300,2.3 s
9297,65282,0xFF02,DGNSS STATUS,12,,RTK | Signals: 15 | Latency: 2.3 s | ""
9297,258,0x0102,GPS TIME,19,391256.400,Wk: 2293 | TOW ns: -79 | GNSS
9297,259,0x0103,UTC TIME,24,391256.400,2023-12-21 12:40:38.399 (GNSS) | UTC Offset: Decoded
9297,522,0x020A,POS LLA,42,391256.400,RTK Fixed | Lat: 45.5011055 deg | Lon: 9.1560316 deg | Alt: 173.172 m | Used SVs: 15
9297,526,0x020E,VEL NED,30,391256.400,Comp. Doppler | COG: 164.74 deg | SOG: 0.02 m/s | Horiz Vel: 0.01 m/s | Vert Vel: 0.01 m/s | EHVE: 0.09 m/s | EVVE: 0.09 m/s
9297,520,0x0208,DOPS,23,391256.400,HDOP: 0.8 | PDOP: 1.6
9297,524,0x020C,BASELINE NED,30,391256.400,RTK Fixed | N: 47.187 m | E: -198.651 m | D: 13.607 m | Baseline: 204.631 m
9297,528,0x0210,CORR AGE,14,391256.400,1.4 s
9297,65282,0xFF02,DGNSS STATUS,12,,RTK | Signals: 15 | Latency: 1.4 s | ""
9297,151,0x0097,SV AZ EL,116,,(27) [G10 310 18] [G12 228 37] [G13 148 34] [G14 54 10] [G15 194 56] [G17 62 33] [G19 96 40] [G22 52 30] [G23 272 23] [G24 312 72] [G25 234 3] [R1 292 54] [R2 334 13] [R8 196 42] [R9 62 9] [R11 288 59] [R12 254 8] [R20 92 16] [B10 54 29] [B14 244 47] [B24 276 58] [B26 58 64] [B33 284 42] [B35 108 24] [E4 296 55] [E19 168 53] [E21 54 65]
9297,117,0x0075,GLO BIASES,17,,L1C: 0.00 m | L1P: 0.00 m | L2C: 0.00 m | L2P: 0.00 m
9297,65535,0xFFFF,HEARTBEAT,12,,ANT OK | NAP OK | IO OK | SYS OK
9297,23,0x0017,THREAD STATE,34,,main | 0.0 % | 65532 B
9297,23,0x0017,THREAD STATE,34,,idle | 1.2 % | 124 B
9297,23,0x0017,THREAD STATE,34,,rpmsg | 0.2 % | 3556 B
9297,23,0x0017,THREAD STATE,34,,rpmsg_imu | 0.0 % | 3644 B
9297,23,0x0017,THREAD STATE,34,,SBP | 0.0 % | 65532 B
9297,23,0x0017,THREAD STATE,34,,NAP | 0.0 % | 32812 B
9297,23,0x0017,THREAD STATE,34,,manage PV | 0.0 % | 1044 B
9297,23,0x0017,THREAD STATE,34,,IMU | 0.0 % | 2044 B
9297,23,0x0017,THREAD STATE,34,,IMU aux | 0.0 % | 2164 B
9297,23,0x0017,THREAD STATE,34,,ndb | 0.0 % | 3176 B
9297,23,0x0017,THREAD STATE,34,,NAP Tracking | 26.5 % | 30476 B
9297,23,0x0017,THREAD STATE,34,,decode | 0.6 % | 1588 B
9297,23,0x0017,THREAD STATE,34,,manage acq | 28.8 % | 30452 B
9297,23,0x0017,THREAD STATE,34,,system monitor | 0.1 % | 1548 B
9297,23,0x0017,THREAD STATE,34,,Watchdog | 0.0 % | 1108 B
9297,23,0x0017,THREAD STATE,34,,starling | 32.7 % | 65532 B
9297,23,0x0017,THREAD STATE,34,,time matched obs | 9.0 % | 65532 B
9297,23,0x0017,THREAD STATE,34,,me_calc_pvt | 0.8 % | 18804 B
9297,23,0x0017,THREAD STATE,34,,PPS | 0.0 % | 1840 B
9297,23,0x0017,THREAD STATE,34,,spectrum analyzer | 0.0 % | 4044 B
9297,258,0x0102,GPS TIME,19,391256.500,Wk: 2293 | TOW ns: -73 | GNSS
9297,259,0x0103,UTC TIME,24,391256.500,2023-12-21 12:40:38.499 (GNSS) | UTC Offset: Decoded
9297,522,0x020A,POS LLA,42,391256.500,RTK Fixed | Lat: 45.5011055 deg | Lon: 9.1560316 deg | Alt: 173.173 m | Used SVs: 15
9297,526,0x020E,VEL NED,30,391256.500,Comp. Doppler | COG: 161.57 deg | SOG: 0.00 m/s | Horiz Vel: 0.00 m/s | Vert Vel: -0.00 m/s | EHVE: 0.09 m/s | EVVE: 0.09 m/s
9297,520,0x0208,DOPS,23,391256.500,HDOP: 0.8 | PDOP: 1.6
9297,524,0x020C,BASELINE NED,30,391256.500,RTK Fixed | N: 47.187 m | E: -198.651 m | D: 13.607 m | Baseline: 204.631 m
9297,528,0x0210,CORR AGE,14,391256.500,1.5 s
9297,65282,0xFF02,DGNSS STATUS,12,,RTK | Signals: 15 | Latency: 1.5 s | ""
9297,97,0x0061,MEAS STATE,245,,Total SVs: 23 | L1: 9 | L2: 6 | G1: 5 | G2: 4 | E1: 3 | E2: 3 | B1: 6 | B2: 2 | SBAS: 1
9297,258,0x0102,GPS TIME,19,391256.600,Wk: 2293 | TOW ns: -73 | GNSS
9297,259,0x0103,UTC TIME,24,391256.600,2023-12-21 12:40:38.599 (GNSS) | UTC Offset: Decoded
9297,522,0x020A,POS LLA,42,391256.600,RTK Fixed | Lat: 45.5011055 deg | Lon: 9.1560316 deg | Alt: 173.175 m | Used SVs: 15
9297,526,0x020E,VEL NED,30,391256.600,Comp. Doppler | COG: 71.57 deg | SOG: 0.02 m/s | Horiz Vel: 0.01 m/s | Vert Vel: 0.01 m/s | EHVE: 0.09 m/s | EVVE: 0.09 m/s
9297,520,0x0208,DOPS,23,391256.600,HDOP: 0.8 | PDOP: 1.6
9297,524,0x020C,BASELINE NED,30,391256.600,RTK Fixed | N: 47.187 m | E: -198.650 m | D: 13.605 m | Baseline: 204.630 m
9297,528,0x0210,CORR AGE,14,391256.600,1.6 s
9297,65282,0xFF02,DGNSS STATUS,12,,RTK | Signals: 15 | Latency: 1.6 s | ""
9297,258,0x0102,GPS TIME,19,391256.700,Wk: 2293 | TOW ns: -74 | GNSS
9297,259,0x0103,UTC TIME,24,391256.700,2023-12-21 12:40:38.699 (GNSS) | UTC Offset: Decoded
9297,522,0x020A,POS LLA,42,391256.700,RTK Fixed | Lat: 45.5011055 deg | Lon: 9.1560316 deg | Alt: 173.174 m | Used SVs: 15
9297,526,0x020E,VEL NED,30,391256.700,Comp. Doppler | COG: 210.96 deg | SOG: 0.01 m/s | Horiz Vel: 0.01 m/s | Vert Vel: -0.01 m/s | EHVE: 0.09 m/s | EVVE: 0.09 m/s
9297,520,0x0208,DOPS,23,391256.700,HDOP: 0.8 | PDOP: 1.6
9297,524,0x020C,BASELINE NED,30,391256.700,RTK Fixed | N: 47.187 m | E: -198.650 m | D: 13.606 m | Baseline: 204.630 m
9297,528,0x0210,CORR AGE,14,391256.700,1.7 s
9297,65282,0xFF02,DGNSS STATUS,12,,RTK | Signals: 15 | Latency: 1.7 s | ""
9297,258,0x0102,GPS TIME,19,391256.800,Wk: 2293 | TOW ns: -75 | GNSS
9297,259,0x0103,UTC TIME,24,391256.800,2023-12-21 12:40:38.799 (GNSS) | UTC Offset: Decoded
9297,522,0x020A,POS LLA,42,391256.800,RTK Fixed | Lat: 45.5011055 deg | Lon: 9.1560316 deg | Alt: 173.175 m | Used SVs: 15
9297,526,0x020E,VEL NED,30,391256.800,Comp. Doppler | COG: 317.73 deg | SOG: 0.02 m/s | Horiz Vel: 0.01 m/s | Vert Vel: 0.01 m/s | EHVE: 0.09 m/s | EVVE: 0.09 m/s
9297,520,0x0208,DOPS,23,391256.800,HDOP: 0.8 | PDOP: 1.6
9297,524,0x020C,BASELINE NED,30,391256.800,RTK Fixed | N: 47.188 m | E: -198.651 m | D: 13.604 m | Baseline: 204.631 m
9297,528,0x0210,CORR AGE,14,391256.800,1.8 s
9297,65282,0xFF02,DGNSS STATUS,12,,RTK | Signals: 15 | Latency: 1.8 s | ""
9297,258,0x0102,GPS TIME,19,391256.900,Wk: 2293 | TOW ns: -75 | GNSS
9297,259,0x0103,UTC TIME,24,391256.900,2023-12-21 12:40:38.899 (GNSS) | UTC Offset: Decoded
9297,522,0x020A,POS LLA,42,391256.900,RTK Fixed | Lat: 45.5011055 deg | Lon: 9.1560316 deg | Alt: 173.172 m | Used SVs: 15
9297,526,0x020E,VEL NED,30,391256.900,Comp. Doppler | COG: 9.46 deg | SOG: 0.03 m/s | Horiz Vel: 0.01 m/s | Vert Vel: -0.03 m/s | EHVE: 0.09 m/s | EVVE: 0.09 m/s
9297,520,0x0208,DOPS,23,391256.900,HDOP: 0.8 | PDOP: 1.6
9297,524,0x020C,BASELINE NED,30,391256.900,RTK Fixed | N: 47.188 m | E: -198.651 m | D: 13.607 m | Baseline: 204.632 m
9297,528,0x0210,CORR AGE,14,391256.900,1.9 s
9297,65282,0xFF02,DGNSS STATUS,12,,RTK | Signals: 15 | Latency: 1.9 s | ""
9297,74,0x004A,OBS,257,391257.000,Msg 1 of 3 (14) [G12-L1CA:PCDAr:44.0] [G10-L1CA:PCDAr:44.0] [G13-L1CA:PCDAr:43.3] [G15-L1CA:PCDAr:48.3] [G17-L1CA:PCDAr:47.5] [G19-L1CA:PCDAr:46.0] [G22-L1CA:PCDAr:48.8] [G24-L1CA:PCDAr:52.8] [G23-L1CA:PCDAr:45.5] [G24-L2CM:PCDAr:49.5] [G15-L2CM:PCDAr:43.0] [G17-L2CM:PCDAr:44.3] [G12-L2CM:PCDAr:42.5] [G23-L2CM:PCDAr:43.5]
9297,74,0x004A,OBS,257,391257.000,Msg 2 of 3 (14) [G10-L2CM:PCDAr:46.8] [R11-L1OF:PCDAr:56.3] [R2-L1OF:PCDAr:52.0] [R1-L1OF:PCDAr:51.0] [R8-L1OF:PCDAr:44.5] [R20-L1OF:PCDAr:31.8] [R2-L2OF:PCDAr:42.3] [R11-L2OF:PCDAr:51.5] [R1-L2OF:PCDAr:44.3] [R8-L2OF:PCDAr:41.8] [B24-B1:PCDAr:53.5] [B10-B1:PCDAr:45.5] [B26-B1:PCDAr:52.8] [B33-B1:PCDAr:52.0]
9297,74,0x004A,OBS,189,391257.000,Msg 3 of 3 (10) [B35-B1:PCDAr:40.3] [B14-B1:PCDAr:47.8] [B10-B2:PCDAr:45.3] [B14-B2:PCDAr:51.5] [E4-E1B:PCDAr:51.8] [E19-E1B:PCDAr:41.8] [E21-E1B:PCDAr:51.3] [E4-E7I:PCDAr:51.5] [E19-E7I:PCDAr:40.3] [E21-E7I:PCDAr:51.0]
9297,117,0x0075,GLO BIASES,17,,L1C: 0.00 m | L1P: 0.00 m | L2C: 0.00 m | L2P: 0.00 m
9297,258,0x0102,GPS TIME,19,391257.000,Wk: 2293 | TOW ns: -76 | GNSS
9297,259,0x0103,UTC TIME,24,391257.000,2023-12-21 12:40:38.999 (GNSS) | UTC Offset: Decoded
9297,522,0x020A,POS LLA,42,391257.000,RTK Fixed | Lat: 45.5011055 deg | Lon: 9.1560316 deg | Alt: 173.172 m | Used SVs: 15
9297,526,0x020E,VEL NED,30,391257.000,Comp. Doppler | COG: 113.20 deg | SOG: 0.02 m/s | Horiz Vel: 0.02 m/s | Vert Vel: 0.00 m/s | EHVE: 0.09 m/s | EVVE: 0.09 m/s
9297,520,0x0208,DOPS,23,391257.000,HDOP: 0.8 | PDOP: 1.6
9297,524,0x020C,BASELINE NED,30,391257.000,RTK Fixed | N: 47.188 m | E: -198.650 m | D: 13.607 m | Baseline: 204.631 m
9297,528,0x0210,CORR AGE,14,391257.000,2.0 s
9297,65282,0xFF02,DGNSS STATUS,12,,RTK | Signals: 15 | Latency: 2.0 s | ""
9297,141,0x008D,EPH GAL,161,,4 | 2293 390000 | 3.1 14400 | 1 0
9297,97,0x0061,MEAS STATE,245,,Total SVs: 19 | L1: 9 | L2: 6 | G1: 0 | G2: 0 | E1: 3 | E2: 3 | B1: 6 | B2: 2 | SBAS: 1
9297,258,0x0102,GPS TIME,19,391257.100,Wk: 2293 | TOW ns: -76 | GNSS
9297,259,0x0103,UTC TIME,24,391257.100,2023-12-21 12:40:39.099 (GNSS) | UTC Offset: Decoded
9297,522,0x020A,POS LLA,42,391257.100,RTK Fixed | Lat: 45.5011055 deg | Lon: 9.1560316 deg | Alt: 173.175 m | Used SVs: 15
9297,526,0x020E,VEL NED,30,391257.100,Comp. Doppler | COG: 189.46 deg | SOG: 0.03 m/s | Horiz Vel: 0.01 m/s | Vert Vel: 0.02 m/s | EHVE: 0.09 m/s | EVVE: 0.09 m/s
9297,520,0x0208,DOPS,23,391257.100,HDOP: 0.8 | PDOP: 1.6
9297,524,0x020C,BASELINE NED,30,391257.100,RTK Fixed | N: 47.186 m | E: -198.650 m | D: 13.604 m | Baseline: 204.630 m
9297,528,0x0210,CORR AGE,14,391257.100,2.1 s
9297,65282,0xFF02,DGNSS STATUS,12,,RTK | Signals: 15 | Latency: 2.1 s | ""
0,74,0x004A,OBS,257,391256.000,Msg 3 of 3 (14) [B14-B1:PCDAr:49.3] [B10-B1:PCDAr:43.0] [B29-B1:PCDAr:46.8] [B10-B2:PCDAr:46.3] [B7-B2:PCDAr:41.3] [B14-B2:PCDAr:52.8] [E4-E1B:PCDAr:50.5] [E27-E1B:PCDAr:41.8] [E19-E1B:PCDAr:45.3] [E21-E1B:PCDAr:51.5] [E4-E7I:PCDAr:53.0] [E21-E7I:PCDAr:53.5] [E27-E7I:PCDAr:42.0] [E19-E7I:PCDAr:47.8]
0,72,0x0048,BASE POS ECEF,32,,X: 4421114.209 m | Y: 712784.166 m | Z: 4526655.471 m (Lat: 45.5006809 deg | Lon: 9.1585732 deg | Alt: 186.776 m)
0,74,0x004A,OBS,257,391257.000,Msg 1 of 3 (14) [G10-L1CA:PCDAr:41.8] [G23-L1CA:PCDAr:45.5] [G15-L1CA:PCDAr:52.3] [G13-L1CA:PCDAr:49.0] [G14-L1CA:PCDAr:43.0] [G19-L1CA:PCDAr:50.5] [G24-L1CA:PCDAr:53.3] [G22-L1CA:PCDAr:47.8] [G17-L1CA:PCDAr:47.8] [G12-L1CA:PCDAr:51.0] [G10-L2CM:PCDAr:45.0] [G23-L2CM:PCDAr:44.5] [G24-L2CM:PCDAr:52.5] [G15-L2CM:PCDAr:48.8]
0,74,0x004A,OBS,257,391257.000,Msg 2 of 3 (14) [G14-L2CM:PCDAr:40.5] [G17-L2CM:PCDAr:46.0] [G12-L2CM:PCDAr:46.5] [R1-L1OF:PCDAr:51.8] [R8-L1OF:PCDAr:49.0] [R11-L1OF:PCDAr:56.3] [R10-L1OF:PCDAr:50.5] [R11-L2OF:PCDAr:52.0] [R1-L2OF:PCDAr:45.3] [B7-B1:PCDAr:42.8] [B35-B1:PCDAr:46.5] [B24-B1:PCDAr:54.0] [B33-B1:PCDAr:51.8] [B26-B1:PCDAr:54.5]
9297,258,0x0102,GPS TIME,19,391257.200,Wk: 2293 | TOW ns: -77 | GNSS
9297,259,0x0103,UTC TIME,24,391257.200,2023-12-21 12:40:39.199 (GNSS) | UTC Offset: Decoded
9297,522,0x020A,POS LLA,42,391257.200,RTK Fixed | Lat: 45.5011055 deg | Lon: 9.1560316 deg | Alt: 173.177 m | Used SVs: 15
9297,526,0x020E,VEL NED,30,391257.200,Comp. Doppler | COG: 18.43 deg | SOG: 0.02 m/s | Horiz Vel: 0.01 m/s | Vert Vel: 0.02 m/s | EHVE: 0.09 m/s | EVVE: 0.09 m/s
9297,520,0x0208,DOPS,23,391257.200,HDOP: 0.8 | PDOP: 1.6
9297,524,0x020C,BASELINE NED,30,391257.200,RTK Fixed | N: 47.187 m | E: -198.650 m | D: 13.602 m | Baseline: 204.630 m
9297,528,0x0210,CORR AGE,14,391257.200,2.2 s
9297,65282,0xFF02,DGNSS STATUS,12,,RTK | Signals: 15 | Latency: 2.2 s | ""
9297,258,0x0102,GPS TIME,19,391257.300,Wk: 2293 | TOW ns: -78 | GNSS
9297,259,0x0103,UTC TIME,24,391257.300,2023-12-21 12:40:39.299 (GNSS) | UTC Offset: Decoded
9297,522,0x020A,POS LLA,42,391257.300,RTK Fixed | Lat: 45.5011055 deg | Lon: 9.1560316 deg | Alt: 173.178 m | Used SVs: 15
9297,526,0x020E,VEL NED,30,391257.300,Comp. Doppler | COG: 270.00 deg | SOG: 0.01 m/s | Horiz Vel: 0.01 m/s | Vert Vel: 0.01 m/s | EHVE: 0.09 m/s | EVVE: 0.09 m/s
9297,520,0x0208,DOPS,23,391257.300,HDOP: 0.8 | PDOP: 1.6
9297,524,0x020C,BASELINE NED,30,391257.300,RTK Fixed | N: 47.187 m | E: -198.651 m | D: 13.602 m | Baseline: 204.631 m
9297,528,0x0210,CORR AGE,14,391257.300,2.3 s
9297,65282,0xFF02,DGNSS STATUS,12,,RTK | Signals: 15 | Latency: 2.3 s | ""
9297,258,0x0102,GPS TIME,19,391257.400,Wk: 2293 | TOW ns: -78 | GNSS
9297,259,0x0103,UTC TIME,24,391257.400,2023-12-21 12:40:39.399 (GNSS) | UTC Offset: Decoded
9297,522,0x020A,POS LLA,42,391257.400,RTK Fixed | Lat: 45.5011055 deg | Lon: 9.1560316 deg | Alt: 173.178 m | Used SVs: 15
9297,526,0x020E,VEL NED,30,391257.400,Comp. Doppler | COG: 68.20 deg | SOG: 0.01 m/s | Horiz Vel: 0.01 m/s | Vert Vel: -0.01 m/s | EHVE: 0.09 m/s | EVVE: 0.09 m/s
9297,520,0x0208,DOPS,23,391257.400,HDOP: 0.8 | PDOP: 1.6
9297,524,0x020C,BASELINE NED,30,391257.400,RTK Fixed | N: 47.187 m | E: -198.651 m | D: 13.601 m | Baseline: 204.631 m
9297,528,0x0210,CORR AGE,14,391257.400,1.4 s
9297,65282,0xFF02,DGNSS STATUS,12,,RTK | Signals: 15 | Latency: 1.4 s | ""
9297,151,0x0097,SV AZ EL,116,,(27) [G10 310 18] [G12 228 37] [G13 148 34] [G14 54 10] [G15 194 56] [G17 62 33] [G19 96 40] [G22 52 30] [G23 272 23] [G24 312 72] [G25 234 3] [R1 292 55] [R2 334 14] [R8 196 42] [R9 62 9] [R11 288 59] [R12 254 8] [R20 92 16] [B10 54 29] [B14 244 46] [B24 276 58] [B26 58 64] [B33 282 42] [B35 108 24] [E4 296 55] [E19 168 53] [E21 54 64]
9297,117,0x0075,GLO BIASES,17,,L1C: 0.00 m | L1P: 0.00 m | L2C: 0.00 m | L2P: 0.00 m
9297,65535,0xFFFF,HEARTBEAT,12,,ANT OK | NAP OK | IO OK | SYS OK
9297,258,0x0102,GPS TIME,19,391257.500,Wk: 2293 | TOW ns: -79 | GNSS
9297,259,0x0103,UTC TIME,24,391257.500,2023-12-21 12:40:39.499 (GNSS) | UTC Offset: Decoded
9297,522,0x020A,POS LLA,42,391257.500,RTK Fixed | Lat: 45.5011055 deg | Lon: 9.1560316 deg | Alt: 173.176 m | Used SVs: 15
9297,526,0x020E,VEL NED,30,391257.500,Comp. Doppler | COG: 12.53 deg | SOG: 0.03 m/s | Horiz Vel: 0.01 m/s | Vert Vel: -0.03 m/s | EHVE: 0.09 m/s | EVVE: 0.09 m/s
9297,520,0x0208,DOPS,23,391257.500,HDOP: 0.8 | PDOP: 1.6
9297,524,0x020C,BASELINE NED,30,391257.500,RTK Fixed | N: 47.188 m | E: -198.650 m | D: 13.604 m | Baseline: 204.630 m
9297,528,0x0210,CORR AGE,14,391257.500,1.5 s
9297,65282,0xFF02,DGNSS STATUS,12,,RTK | Signals: 15 | Latency: 1.5 s | ""
9297,97,0x0061,MEAS STATE,245,,Total SVs: 23 | L1: 9 | L2: 6 | G1: 5 | G2: 4 | E1: 3 | E2: 3 | B1: 6 | B2: 2 | SBAS: 1
9297,258,0x0102,GPS TIME,19,391257.600,Wk: 2293 | TOW ns: -73 | GNSS
9297,259,0x0103,UTC TIME,24,391257.600,2023-12-21 12:40:39.599 (GNSS) | UTC Offset: Decoded
9297,522,0x020A,POS LLA,42,391257.600,RTK Fixed | Lat: 45.5011055 deg | Lon: 9.1560316 deg | Alt: 173.179 m | Used SVs: 15
9297,526,0x020E,VEL NED,30,391257.600,Comp. Doppler | COG: 135.00 deg | SOG: 0.05 m/s | Horiz Vel: 0.02 m/s | Vert Vel: 0.04 m/s | EHVE: 0.09 m/s | EVVE: 0.09 m/s
9297,520,0x0208,DOPS,23,391257.600,HDOP: 0.8 | PDOP: 1.6
9297,524,0x020C,BASELINE NED,30,391257.600,RTK Fixed | N: 47.187 m | E: -198.649 m | D: 13.600 m | Baseline: 204.629 m
9297,528,0x0210,CORR AGE,14,391257.600,1.6 s
9297,65282,0xFF02,DGNSS STATUS,12,,RTK | Signals: 15 | Latency: 1.6 s | ""
9297,258,0x0102,GPS TIME,19,391257.700,Wk: 2293 | TOW ns: -73 | GNSS
9297,259,0x0103,UTC TIME,24,391257.700,2023-12-21 12:40:39.699 (GNSS) | UTC Offset: Decoded
9297,522,0x020A,POS LLA,42,391257.700,RTK Fixed | Lat: 45.5011055 deg | Lon: 9.1560316 deg | Alt: 173.179 m | Used SVs: 15
9297,526,0x020E,VEL NED,30,391257.700,Comp. Doppler | COG: 171.87 deg | SOG: 0.01 m/s | Horiz Vel: 0.01 m/s | Vert Vel: -0.01 m/s | EHVE: 0.09 m/s | EVVE: 0.09 m/s
9297,520,0x0208,DOPS,23,391257.700,HDOP: 0.8 | PDOP: 1.6
9297,524,0x020C,BASELINE NED,30,391257.700,RTK Fixed | N: 47.186 m | E: -198.649 m | D: 13.601 m | Baseline: 204.629 m
9297,528,0x0210,CORR AGE,14,391257.700,1.7 s
9297,65282,0xFF02,DGNSS STATUS,12,,RTK | Signals: 15 | Latency: 1.7 s | ""
9297,139,0x008B,EPH GLO,100,,11 | 2293 391518 | 2.5 4200 | 1 0
9297,139,0x008B,EPH GLO,100,,1 | 2293 391518 | 2.5 4200 | 1 0
9297,139,0x008B,EPH GLO,100,,8 | 2293 391518 | 2.5 4200 | 1 0
9297,139,0x008B,EPH GLO,100,,2 | 2293 391518 | 2.5 4200 | 1 0
9297,258,0x0102,GPS TIME,19,391257.800,Wk: 2293 | TOW ns: -74 | GNSS
9297,259,0x0103,UTC TIME,24,391257.800,2023-12-21 12:40:39.799 (GNSS) | UTC Offset: Decoded
9297,522,0x020A,POS LLA,42,391257.800,RTK Fixed | Lat: 45.5011055 deg | Lon: 9.1560316 deg | Alt: 173.174 m | Used SVs: 15
9297,526,0x020E,VEL NED,30,391257.800,Comp. Doppler | COG: 304.70 deg | SOG: 0.05 m/s | Horiz Vel: 0.02 m/s | Vert Vel: -0.05 m/s | EHVE: 0.09 m/s | EVVE: 0.09 m/s
9297,520,0x0208,DOPS,23,391257.800,HDOP: 0.8 | PDOP: 1.6
9297,524,0x020C,BASELINE NED,30,391257.800,RTK Fixed | N: 47.187 m | E: -198.651 m | D: 13.605 m | Baseline: 204.631 m
9297,528,0x0210,CORR AGE,14,391257.800,1.8 s
9297,65282,0xFF02,DGNSS STATUS,12,,RTK | Signals: 15 | Latency: 1.8 s | ""
9297,258,0x0102,GPS TIME,19,391257.900,Wk: 2293 | TOW ns: -74 | GNSS
9297,259,0x0103,UTC TIME,24,391257.900,2023-12-21 12:40:39.899 (GNSS) | UTC Offset: Decoded
9297,522,0x020A,POS LLA,42,391257.900,RTK Fixed | Lat: 45.5011055 deg | Lon: 9.1560316 deg | Alt: 173.178 m | Used SVs: 15
9297,526,0x020E,VEL NED,30,391257.900,Comp. Doppler | COG: 354.29 deg | SOG: 0.04 m/s | Horiz Vel: 0.01 m/s | Vert Vel: 0.04 m/s | EHVE: 0.09 m/s | EVVE: 0.09 m/s
9297,520,0x0208,DOPS,23,391257.900,HDOP: 0.8 | PDOP: 1.6
9297,524,0x020C,BASELINE NED,30,391257.900,RTK Fixed | N: 47.188 m | E: -198.651 m | D: 13.601 m | Baseline: 204.631 m
9297,528,0x0210,CORR AGE,14,391257.900,1.9 s
9297,65282,0xFF02,DGNSS STATUS,12,,RTK | Signals: 15 | Latency: 1.9 s | ""
9297,74,0x004A,OBS,257,391258.000,Msg 1 of 3 (14) [G12-L1CA:PCDAr:43.8] [G10-L1CA:PCDAr:44.0] [G13-L1CA:PCDAr:43.3] [G15-L1CA:PCDAr:48.3] [G17-L1CA:PCDAr:47.5] [G19-L1CA:PCDAr:45.5] [G22-L1CA:PCDAr:48.8] [G24-L1CA:PCDAr:52.8] [G23-L1CA:PCDAr:45.3] [G24-L2CM:PCDAr:49.5] [G15-L2CM:PCDAr:43.3] [G17-L2CM:PCDAr:44.0] [G12-L2CM:PCDAr:42.5] [G23-L2CM:PCDAr:43.5]
9297,74,0x004A,OBS,257,391258.000,Msg 2 of 3 (14) [G10-L2CM:PCDAr:46.8] [R11-L1OF:PCDAr:56.3] [R2-L1OF:PCDAr:52.3] [R1-L1OF:PCDAr:51.0] [R8-L1OF:PCDAr:44.5] [R20-L1OF:PCDAr:32.0] [R2-L2OF:PCDAr:42.0] [R11-L2OF:PCDAr:51.3] [R1-L2OF:PCDAr:44.3] [R8-L2OF:PCDAr:41.8] [B24-B1:PCDAr:53.5] [B10-B1:PCDAr:45.3] [B26-B1:PCDAr:52.5] [B33-B1:PCDAr:52.0]
9297,74,0x004A,OBS,189,391258.000,Msg 3 of 3 (10) [B35-B1:PCDAr:40.3] [B14-B1:PCDAr:47.8] [B10-B2:PCDAr:45.3] [B14-B2:PCDAr:51.5] [E4-E1B:PCDAr:51.5] [E19-E1B:PCDAr:41.8] [E21-E1B:PCDAr:51.3] [E4-E7I:PCDAr:51.3] [E19-E7I:PCDAr:40.0] [E21-E7I:PCDAr:51.0]
9297,117,0x0075,GLO BIASES,17,,L1C: 0.00 m | L1P: 0.00 m | L2C: 0.00 m | L2P: 0.00 m
9297,258,0x0102,GPS TIME,19,391258.000,Wk: 2293 | TOW ns: -75 | GNSS
9297,259,0x0103,UTC TIME,24,391258.000,2023-12-21 12:40:39.999 (GNSS) | UTC Offset: Decoded
9297,522,0x020A,POS LLA,42,391258.000,RTK Fixed | Lat: 45.5011055 deg | Lon: 9.1560316 deg | Alt: 173.177 m | Used SVs: 15
9297,526,0x020E,VEL NED,30,391258.000,Comp. Doppler | COG: 14.04 deg | SOG: 0.03 m/s | Horiz Vel: 0.00 m/s | Vert Vel: -0.03 m/s | EHVE: 0.09 m/s | EVVE: 0.09 m/s
9297,520,0x0208,DOPS,23,391258.000,HDOP: 0.8 | PDOP: 1.6
9297,524,0x020C,BASELINE NED,30,391258.000,RTK Fixed | N: 47.188 m | E: -198.650 m | D: 13.603 m | Baseline: 204.630 m
9297,528,0x0210,CORR AGE,14,391258.000,2.0 s
9297,65282,0xFF02,DGNSS STATUS,12,,RTK | Signals: 15 | Latency: 2.0 s | ""
9297,97,0x0061,MEAS STATE,245,,Total SVs: 19 | L1: 9 | L2: 6 | G1: 0 | G2: 0 | E1: 3 | E2: 3 | B1: 6 | B2: 2 | SBAS: 1
9297,258,0x0102,GPS TIME,19,391258.100,Wk: 2293 | TOW ns: -75 | GNSS
9297,259,0x0103,UTC TIME,24,391258.100,2023-12-21 12:40:40.099 (GNSS) | UTC Offset: Decoded
9297,522,0x020A,POS LLA,42,391258.100,RTK Fixed | Lat: 45.5011055 deg | Lon: 9.1560316 deg | Alt: 173.177 m | Used SVs: 15
9297,526,0x020E,VEL NED,30,391258.100,Comp. Doppler | COG: 145.30 deg | SOG: 0.02 m/s | Horiz Vel: 0.02 m/s | Vert Vel: 0.01 m/s | EHVE: 0.09 m/s | EVVE: 0.09 m/s
9297,520,0x0208,DOPS,23,391258.100,HDOP: 0.8 | PDOP: 1.6
9297,524,0x020C,BASELINE NED,30,391258.100,RTK Fixed | N: 47.187 m | E: -198.649 m | D: 13.602 m | Baseline: 204.629 m
9297,528,0x0210,CORR AGE,14,391258.100,2.1 s
9297,65282,0xFF02,DGNSS STATUS,12,,RTK | Signals: 15 | Latency: 2.1 s | ""
9297,258,0x0102,GPS TIME,19,391258.200,Wk: 2293 | TOW ns: -76 | GNSS
9297,259,0x0103,UTC TIME,24,391258.200,2023-12-21 12:40:40.199 (GNSS) | UTC Offset: Decoded
9297,522,0x020A,POS LLA,42,391258.200,RTK Fixed | Lat: 45.5011055 deg | Lon: 9.1560316 deg | Alt: 173.178 m | Used SVs: 15
9297,526,0x020E,VEL NED,30,391258.200,Comp. Doppler | COG: 18.43 deg | SOG: 0.01 m/s | Horiz Vel: 0.01 m/s | Vert Vel: -0.00 m/s | EHVE: 0.09 m/s | EVVE: 0.09 m/s
9297,520,0x0208,DOPS,23,391258.200,HDOP: 0.8 | PDOP: 1.6
9297,524,0x020C,BASELINE NED,30,391258.200,RTK Fixed | N: 47.187 m | E: -198.649 m | D: 13.602 m | Baseline: 204.629 m
9297,528,0x0210,CORR AGE,14,391258.200,2.2 s
9297,65282,0xFF02,DGNSS STATUS,12,,RTK | Signals: 15 | Latency: 2.2 s | ""
9297,258,0x0102,GPS TIME,19,391258.300,Wk: 2293 | TOW ns: -76 | GNSS
9297,259,0x0103,UTC TIME,24,391258.300,2023-12-21 12:40:40.299 (GNSS) | UTC Offset: Decoded
9297,522,0x020A,POS LLA,42,391258.300,RTK Fixed | Lat: 45.5011055 deg | Lon: 9.1560316 deg | Alt: 173.178 m | Used SVs: 15
9297,526,0x020E,VEL NED,30,391258.300,Comp. Doppler | COG: 198.43 deg | SOG: 0.01 m/s | Horiz Vel: 0.01 m/s | Vert Vel: 0.00 m/s | EHVE: 0.09 m/s | EVVE: 0.09 m/s
9297,520,0x0208,DOPS,23,391258.300,HDOP: 0.8 | PDOP: 1.6
9297,524,0x020C,BASELINE NED,30,391258.300,RTK Fixed | N: 47.187 m | E: -198.650 m | D: 13.601 m | Baseline: 204.630 m
9297,528,0x0210,CORR AGE,14,391258.300,2.3 s
9297,65282,0xFF02,DGNSS STATUS,12,,RTK | Signals: 15 | Latency: 2.3 s | ""
9297,30583,0x7777,SBAS RAW,42,,
0,74,0x004A,OBS,257,391257.000,Msg 3 of 3 (14) [B14-B1:PCDAr:49.3] [B10-B1:PCDAr:43.0] [B29-B1:PCDAr:46.8] [B10-B2:PCDAr:46.0] [B7-B2:PCDAr:41.3] [B14-B2:PCDAr:52.5] [E4-E1B:PCDAr:50.5] [E27-E1B:PCDAr:41.8] [E19-E1B:PCDAr:45.3] [E21-E1B:PCDAr:51.5] [E4-E7I:PCDAr:53.0] [E21-E7I:PCDAr:53.5] [E27-E7I:PCDAr:41.8] [E19-E7I:PCDAr:47.8]
0,72,0x0048,BASE POS ECEF,32,,X: 4421114.209 m | Y: 712784.166 m | Z: 4526655.471 m (Lat: 45.5006809 deg | Lon: 9.1585732 deg | Alt: 186.776 m)
0,74,0x004A,OBS,257,391258.000,Msg 1 of 3 (14) [G10-L1CA:PCDAr:42.3] [G23-L1CA:PCDAr:45.8] [G15-L1CA:PCDAr:52.5] [G13-L1CA:PCDAr:49.3] [G14-L1CA:PCDAr:43.3] [G19-L1CA:PCDAr:51.0] [G24-L1CA:PCDAr:53.5] [G22-L1CA:PCDAr:48.0] [G17-L1CA:PCDAr:48.3] [G12-L1CA:PCDAr:51.3] [G10-L2CM:PCDAr:45.3] [G23-L2CM:PCDAr:44.8] [G24-L2CM:PCDAr:52.8] [G15-L2CM:PCDAr:49.0]
9297,258,0x0102,GPS TIME,19,391258.400,Wk: 2293 | TOW ns: -77 | GNSS
9297,259,0x0103,UTC TIME,24,391258.400,2023-12-21 12:40:40.399 (GNSS) | UTC Offset: Decoded
9297,522,0x020A,POS LLA,42,391258.400,RTK Fixed | Lat: 45.5011055 deg | Lon: 9.1560316 deg | Alt: 173.178 m | Used SVs: 15
9297,526,0x020E,VEL NED,30,391258.400,Comp. Doppler | COG: 13.24 deg | SOG: 0.02 m/s | Horiz Vel: 0.02 m/s | Vert Vel: -0.01 m/s | EHVE: 0.09 m/s | EVVE: 0.09 m/s
9297,520,0x0208,DOPS,23,391258.400,HDOP: 0.8 | PDOP: 1.6
9297,524,0x020C,BASELINE NED,30,391258.400,RTK Fixed | N: 47.188 m | E: -198.649 m | D: 13.602 m | Baseline: 204.629 m
9297,528,0x0210,CORR AGE,14,391258.400,2.4 s
9297,65282,0xFF02,DGNSS STATUS,12,,RTK | Signals: 15 | Latency: 2.4 s | ""
0,74,0x004A,OBS,257,391258.000,Msg 2 of 3 (14) [G14-L2CM:PCDAr:40.5] [G17-L2CM:PCDAr:46.3] [G12-L2CM:PCDAr:46.8] [R1-L1OF:PCDAr:51.5] [R8-L1OF:PCDAr:49.3] [R11-L1OF:PCDAr:56.3] [R10-L1OF:PCDAr:50.5] [R11-L2OF:PCDAr:52.0] [R1-L2OF:PCDAr:45.0] [B7-B1:PCDAr:42.5] [B35-B1:PCDAr:46.3] [B24-B1:PCDAr:53.8] [B33-B1:PCDAr:51.5] [B26-B1:PCDAr:54.3]
9297,151,0x0097,SV AZ EL,116,,(27) [G10 310 18] [G12 228 37] [G13 148 34] [G14 54 10] [G15 194 56] [G17 62 33] [G19 96 40] [G22 52 30] [G23 272 23] [G24 312 72] [G25 234 3] [R1 292 55] [R2 334 14] [R8 196 42] [R9 62 9] [R11 288 59] [R12 254 8] [R20 92 16] [B10 54 29] [B14 244 46] [B24 276 58] [B26 58 64] [B33 282 42] [B35 108 24] [E4 296 55] [E19 168 53] [E21 54 64]
9297,117,0x0075,GLO BIASES,17,,L1C: 0.00 m | L1P: 0.00 m | L2C: 0.00 m | L2P: 0.00 m
9297,65535,0xFFFF,HEARTBEAT,12,,ANT OK | NAP OK | IO OK | SYS OK
9297,23,0x0017,THREAD STATE,34,,main | 0.0 % | 65532 B
9297,23,0x0017,THREAD STATE,34,,idle | 1.4 % | 124 B
9297,23,0x0017,THREAD STATE,34,,rpmsg | 0.2 % | 3548 B
9297,23,0x0017,THREAD STATE,34,,rpmsg_imu | 0.0 % | 3644 B
9297,23,0x0017,THREAD STATE,34,,SBP | 0.0 % | 65532 B
9297,23,0x0017,THREAD STATE,34,,NAP | 0.0 % | 32812 B
9297,23,0x0017,THREAD STATE,34,,manage PV | 0.0 % | 1044 B
9297,23,0x0017,THREAD STATE,34,,IMU | 0.0 % | 2044 B
9297,23,0x0017,THREAD STATE,34,,IMU aux | 0.0 % | 2164 B
9297,23,0x0017,THREAD STATE,34,,ndb | 0.0 % | 3176 B
9297,23,0x0017,THREAD STATE,34,,NAP Tracking | 25.0 % | 30476 B
9297,23,0x0017,THREAD STATE,34,,decode | 0.7 % | 1588 B
9297,23,0x0017,THREAD STATE,34,,manage acq | 31.9 % | 30452 B
9297,23,0x0017,THREAD STATE,34,,system monitor | 0.1 % | 1548 B
9297,23,0x0017,THREAD STATE,34,,Watchdog | 0.0 % | 1108 B
9297,23,0x0017,THREAD STATE,34,,starling | 32.7 % | 65532 B
9297,23,0x0017,THREAD STATE,34,,time matched obs | 7.3 % | 65532 B
9297,23,0x0017,THREAD STATE,34,,me_calc_pvt | 0.7 % | 18804 B
9297,23,0x0017,THREAD STATE,34,,PPS | 0.0 % | 1840 B
9297,23,0x0017,THREAD STATE,34,,spectrum analyzer | 0.0 % | 4044 B
9297,181,0x00B5,DEVICE MONITOR,18,,Vin: 5.91 V | Tcpu: 36.5 C | Trf: 33.9 C
9297,258,0x0102,GPS TIME,19,391258.500,Wk: 2293 | TOW ns: -77 | GNSS
9297,259,0x0103,UTC TIME,24,391258.500,2023-12-21 12:40:40.499 (GNSS) | UTC Offset: Decoded
9297,522,0x020A,POS LLA,42,391258.500,RTK Fixed | Lat: 45.5011055 deg | Lon: 9.1560316 deg | Alt: 173.179 m | Used SVs: 15
9297,526,0x020E,VEL NED,30,391258.500,Comp. Doppler | COG: 167.91 deg | SOG: 0.02 m/s | Horiz Vel: 0.01 m/s | Vert Vel: 0.01 m/s | EHVE: 0.09 m/s | EVVE: 0.09 m/s
9297,520,0x0208,DOPS,23,391258.500,HDOP: 0.8 | PDOP: 1.6
9297,524,0x020C,BASELINE NED,30,391258.500,RTK Fixed | N: 47.187 m | E: -198.649 m | D: 13.601 m | Baseline: 204.629 m
9297,528,0x0210,CORR AGE,14,391258.500,2.5 s
9297,65282,0xFF02,DGNSS STATUS,12,,RTK | Signals: 15 | Latency: 2.5 s | ""
9297,97,0x0061,MEAS STATE,245,,Total SVs: 23 | L1: 9 | L2: 6 | G1: 5 | G2: 4 | E1: 3 | E2: 3 | B1: 6 | B2: 2 | SBAS: 1
9297,258,0x0102,GPS TIME,19,391258.600,Wk: 2293 | TOW ns: -78 | GNSS
9297,259,0x0103,UTC TIME,24,391258.600,2023-12-21 12:40:40.599 (GNSS) | UTC Offset: Decoded
9297,522,0x020A,POS LLA,42,391258.600,RTK Fixed | Lat: 45.5011055 deg | Lon: 9.1560316 deg | Alt: 173.174 m | Used SVs: 15
9297,526,0x020E,VEL NED,30,391258.600,Comp. Doppler | COG: 312.71 deg | SOG: 0.03 m/s | Horiz Vel: 0.02 m/s | Vert Vel: -0.02 m/s | EHVE: 0.09 m/s | EVVE: 0.09 m/s
9297,520,0x0208,DOPS,23,391258.600,HDOP: 0.8 | PDOP: 1.6
9297,524,0x020C,BASELINE NED,30,391258.600,RTK Fixed | N: 47.188 m | E: -198.651 m | D: 13.605 m | Baseline: 204.631 m
9297,528,0x0210,CORR AGE,14,391258.600,1.6 s
9297,65282,0xFF02,DGNSS STATUS,12,,RTK | Signals: 15 | Latency: 1.6 s | ""
9297,258,0x0102,GPS TIME,19,391258.700,Wk: 2293 | TOW ns: -72 | GNSS
9297,259,0x0103,UTC TIME,24,391258.700,2023-12-21 12:40:40.699 (GNSS) | UTC Offset: Decoded
9297,522,0x020A,POS LLA,42,391258.700,RTK Fixed | Lat: 45.5011055 deg | Lon: 9.1560316 deg | Alt: 173.176 m | Used SVs: 15
9297,526,0x020E,VEL NED,30,391258.700,Comp. Doppler | COG: 147.99 deg | SOG: 0.02 m/s | Horiz Vel: 0.01 m/s | Vert Vel: 0.01 m/s | EHVE: 0.09 m/s | EVVE: 0.09 m/s
9297,520,0x0208,DOPS,23,391258.700,HDOP: 0.8 | PDOP: 1.6
9297,524,0x020C,BASELINE NED,30,391258.700,RTK Fixed | N: 47.187 m | E: -198.650 m | D: 13.604 m | Baseline: 204.630 m
9297,528,0x0210,CORR AGE,14,391258.700,1.7 s
9297,65282,0xFF02,DGNSS STATUS,12,,RTK | Signals: 15 | Latency: 1.7 s | ""
9297,258,0x0102,GPS TIME,19,391258.800,Wk: 2293 | TOW ns: -73 | GNSS
9297,259,0x0103,UTC TIME,24,391258.800,2023-12-21 12:40:40.799 (GNSS) | UTC Offset: Decoded
9297,522,0x020A,POS LLA,42,391258.800,RTK Fixed | Lat: 45.5011055 deg | Lon: 9.1560316 deg | Alt: 173.173 m | Used SVs: 15
9297,526,0x020E,VEL NED,30,391258.800,Comp. Doppler | COG: 123.69 deg | SOG: 0.03 m/s | Horiz Vel: 0.01 m/s | Vert Vel: -0.03 m/s | EHVE: 0.09 m/s | EVVE: 0.09 m/s
9297,520,0x0208,DOPS,23,391258.800,HDOP: 0.8 | PDOP: 1.6
9297,524,0x020C,BASELINE NED,30,391258.800,RTK Fixed | N: 47.186 m | E: -198.649 m | D: 13.606 m | Baseline: 204.629 m
9297,528,0x0210,CORR AGE,14,391258.800,1.8 s
9297,65282,0xFF02,DGNSS STATUS,12,,RTK | Signals: 15 | Latency: 1.8 s | ""
9297,258,0x0102,GPS TIME,19,391258.900,Wk: 2293 | TOW ns: -73 | GNSS
9297,259,0x0103,UTC TIME,24,391258.900,2023-12-21 12:40:40.899 (GNSS) | UTC Offset: Decoded
9297,522,0x020A,POS LLA,42,391258.900,RTK Fixed | Lat: 45.5011055 deg | Lon: 9.1560316 deg | Alt: 173.176 m | Used SVs: 15
9297,526,0x020E,VEL NED,30,391258.900,Comp. Doppler | COG: 321.34 deg | SOG: 0.03 m/s | Horiz Vel: 0.01 m/s | Vert Vel: 0.03 m/s | EHVE: 0.09 m/s | EVVE: 0.09 m/s
9297,520,0x0208,DOPS,23,391258.900,HDOP: 0.8 | PDOP: 1.6
9297,524,0x020C,BASELINE NED,30,391258.900,RTK Fixed | N: 47.187 m | E: -198.650 m | D: 13.603 m | Baseline: 204.630 m
9297,528,0x0210,CORR AGE,14,391258.900,1.9 s
9297,65282,0xFF02,DGNSS STATUS,12,,RTK | Signals: 15 | Latency: 1.9 s | ""
9297,74,0x004A,OBS,257,391259.000,Msg 1 of 3 (14) [G12-L1CA:PCDAr:43.8] [G10-L1CA:PCDAr:44.3] [G13-L1CA:PCDAr:43.0] [G15-L1CA:PCDAr:48.5] [G17-L1CA:PCDAr:47.5] [G19-L1CA:PCDAr:46.0] [G22-L1CA:PCDAr:49.0] [G24-L1CA:PCDAr:53.0] [G23-L1CA:PCDAr:45.5] [G24-L2CM:PCDAr:49.3] [G15-L2CM:PCDAr:42.8] [G17-L2CM:PCDAr:43.8] [G12-L2CM:PCDAr:42.5] [G23-L2CM:PCDAr:43.3]
9297,74,0x004A,OBS,257,391259.000,Msg 2 of 3 (14) [G10-L2CM:PCDAr:47.0] [R11-L1OF:PCDAr:56.3] [R2-L1OF:PCDAr:52.3] [R1-L1OF:PCDAr:51.0] [R8-L1OF:PCDAr:44.8] [R20-L1OF:PCDAr:32.8] [R2-L2OF:PCDAr:42.0] [R11-L2OF:PCDAr:51.3] [R1-L2OF:PCDAr:44.3] [R8-L2OF:PCDAr:41.5] [B24-B1:PCDAr:53.3] [B10-B1:PCDAr:45.3] [B26-B1:PCDAr:52.5] [B33-B1:PCDAr:52.0]
9297,74,0x004A,OBS,189,391259.000,Msg 3 of 3 (10) [B35-B1:PCDAr:40.0] [B14-B1:PCDAr:47.5] [B10-B2:PCDAr:45.0] [B14-B2:PCDAr:51.3] [E4-E1B:PCDAr:51.5] [E19-E1B:PCDAr:41.5] [E21-E1B:PCDAr:51.3] [E4-E7I:PCDAr:51.5] [E19-E7I:PCDAr:40.3] [E21-E7I:PCDAr:51.0]
9297,117,0x0075,GLO BIASES,17,,L1C: 0.00 m | L1P: 0.00 m | L2C: 0.00 m | L2P: 0.00 m
9297,258,0x0102,GPS TIME,19,391259.000,Wk: 2293 | TOW ns: -74 | GNSS
9297,259,0x0103,UTC TIME,24,391259.000,2023-12-21 12:40:40.999 (GNSS) | UTC Offset: Decoded
9297,522,0x020A,POS LLA,42,391259.000,RTK Fixed | Lat: 45.5011055 deg | Lon: 9.1560316 deg | Alt: 173.174 m | Used SVs: 15
9297,526,0x020E,VEL NED,30,391259.000,Comp. Doppler | COG: 26.57 deg | SOG: 0.03 m/s | Horiz Vel: 0.01 m/s | Vert Vel: -0.03 m/s | EHVE: 0.09 m/s | EVVE: 0.09 m/s
9297,520,0x0208,DOPS,23,391259.000,HDOP: 0.8 | PDOP: 1.6
9297,524,0x020C,BASELINE NED,30,391259.000,RTK Fixed | N: 47.188 m | E: -198.650 m | D: 13.606 m | Baseline: 204.631 m
9297,528,0x0210,CORR AGE,14,391259.000,2.0 s
9297,65282,0xFF02,DGNSS STATUS,12,,RTK | Signals: 15 | Latency: 2.0 s | ""
0,74,0x004A,OBS,257,391258.000,Msg 3 of 3 (14) [B14-B1:PCDAr:48.8] [B10-B1:PCDAr:42.8] [B29-B1:PCDAr:46.5] [B10-B2:PCDAr:46.0] [B7-B2:PCDAr:41.3] [B14-B2:PCDAr:52.5] [E4-E1B:PCDAr:50.5] [E27-E1B:PCDAr:41.8] [E19-E1B:PCDAr:45.0] [E21-E1B:PCDAr:51.3] [E4-E7I:PCDAr:53.0] [E21-E7I:PCDAr:53.5] [E27-E7I:PCDAr:42.0] [E19-E7I:PCDAr:47.8]
0,72,0x0048,BASE POS ECEF,32,,X: 4421114.209 m | Y: 712784.166 m | Z: 4526655.471 m (Lat: 45.5006809 deg | Lon: 9.1585732 deg | Alt: 186.776 m)
9297,97,0x0061,MEAS STATE,245,,Total SVs: 19 | L1: 9 | L2: 6 | G1: 0 | G2: 0 | E1: 3 | E2: 3 | B1: 6 | B2: 2 | SBAS: 1
9297,258,0x0102,GPS TIME,19,391259.100,Wk: 2293 | TOW ns: -74 | GNSS
9297,259,0x0103,UTC TIME,24,391259.100,2023-12-21 12:40:41.099 (GNSS) | UTC Offset: Decoded
9297,522,0x020A,POS LLA,42,391259.100,RTK Fixed | Lat: 45.5011055 deg | Lon: 9.1560316 deg | Alt: 173.174 m | Used SVs: 15
9297,526,0x020E,VEL NED,30,391259.100,Comp. Doppler | COG: 258.69 deg | SOG: 0.01 m/s | Horiz Vel: 0.01 m/s | Vert Vel: -0.00 m/s | EHVE: 0.09 m/s | EVVE: 0.09 m/s
9297,520,0x0208,DOPS,23,391259.100,HDOP: 0.8 | PDOP: 1.6
9297,524,0x020C,BASELINE NED,30,391259.100,RTK Fixed | N: 47.188 m | E: -198.650 m | D: 13.605 m | Baseline: 204.630 m
9297,528,0x0210,CORR AGE,14,391259.100,2.1 s
9297,65282,0xFF02,DGNSS STATUS,12,,RTK | Signals: 15 | Latency: 2.1 s | ""
0,74,0x004A,OBS,257,391259.000,Msg 1 of 3 (14) [G10-L1CA:PCDAr:42.0] [G23-L1CA:PCDAr:45.5] [G15-L1CA:PCDAr:52.3] [G13-L1CA:PCDAr:49.3] [G14-L1CA:PCDAr:43.3] [G19-L1CA:PCDAr:50.8] [G24-L1CA:PCDAr:53.3] [G22-L1CA:PCDAr:47.8] [G17-L1CA:PCDAr:48.0] [G12-L1CA:PCDAr:51.3] [G10-L2CM:PCDAr:45.3] [G23-L2CM:PCDAr:44.8] [G24-L2CM:PCDAr:52.8] [G15-L2CM:PCDAr:48.8]
0,74,0x004A,OBS,257,391259.000,Msg 2 of 3 (14) [G14-L2CM:PCDAr:40.5] [G17-L2CM:PCDAr:46.3] [G12-L2CM:PCDAr:46.8] [R1-L1OF:PCDAr:51.5] [R8-L1OF:PCDAr:49.3] [R11-L1OF:PCDAr:56.3] [R10-L1OF:PCDAr:50.3] [R11-L2OF:PCDAr:51.8] [R1-L2OF:PCDAr:45.0] [B7-B1:PCDAr:42.8] [B35-B1:PCDAr:46.5] [B24-B1:PCDAr:53.8] [B33-B1:PCDAr:51.5] [B26-B1:PCDAr:54.5]
9297,258,0x0102,GPS TIME,19,391259.200,Wk: 2293 | TOW ns: -75 | GNSS
9297,259,0x0103,UTC TIME,24,391259.200,2023-12-21 12:40:41.199 (GNSS) | UTC Offset: Decoded
9297,522,0x020A,POS LLA,42,391259.200,RTK Fixed | Lat: 45.5011055 deg | Lon: 9.1560316 deg | Alt: 173.172 m | Used SVs: 15
9297,526,0x020E,VEL NED,30,391259.200,Comp. Doppler | COG: 154.54 deg | SOG: 0.03 m/s | Horiz Vel: 0.02 m/s | Vert Vel: -0.02 m/s | EHVE: 0.09 m/s | EVVE: 0.09 m/s
9297,520,0x0208,DOPS,23,391259.200,HDOP: 0.8 | PDOP: 1.6
9297,524,0x020C,BASELINE NED,30,391259.200,RTK Fixed | N: 47.186 m | E: -198.649 m | D: 13.608 m | Baseline: 204.629 m
9297,528,0x0210,CORR AGE,14,391259.200,2.2 s
9297,65282,0xFF02,DGNSS STATUS,12,,RTK | Signals: 15 | Latency: 2.2 s | ""
9297,258,0x0102,GPS TIME,19,391259.300,Wk: 2293 | TOW ns: -75 | GNSS
9297,259,0x0103,UTC TIME,24,391259.300,2023-12-21 12:40:41.299 (GNSS) | UTC Offset: Decoded
9297,522,0x020A,POS LLA,42,391259.300,RTK Fixed | Lat: 45.5011055 deg | Lon: 9.1560316 deg | Alt: 173.171 m | Used SVs: 15
9297,526,0x020E,VEL NED,30,391259.300,Comp. Doppler | COG: 11.31 deg | SOG: 0.01 m/s | Horiz Vel: 0.01 m/s | Vert Vel: 0.01 m/s | EHVE: 0.09 m/s | EVVE: 0.09 m/s
9297,520,0x0208,DOPS,23,391259.300,HDOP: 0.8 | PDOP: 1.6
9297,524,0x020C,BASELINE NED,30,391259.300,RTK Fixed | N: 47.188 m | E: -198.650 m | D: 13.609 m | Baseline: 204.631 m
9297,528,0x0210,CORR AGE,14,391259.300,1.3 s
9297,65282,0xFF02,DGNSS STATUS,12,,RTK | Signals: 15 | Latency: 1.3 s | ""
9297,30583,0x7777,SBAS RAW,42,,
9297,258,0x0102,GPS TIME,19,391259.400,Wk: 2293 | TOW ns: -75 | GNSS
9297,259,0x0103,UTC TIME,24,391259.400,2023-12-21 12:40:41.399 (GNSS) | UTC Offset: Decoded
9297,522,0x020A,POS LLA,42,391259.400,RTK Fixed | Lat: 45.5011055 deg | Lon: 9.1560316 deg | Alt: 173.173 m | Used SVs: 15
9297,526,0x020E,VEL NED,30,391259.400,Comp. Doppler | COG: 262.87 deg | SOG: 0.02 m/s | Horiz Vel: 0.01 m/s | Vert Vel: 0.02 m/s | EHVE: 0.09 m/s | EVVE: 0.09 m/s
9297,520,0x0208,DOPS,23,391259.400,HDOP: 0.8 | PDOP: 1.6
9297,524,0x020C,BASELINE NED,30,391259.400,RTK Fixed | N: 47.188 m | E: -198.650 m | D: 13.607 m | Baseline: 204.631 m
9297,528,0x0210,CORR AGE,14,391259.400,1.4 s
9297,65282,0xFF02,DGNSS STATUS,12,,RTK | Signals: 15 | Latency: 1.4 s | ""
9297,151,0x0097,SV AZ EL,116,,(27) [G10 310 18] [G12 228 37] [G13 148 34] [G14 54 10] [G15 194 56] [G17 62 33] [G19 96 40] [G22 52 30] [G23 272 23] [G24 312 72] [G25 234 3] [R1 292 55] [R2 334 14] [R8 196 42] [R9 62 9] [R11 288 59] [R12 254 8] [R20 92 16] [B10 54 29] [B14 244 46] [B24 276 58] [B26 58 64] [B33 282 42] [B35 108 24] [E4 296 55] [E19 168 53] [E21 54 64]
9297,117,0x0075,GLO BIASES,17,,L1C: 0.00 m | L1P: 0.00 m | L2C: 0.00 m | L2P: 0.00 m
9297,65535,0xFFFF,HEARTBEAT,12,,ANT OK | NAP OK | IO OK | SYS OK
9297,258,0x0102,GPS TIME,19,391259.500,Wk: 2293 | TOW ns: -76 | GNSS
9297,259,0x0103,UTC TIME,24,391259.500,2023-12-21 12:40:41.499 (GNSS) | UTC Offset: Decoded
9297,522,0x020A,POS LLA,42,391259.500,RTK Fixed | Lat: 45.5011055 deg | Lon: 9.1560316 deg | Alt: 173.169 m | Used SVs: 15
9297,526,0x020E,VEL NED,30,391259.500,Comp. Doppler | COG: 156.80 deg | SOG: 0.04 m/s | Horiz Vel: 0.01 m/s | Vert Vel: -0.04 m/s | EHVE: 0.09 m/s | EVVE: 0.09 m/s
9297,520,0x0208,DOPS,23,391259.500,HDOP: 0.8 | PDOP: 1.6
9297,524,0x020C,BASELINE NED,30,391259.500,RTK Fixed | N: 47.187 m | E: -198.650 m | D: 13.610 m | Baseline: 204.631 m
9297,528,0x0210,CORR AGE,14,391259.500,1.5 s
9297,65282,0xFF02,DGNSS STATUS,12,,RTK | Signals: 15 | Latency: 1.5 s | ""
9297,97,0x0061,MEAS STATE,245,,Total SVs: 23 | L1: 9 | L2: 6 | G1: 5 | G2: 4 | E1: 3 | E2: 3 | B1: 6 | B2: 2 | SBAS: 1
9297,258,0x0102,GPS TIME,19,391259.600,Wk: 2293 | TOW ns: -76 | GNSS
9297,259,0x0103,UTC TIME,24,391259.600,2023-12-21 12:40:41.599 (GNSS) | UTC Offset: Decoded
9297,522,0x020A,POS LLA,42,391259.600,RTK Fixed | Lat: 45.5011055 deg | Lon: 9.1560316 deg | Alt: 173.171 m | Used SVs: 15
9297,526,0x020E,VEL NED,30,391259.600,Comp. Doppler | COG: 135.00 deg | SOG: 0.01 m/s | Horiz Vel: 0.00 m/s | Vert Vel: 0.01 m/s | EHVE: 0.09 m/s | EVVE: 0.09 m/s
9297,520,0x0208,DOPS,23,391259.600,HDOP: 0.8 | PDOP: 1.6
9297,524,0x020C,BASELINE NED,30,391259.600,RTK Fixed | N: 47.187 m | E: -198.650 m | D: 13.609 m | Baseline: 204.630 m
9297,528,0x0210,CORR AGE,14,391259.600,1.6 s
9297,65282,0xFF02,DGNSS STATUS,12,,RTK | Signals: 15 | Latency: 1.6 s | ""
9297,258,0x0102,GPS TIME,19,391259.700,Wk: 2293 | TOW ns: -77 | GNSS
9297,259,0x0103,UTC TIME,24,391259.700,2023-12-21 12:40:41.699 (GNSS) | UTC Offset: Decoded
9297,522,0x020A,POS LLA,42,391259.700,RTK Fixed | Lat: 45.5011055 deg | Lon: 9.1560316 deg | Alt: 173.172 m | Used SVs: 15
9297,526,0x020E,VEL NED,30,391259.700,Comp. Doppler | COG: 336.80 deg | SOG: 0.01 m/s | Horiz Vel: 0.01 m/s | Vert Vel: 0.01 m/s | EHVE: 0.09 m/s | EVVE: 0.09 m/s
9297,520,0x0208,DOPS,23,391259.700,HDOP: 0.8 | PDOP: 1.6
9297,524,0x020C,BASELINE NED,30,391259.700,RTK Fixed | N: 47.187 m | E: -198.650 m | D: 13.608 m | Baseline: 204.630 m
9297,528,0x0210,CORR AGE,14,391259.700,1.7 s
9297,65282,0xFF02,DGNSS STATUS,12,,RTK | Signals: 15 | Latency: 1.7 s | ""
9297,258,0x0102,GPS TIME,19,391259.800,Wk: 2293 | TOW ns: -71 | GNSS
9297,259,0x0103,UTC TIME,24,391259.800,2023-12-21 12:40:41.799 (GNSS) | UTC Offset: Decoded
9297,522,0x020A,POS LLA,42,391259.800,RTK Fixed | Lat: 45.5011055 deg | Lon: 9.1560316 deg | Alt: 173.172 m | Used SVs: 15
9297,526,0x020E,VEL NED,30,391259.800,Comp. Doppler | COG: 11.31 deg | SOG: 0.01 m/s | Horiz Vel: 0.01 m/s | Vert Vel: -0.00 m/s | EHVE: 0.09 m/s | EVVE: 0.09 m/s
9297,520,0x0208,DOPS,23,391259.800,HDOP: 0.8 | PDOP: 1.6
9297,524,0x020C,BASELINE NED,30,391259.800,RTK Fixed | N: 47.189 m | E: -198.650 m | D: 13.608 m | Baseline: 204.631 m
9297,528,0x0210,CORR AGE,14,391259.800,1.8 s
9297,65282,0xFF02,DGNSS STATUS,12,,RTK | Signals: 15 | Latency: 1.8 s | ""
9297,258,0x0102,GPS TIME,19,391259.900,Wk: 2293 | TOW ns: -71 | GNSS
9297,259,0x0103,UTC TIME,24,391259.900,2023-12-21 12:40:41.899 (GNSS) | UTC Offset: Decoded
9297,522,0x020A,POS LLA,42,391259.900,RTK Fixed | Lat: 45.5011055 deg | Lon: 9.1560316 deg | Alt: 173.172 m | Used SVs: 15
9297,526,0x020E,VEL NED,30,391259.900,Comp. Doppler | COG: 190.01 deg | SOG: 0.02 m/s | Horiz Vel: 0.02 m/s | Vert Vel: -0.00 m/s | EHVE: 0.09 m/s | EVVE: 0.09 m/s
9297,520,0x0208,DOPS,23,391259.900,HDOP: 0.8 | PDOP: 1.6
9297,524,0x020C,BASELINE NED,30,391259.900,RTK Fixed | N: 47.187 m | E: -198.650 m | D: 13.608 m | Baseline: 204.630 m
9297,528,0x0210,CORR AGE,14,391259.900,1.9 s
9297,65282,0xFF02,DGNSS STATUS,12,,RTK | Signals: 15 | Latency: 1.9 s | ""
9297,74,0x004A,OBS,257,391260.000,Msg 1 of 3 (14) [G12-L1CA:PCDAr:44.3] [G10-L1CA:PCDAr:44.5] [G13-L1CA:PCDAr:43.5] [G15-L1CA:PCDAr:49.0] [G17-L1CA:PCDAr:48.0] [G19-L1CA:PCDAr:46.3] [G22-L1CA:PCDAr:49.3] [G24-L1CA:PCDAr:53.5] [G23-L1CA:PCDAr:46.0] [G24-L2CM:PCDAr:49.3] [G15-L2CM:PCDAr:42.8] [G17-L2CM:PCDAr:43.8] [G12-L2CM:PCDAr:42.8] [G23-L2CM:PCDAr:43.3]
9297,74,0x004A,OBS,257,391260.000,Msg 2 of 3 (14) [G10-L2CM:PCDAr:46.8] [R11-L1OF:PCDAr:56.3] [R2-L1OF:PCDAr:52.0] [R1-L1OF:PCDAr:51.0] [R8-L1OF:PCDAr:44.8] [R2-L2OF:PCDAr:42.0] [R11-L2OF:PCDAr:51.3] [R1-L2OF:PCDAr:44.0] [R8-L2OF:PCDAr:41.3] [B24-B1:PCDAr:53.3] [B10-B1:PCDAr:45.0] [B26-B1:PCDAr:52.3] [B33-B1:PCDAr:52.0] [B35-B1:PCDAr:40.0]
9297,74,0x004A,OBS,172,391260.000,Msg 3 of 3 (9) [B14-B1:PCDAr:47.5] [B10-B2:PCDAr:44.8] [B14-B2:PCDAr:51.3] [E4-E1B:PCDAr:51.3] [E19-E1B:PCDAr:41.5] [E21-E1B:PCDAr:51.0] [E4-E7I:PCDAr:51.5] [E19-E7I:PCDAr:40.3] [E21-E7I:PCDAr:51.3]
9297,117,0x0075,GLO BIASES,17,,L1C: 0.00 m | L1P: 0.00 m | L2C: 0.00 m | L2P: 0.00 m
9297,258,0x0102,GPS TIME,19,391260.000,Wk: 2293 | TOW ns: -72 | GNSS
9297,259,0x0103,UTC TIME,24,391260.000,2023-12-21 12:40:41.999 (GNSS) | UTC Offset: Decoded
9297,522,0x020A,POS LLA,42,391260.000,RTK Fixed | Lat: 45.5011055 deg | Lon: 9.1560316 deg | Alt: 173.173 m | Used SVs: 15
9297,526,0x020E,VEL NED,30,391260.000,Comp. Doppler | COG: 110.56 deg | SOG: 0.01 m/s | Horiz Vel: 0.01 m/s | Vert Vel: 0.01 m/s | EHVE: 0.09 m/s | EVVE: 0.09 m/s
9297,520,0x0208,DOPS,23,391260.000,HDOP: 0.8 | PDOP: 1.6
9297,524,0x020C,BASELINE NED,30,391260.000,RTK Fixed | N: 47.187 m | E: -198.650 m | D: 13.607 m | Baseline: 204.630 m
9297,528,0x0210,CORR AGE,14,391260.000,2.0 s
9297,65282,0xFF02,DGNSS STATUS,12,,RTK | Signals: 15 | Latency: 2.0 s | ""
9297,97,0x0061,MEAS STATE,245,,Total SVs: 19 | L1: 9 | L2: 6 | G1: 0 | G2: 0 | E1: 3 | E2: 3 | B1: 6 | B2: 2 | SBAS: 1
9297,258,0x0102,GPS TIME,19,391260.100,Wk: 2293 | TOW ns: -72 | GNSS
9297,259,0x0103,UTC TIME,24,391260.100,2023-12-21 12:40:42.099 (GNSS) | UTC Offset: Decoded
9297,522,0x020A,POS LLA,42,391260.100,RTK Fixed | Lat: 45.5011055 deg | Lon: 9.1560316 deg | Alt: 173.170 m | Used SVs: 15
9297,526,0x020E,VEL NED,30,391260.100,Comp. Doppler | COG: 84.29 deg | SOG: 0.03 m/s | Horiz Vel: 0.01 m/s | Vert Vel: -0.03 m/s | EHVE: 0.09 m/s | EVVE: 0.09 m/s
9297,520,0x0208,DOPS,23,391260.100,HDOP: 0.8 | PDOP: 1.6
9297,524,0x020C,BASELINE NED,30,391260.100,RTK Fixed | N: 47.187 m | E: -198.649 m | D: 13.610 m | Baseline: 204.630 m
9297,528,0x0210,CORR AGE,14,391260.100,2.1 s
9297,65282,0xFF02,DGNSS STATUS,12,,RTK | Signals: 15 | Latency: 2.1 s | ""
0,74,0x004A,OBS,257,391259.000,Msg 3 of 3 (14) [B14-B1:PCDAr:49.0] [B10-B1:PCDAr:43.0] [B29-B1:PCDAr:46.8] [B10-B2:PCDAr:45.5] [B7-B2:PCDAr:40.8] [B14-B2:PCDAr:52.3] [E4-E1B:PCDAr:50.3] [E27-E1B:PCDAr:41.5] [E19-E1B:PCDAr:45.0] [E21-E1B:PCDAr:51.3] [E4-E7I:PCDAr:53.0] [E21-E7I:PCDAr:53.5] [E27-E7I:PCDAr:41.8] [E19-E7I:PCDAr:47.8]
0,72,0x0048,BASE POS ECEF,32,,X: 4421114.209 m | Y: 712784.166 m | Z: 4526655.471 m (Lat: 45.5006809 deg | Lon: 9.1585732 deg | Alt: 186.776 m)
0,74,0x004A,OBS,257,391260.000,Msg 1 of 3 (14) [G10-L1CA:PCDAr:41.8] [G23-L1CA:PCDAr:45.5] [G15-L1CA:PCDAr:52.0] [G13-L1CA:PCDAr:49.3] [G14-L1CA:PCDAr:43.0] [G19-L1CA:PCDAr:50.8] [G24-L1CA:PCDAr:53.3] [G22-L1CA:PCDAr:47.8] [G17-L1CA:PCDAr:48.0] [G12-L1CA:PCDAr:51.0] [G10-L2CM:PCDAr:45.0] [G23-L2CM:PCDAr:44.5] [G24-L2CM:PCDAr:52.5] [G15-L2CM:PCDAr:48.5]
0,74,0x004A,OBS,257,391260.000,Msg 2 of 3 (14) [G14-L2CM:PCDAr:40.3] [G17-L2CM:PCDAr:46.3] [G12-L2CM:PCDAr:46.5] [R1-L1OF:PCDAr:51.5] [R8-L1OF:PCDAr:49.3] [R11-L1OF:PCDAr:56.3] [R10-L1OF:PCDAr:50.3] [R11-L2OF:PCDAr:51.8] [R1-L2OF:PCDAr:45.0] [B7-B1:PCDAr:42.8] [B35-B1:PCDAr:46.5] [B24-B1:PCDAr:54.0] [B33-B1:PCDAr:51.8] [B26-B1:PCDAr:54.5]
